event_id,is_anomaly,attack_type
EVT-0000001,0,normal
EVT-0000002,0,normal
EVT-0000003,0,normal
EVT-0000004,0,normal
EVT-0000005,0,normal
EVT-0000006,0,normal
EVT-0000007,0,normal
EVT-0000008,0,normal
EVT-0000009,0,normal
EVT-0000010,0,normal
EVT-0000011,0,normal
EVT-0000012,0,normal
EVT-0000013,0,normal
EVT-0000014,0,normal
EVT-0000015,0,normal
EVT-0000016,0,normal
EVT-0000017,0,normal
EVT-0000018,0,normal
EVT-0000019,0,normal
EVT-0000020,0,normal
EVT-0000021,0,normal
EVT-0000022,0,normal
EVT-0000023,0,normal
EVT-0000024,0,normal
EVT-0000025,0,normal
EVT-0000026,0,normal
EVT-0000027,0,normal
EVT-0000028,0,normal
EVT-0000029,0,normal
EVT-0000030,0,normal
EVT-0000031,0,normal
EVT-0000032,0,normal
EVT-0000033,0,normal
EVT-0000034,0,normal
EVT-0000035,0,normal
EVT-0000036,0,normal
EVT-0000037,0,normal
EVT-0000038,0,normal
EVT-0000039,0,normal
EVT-0000040,0,normal
EVT-0000041,0,normal
EVT-0000042,0,normal
EVT-0000043,0,normal
EVT-0000044,0,normal
EVT-0000045,0,normal
EVT-0000046,0,normal
EVT-0000047,0,normal
EVT-0000048,0,normal
EVT-0000049,0,normal
EVT-0000050,0,normal
EVT-0000051,0,normal
EVT-0000052,0,normal
EVT-0000053,0,normal
EVT-0000054,0,normal
EVT-0000055,0,normal
EVT-0000056,0,normal
EVT-0000057,0,normal
EVT-0000058,0,normal
EVT-0000059,0,normal
EVT-0000060,0,normal
EVT-0000061,0,normal
EVT-0000062,0,normal
EVT-0000063,0,normal
EVT-0000064,0,normal
EVT-0000065,0,normal
EVT-0000066,1,device_spoofing
EVT-0000067,0,normal
EVT-0000068,0,normal
EVT-0000069,0,normal
EVT-0000070,0,normal
EVT-0000071,0,normal
EVT-0000072,0,normal
EVT-0000073,0,normal
EVT-0000074,0,normal
EVT-0000075,0,normal
EVT-0000076,0,normal
EVT-0000077,0,normal
EVT-0000078,0,normal
EVT-0000079,0,normal
EVT-0000080,0,normal
EVT-0000081,0,normal
EVT-0000082,0,normal
EVT-0000083,0,normal
EVT-0000084,0,normal
EVT-0000085,0,normal
EVT-0000086,0,normal
EVT-0000087,0,normal
EVT-0000088,0,normal
EVT-0000089,0,normal
EVT-0000090,0,normal
EVT-0000091,0,normal
EVT-0000092,0,normal
EVT-0000093,0,normal
EVT-0000094,0,normal
EVT-0000095,0,normal
EVT-0000096,0,normal
EVT-0000097,0,normal
EVT-0000098,0,normal
EVT-0000099,0,normal
EVT-0000100,0,normal
EVT-0000101,0,normal
EVT-0000102,0,normal
EVT-0000103,0,normal
EVT-0000104,0,normal
EVT-0000105,0,normal
EVT-0000106,0,normal
EVT-0000107,0,normal
EVT-0000108,0,normal
EVT-0000109,0,normal
EVT-0000110,0,normal
EVT-0000111,0,normal
EVT-0000112,0,normal
EVT-0000113,0,normal
EVT-0000114,0,normal
EVT-0000115,0,normal
EVT-0000116,0,normal
EVT-0000117,0,normal
EVT-0000118,0,normal
EVT-0000119,0,normal
EVT-0000120,0,normal
EVT-0000121,0,normal
EVT-0000122,0,normal
EVT-0000123,0,normal
EVT-0000124,0,normal
EVT-0000125,0,normal
EVT-0000126,0,normal
EVT-0000127,0,normal
EVT-0000128,0,normal
EVT-0000129,0,normal
EVT-0000130,0,normal
EVT-0000131,0,normal
EVT-0000132,0,normal
EVT-0000133,0,normal
EVT-0000134,0,normal
EVT-0000135,0,normal
EVT-0000136,0,normal
EVT-0000137,0,normal
EVT-0000138,0,normal
EVT-0000139,0,normal
EVT-0000140,0,normal
EVT-0000141,0,normal
EVT-0000142,0,normal
EVT-0000143,0,normal
EVT-0000144,0,normal
EVT-0000145,0,normal
EVT-0000146,0,normal
EVT-0000147,0,normal
EVT-0000148,0,normal
EVT-0000149,0,normal
EVT-0000150,0,normal
EVT-0000151,0,normal
EVT-0000152,0,normal
EVT-0000153,0,normal
EVT-0000154,0,normal
EVT-0000155,0,normal
EVT-0000156,0,normal
EVT-0000157,0,normal
EVT-0000158,0,normal
EVT-0000159,0,normal
EVT-0000160,0,normal
EVT-0000161,0,normal
EVT-0000162,0,normal
EVT-0000163,0,normal
EVT-0000164,0,normal
EVT-0000165,0,normal
EVT-0000166,0,normal
EVT-0000167,0,normal
EVT-0000168,0,normal
EVT-0000169,0,normal
EVT-0000170,0,normal
EVT-0000171,0,normal
EVT-0000172,0,normal
EVT-0000173,0,normal
EVT-0000174,0,normal
EVT-0000175,0,normal
EVT-0000176,0,normal
EVT-0000177,0,normal
EVT-0000178,0,normal
EVT-0000179,0,normal
EVT-0000180,0,normal
EVT-0000181,0,normal
EVT-0000182,0,normal
EVT-0000183,0,normal
EVT-0000184,0,normal
EVT-0000185,0,normal
EVT-0000186,0,normal
EVT-0000187,0,normal
EVT-0000188,0,normal
EVT-0000189,0,normal
EVT-0000190,0,normal
EVT-0000191,0,normal
EVT-0000192,0,normal
EVT-0000193,0,normal
EVT-0000194,0,normal
EVT-0000195,0,normal
EVT-0000196,0,normal
EVT-0000197,0,normal
EVT-0000198,0,normal
EVT-0000199,0,normal
EVT-0000200,0,normal
EVT-0000201,0,normal
EVT-0000202,0,normal
EVT-0000203,0,normal
EVT-0000204,0,normal
EVT-0000205,1,brute_force
EVT-0000206,1,brute_force
EVT-0000207,1,brute_force
EVT-0000208,0,normal
EVT-0000209,1,brute_force
EVT-0000210,0,normal
EVT-0000211,0,normal
EVT-0000212,1,brute_force
EVT-0000213,1,brute_force
EVT-0000214,1,brute_force
EVT-0000215,1,brute_force
EVT-0000216,1,brute_force
EVT-0000217,1,brute_force
EVT-0000218,0,normal
EVT-0000219,0,normal
EVT-0000220,1,brute_force
EVT-0000221,0,normal
EVT-0000222,0,normal
EVT-0000223,1,brute_force
EVT-0000224,0,normal
EVT-0000225,0,normal
EVT-0000226,0,normal
EVT-0000227,0,normal
EVT-0000228,0,normal
EVT-0000229,0,normal
EVT-0000230,0,normal
EVT-0000231,0,normal
EVT-0000232,0,normal
EVT-0000233,0,normal
EVT-0000234,0,normal
EVT-0000235,0,normal
EVT-0000236,0,normal
EVT-0000237,0,normal
EVT-0000238,0,normal
EVT-0000239,0,normal
EVT-0000240,0,normal
EVT-0000241,0,normal
EVT-0000242,0,normal
EVT-0000243,0,normal
EVT-0000244,0,normal
EVT-0000245,0,normal
EVT-0000246,0,normal
EVT-0000247,0,normal
EVT-0000248,0,normal
EVT-0000249,0,normal
EVT-0000250,0,normal
EVT-0000251,0,normal
EVT-0000252,0,normal
EVT-0000253,0,normal
EVT-0000254,0,normal
EVT-0000255,0,normal
EVT-0000256,0,normal
EVT-0000257,0,normal
EVT-0000258,0,normal
EVT-0000259,0,normal
EVT-0000260,0,normal
EVT-0000261,0,normal
EVT-0000262,0,normal
EVT-0000263,0,normal
EVT-0000264,0,normal
EVT-0000265,0,normal
EVT-0000266,0,normal
EVT-0000267,0,normal
EVT-0000268,0,normal
EVT-0000269,0,normal
EVT-0000270,0,normal
EVT-0000271,0,normal
EVT-0000272,0,normal
EVT-0000273,0,normal
EVT-0000274,0,normal
EVT-0000275,0,normal
EVT-0000276,0,normal
EVT-0000277,0,normal
EVT-0000278,0,normal
EVT-0000279,0,normal
EVT-0000280,0,normal
EVT-0000281,0,normal
EVT-0000282,0,normal
EVT-0000283,0,normal
EVT-0000284,0,normal
EVT-0000285,0,normal
EVT-0000286,0,normal
EVT-0000287,0,normal
EVT-0000288,0,normal
EVT-0000289,0,normal
EVT-0000290,0,normal
EVT-0000291,0,normal
EVT-0000292,0,normal
EVT-0000293,0,normal
EVT-0000294,0,normal
EVT-0000295,0,normal
EVT-0000296,0,normal
EVT-0000297,0,normal
EVT-0000298,0,normal
EVT-0000299,0,normal
EVT-0000300,0,normal
EVT-0000301,0,normal
EVT-0000302,0,normal
EVT-0000303,0,normal
EVT-0000304,0,normal
EVT-0000305,0,normal
EVT-0000306,0,normal
EVT-0000307,0,normal
EVT-0000308,0,normal
EVT-0000309,0,normal
EVT-0000310,0,normal
EVT-0000311,0,normal
EVT-0000312,0,normal
EVT-0000313,0,normal
EVT-0000314,0,normal
EVT-0000315,0,normal
EVT-0000316,0,normal
EVT-0000317,0,normal
EVT-0000318,0,normal
EVT-0000319,0,normal
EVT-0000320,0,normal
EVT-0000321,0,normal
EVT-0000322,0,normal
EVT-0000323,0,normal
EVT-0000324,0,normal
EVT-0000325,0,normal
EVT-0000326,0,normal
EVT-0000327,0,normal
EVT-0000328,0,normal
EVT-0000329,0,normal
EVT-0000330,0,normal
EVT-0000331,0,normal
EVT-0000332,0,normal
EVT-0000333,0,normal
EVT-0000334,0,normal
EVT-0000335,0,normal
EVT-0000336,0,normal
EVT-0000337,0,normal
EVT-0000338,0,normal
EVT-0000339,0,normal
EVT-0000340,0,normal
EVT-0000341,0,normal
EVT-0000342,0,normal
EVT-0000343,0,normal
EVT-0000344,0,normal
EVT-0000345,0,normal
EVT-0000346,0,normal
EVT-0000347,0,normal
EVT-0000348,0,normal
EVT-0000349,0,normal
EVT-0000350,0,normal
EVT-0000351,0,normal
EVT-0000352,0,normal
EVT-0000353,0,normal
EVT-0000354,0,normal
EVT-0000355,0,normal
EVT-0000356,0,normal
EVT-0000357,0,normal
EVT-0000358,0,normal
EVT-0000359,0,normal
EVT-0000360,0,normal
EVT-0000361,1,low_slow_exfiltration
EVT-0000362,0,normal
EVT-0000363,0,normal
EVT-0000364,0,normal
EVT-0000365,0,normal
EVT-0000366,0,normal
EVT-0000367,0,normal
EVT-0000368,0,normal
EVT-0000369,0,normal
EVT-0000370,0,normal
EVT-0000371,0,normal
EVT-0000372,0,normal
EVT-0000373,0,normal
EVT-0000374,0,normal
EVT-0000375,0,normal
EVT-0000376,0,normal
EVT-0000377,0,normal
EVT-0000378,0,normal
EVT-0000379,0,normal
EVT-0000380,0,normal
EVT-0000381,0,normal
EVT-0000382,0,normal
EVT-0000383,0,normal
EVT-0000384,0,normal
EVT-0000385,0,normal
EVT-0000386,0,normal
EVT-0000387,0,normal
EVT-0000388,0,normal
EVT-0000389,0,normal
EVT-0000390,0,normal
EVT-0000391,0,normal
EVT-0000392,0,normal
EVT-0000393,0,normal
EVT-0000394,0,normal
EVT-0000395,0,normal
EVT-0000396,0,normal
EVT-0000397,0,normal
EVT-0000398,0,normal
EVT-0000399,0,normal
EVT-0000400,0,normal
EVT-0000401,0,normal
EVT-0000402,0,normal
EVT-0000403,0,normal
EVT-0000404,0,normal
EVT-0000405,0,normal
EVT-0000406,0,normal
EVT-0000407,0,normal
EVT-0000408,0,normal
EVT-0000409,0,normal
EVT-0000410,0,normal
EVT-0000411,0,normal
EVT-0000412,0,normal
EVT-0000413,0,normal
EVT-0000414,0,normal
EVT-0000415,0,normal
EVT-0000416,0,normal
EVT-0000417,0,normal
EVT-0000418,0,normal
EVT-0000419,0,normal
EVT-0000420,0,normal
EVT-0000421,0,normal
EVT-0000422,0,normal
EVT-0000423,0,normal
EVT-0000424,0,normal
EVT-0000425,0,normal
EVT-0000426,0,normal
EVT-0000427,0,normal
EVT-0000428,0,normal
EVT-0000429,0,normal
EVT-0000430,0,normal
EVT-0000431,0,normal
EVT-0000432,0,normal
EVT-0000433,0,normal
EVT-0000434,0,normal
EVT-0000435,0,normal
EVT-0000436,0,normal
EVT-0000437,0,normal
EVT-0000438,0,normal
EVT-0000439,0,normal
EVT-0000440,0,normal
EVT-0000441,0,normal
EVT-0000442,0,normal
EVT-0000443,0,normal
EVT-0000444,0,normal
EVT-0000445,0,normal
EVT-0000446,0,normal
EVT-0000447,0,normal
EVT-0000448,0,normal
EVT-0000449,0,normal
EVT-0000450,0,normal
EVT-0000451,0,normal
EVT-0000452,0,normal
EVT-0000453,0,normal
EVT-0000454,0,normal
EVT-0000455,0,normal
EVT-0000456,0,normal
EVT-0000457,0,normal
EVT-0000458,0,normal
EVT-0000459,0,normal
EVT-0000460,0,normal
EVT-0000461,0,normal
EVT-0000462,0,normal
EVT-0000463,0,normal
EVT-0000464,0,normal
EVT-0000465,0,normal
EVT-0000466,0,normal
EVT-0000467,0,normal
EVT-0000468,0,normal
EVT-0000469,0,normal
EVT-0000470,0,normal
EVT-0000471,0,normal
EVT-0000472,0,normal
EVT-0000473,0,normal
EVT-0000474,0,normal
EVT-0000475,0,normal
EVT-0000476,0,normal
EVT-0000477,0,normal
EVT-0000478,0,normal
EVT-0000479,0,normal
EVT-0000480,1,impossible_travel
EVT-0000481,0,normal
EVT-0000482,0,normal
EVT-0000483,0,normal
EVT-0000484,0,normal
EVT-0000485,0,normal
EVT-0000486,0,normal
EVT-0000487,0,normal
EVT-0000488,0,normal
EVT-0000489,0,normal
EVT-0000490,0,normal
EVT-0000491,0,normal
EVT-0000492,0,normal
EVT-0000493,0,normal
EVT-0000494,0,normal
EVT-0000495,0,normal
EVT-0000496,0,normal
EVT-0000497,0,normal
EVT-0000498,0,normal
EVT-0000499,0,normal
EVT-0000500,0,normal
EVT-0000501,0,normal
EVT-0000502,0,normal
EVT-0000503,0,normal
EVT-0000504,0,normal
EVT-0000505,0,normal
EVT-0000506,0,normal
EVT-0000507,0,normal
EVT-0000508,0,normal
EVT-0000509,0,normal
EVT-0000510,0,normal
EVT-0000511,0,normal
EVT-0000512,0,normal
EVT-0000513,0,normal
EVT-0000514,0,normal
EVT-0000515,0,normal
EVT-0000516,0,normal
EVT-0000517,0,normal
EVT-0000518,0,normal
EVT-0000519,0,normal
EVT-0000520,0,normal
EVT-0000521,0,normal
EVT-0000522,0,normal
EVT-0000523,0,normal
EVT-0000524,0,normal
EVT-0000525,0,normal
EVT-0000526,0,normal
EVT-0000527,0,normal
EVT-0000528,0,normal
EVT-0000529,0,normal
EVT-0000530,0,normal
EVT-0000531,0,normal
EVT-0000532,0,normal
EVT-0000533,0,normal
EVT-0000534,0,normal
EVT-0000535,0,normal
EVT-0000536,0,normal
EVT-0000537,0,normal
EVT-0000538,0,normal
EVT-0000539,0,normal
EVT-0000540,0,normal
EVT-0000541,0,normal
EVT-0000542,0,normal
EVT-0000543,0,normal
EVT-0000544,0,normal
EVT-0000545,0,normal
EVT-0000546,0,normal
EVT-0000547,0,normal
EVT-0000548,0,normal
EVT-0000549,0,normal
EVT-0000550,0,normal
EVT-0000551,0,normal
EVT-0000552,0,normal
EVT-0000553,0,normal
EVT-0000554,0,normal
EVT-0000555,0,normal
EVT-0000556,0,normal
EVT-0000557,0,normal
EVT-0000558,0,normal
EVT-0000559,0,normal
EVT-0000560,0,normal
EVT-0000561,0,normal
EVT-0000562,0,normal
EVT-0000563,0,normal
EVT-0000564,0,normal
EVT-0000565,0,normal
EVT-0000566,0,normal
EVT-0000567,0,normal
EVT-0000568,0,normal
EVT-0000569,0,normal
EVT-0000570,0,normal
EVT-0000571,0,normal
EVT-0000572,0,normal
EVT-0000573,0,normal
EVT-0000574,0,normal
EVT-0000575,0,normal
EVT-0000576,0,normal
EVT-0000577,0,normal
EVT-0000578,0,normal
EVT-0000579,0,normal
EVT-0000580,0,normal
EVT-0000581,0,normal
EVT-0000582,0,normal
EVT-0000583,0,normal
EVT-0000584,0,normal
EVT-0000585,0,normal
EVT-0000586,0,normal
EVT-0000587,0,normal
EVT-0000588,0,normal
EVT-0000589,0,normal
EVT-0000590,0,normal
EVT-0000591,0,normal
EVT-0000592,0,normal
EVT-0000593,0,normal
EVT-0000594,0,normal
EVT-0000595,0,normal
EVT-0000596,0,normal
EVT-0000597,0,normal
EVT-0000598,0,normal
EVT-0000599,0,normal
EVT-0000600,0,normal
EVT-0000601,0,normal
EVT-0000602,0,normal
EVT-0000603,0,normal
EVT-0000604,0,normal
EVT-0000605,0,normal
EVT-0000606,0,normal
EVT-0000607,0,normal
EVT-0000608,0,normal
EVT-0000609,0,normal
EVT-0000610,0,normal
EVT-0000611,0,normal
EVT-0000612,0,normal
EVT-0000613,0,normal
EVT-0000614,0,normal
EVT-0000615,0,normal
EVT-0000616,0,normal
EVT-0000617,0,normal
EVT-0000618,0,normal
EVT-0000619,0,normal
EVT-0000620,0,normal
EVT-0000621,0,normal
EVT-0000622,0,normal
EVT-0000623,0,normal
EVT-0000624,0,normal
EVT-0000625,0,normal
EVT-0000626,0,normal
EVT-0000627,0,normal
EVT-0000628,0,normal
EVT-0000629,0,normal
EVT-0000630,0,normal
EVT-0000631,0,normal
EVT-0000632,0,normal
EVT-0000633,0,normal
EVT-0000634,0,normal
EVT-0000635,0,normal
EVT-0000636,0,normal
EVT-0000637,0,normal
EVT-0000638,0,normal
EVT-0000639,0,normal
EVT-0000640,0,normal
EVT-0000641,0,normal
EVT-0000642,0,normal
EVT-0000643,0,normal
EVT-0000644,0,normal
EVT-0000645,0,normal
EVT-0000646,0,normal
EVT-0000647,0,normal
EVT-0000648,0,normal
EVT-0000649,0,normal
EVT-0000650,0,normal
EVT-0000651,0,normal
EVT-0000652,0,normal
EVT-0000653,0,normal
EVT-0000654,0,normal
EVT-0000655,0,normal
EVT-0000656,0,normal
EVT-0000657,0,normal
EVT-0000658,0,normal
EVT-0000659,0,normal
EVT-0000660,0,normal
EVT-0000661,0,normal
EVT-0000662,0,normal
EVT-0000663,0,normal
EVT-0000664,0,normal
EVT-0000665,0,normal
EVT-0000666,0,normal
EVT-0000667,0,normal
EVT-0000668,0,normal
EVT-0000669,0,normal
EVT-0000670,0,normal
EVT-0000671,0,normal
EVT-0000672,0,normal
EVT-0000673,0,normal
EVT-0000674,0,normal
EVT-0000675,0,normal
EVT-0000676,0,normal
EVT-0000677,0,normal
EVT-0000678,0,normal
EVT-0000679,0,normal
EVT-0000680,0,normal
EVT-0000681,0,normal
EVT-0000682,0,normal
EVT-0000683,0,normal
EVT-0000684,0,normal
EVT-0000685,0,normal
EVT-0000686,0,normal
EVT-0000687,0,normal
EVT-0000688,0,normal
EVT-0000689,0,normal
EVT-0000690,0,normal
EVT-0000691,0,normal
EVT-0000692,0,normal
EVT-0000693,0,normal
EVT-0000694,0,normal
EVT-0000695,0,normal
EVT-0000696,0,normal
EVT-0000697,0,normal
EVT-0000698,0,normal
EVT-0000699,0,normal
EVT-0000700,0,normal
EVT-0000701,0,normal
EVT-0000702,0,normal
EVT-0000703,0,normal
EVT-0000704,1,lateral_movement
EVT-0000705,0,normal
EVT-0000706,0,normal
EVT-0000707,1,lateral_movement
EVT-0000708,0,normal
EVT-0000709,0,normal
EVT-0000710,0,normal
EVT-0000711,0,normal
EVT-0000712,1,lateral_movement
EVT-0000713,0,normal
EVT-0000714,0,normal
EVT-0000715,0,normal
EVT-0000716,0,normal
EVT-0000717,0,normal
EVT-0000718,0,normal
EVT-0000719,1,lateral_movement
EVT-0000720,0,normal
EVT-0000721,0,normal
EVT-0000722,0,normal
EVT-0000723,0,normal
EVT-0000724,0,normal
EVT-0000725,0,normal
EVT-0000726,0,normal
EVT-0000727,0,normal
EVT-0000728,0,normal
EVT-0000729,0,normal
EVT-0000730,0,normal
EVT-0000731,0,normal
EVT-0000732,0,normal
EVT-0000733,0,normal
EVT-0000734,0,normal
EVT-0000735,0,normal
EVT-0000736,0,normal
EVT-0000737,0,normal
EVT-0000738,0,normal
EVT-0000739,0,normal
EVT-0000740,0,normal
EVT-0000741,1,impossible_travel
EVT-0000742,0,normal
EVT-0000743,0,normal
EVT-0000744,0,normal
EVT-0000745,0,normal
EVT-0000746,0,normal
EVT-0000747,0,normal
EVT-0000748,0,normal
EVT-0000749,0,normal
EVT-0000750,0,normal
EVT-0000751,0,normal
EVT-0000752,0,normal
EVT-0000753,0,normal
EVT-0000754,0,normal
EVT-0000755,0,normal
EVT-0000756,0,normal
EVT-0000757,0,normal
EVT-0000758,0,normal
EVT-0000759,0,normal
EVT-0000760,0,normal
EVT-0000761,0,normal
EVT-0000762,0,normal
EVT-0000763,0,normal
EVT-0000764,0,normal
EVT-0000765,0,normal
EVT-0000766,0,normal
EVT-0000767,0,normal
EVT-0000768,0,normal
EVT-0000769,0,normal
EVT-0000770,0,normal
EVT-0000771,0,normal
EVT-0000772,0,normal
EVT-0000773,0,normal
EVT-0000774,0,normal
EVT-0000775,0,normal
EVT-0000776,0,normal
EVT-0000777,0,normal
EVT-0000778,0,normal
EVT-0000779,0,normal
EVT-0000780,0,normal
EVT-0000781,0,normal
EVT-0000782,0,normal
EVT-0000783,0,normal
EVT-0000784,0,normal
EVT-0000785,0,normal
EVT-0000786,0,normal
EVT-0000787,0,normal
EVT-0000788,0,normal
EVT-0000789,0,normal
EVT-0000790,0,normal
EVT-0000791,0,normal
EVT-0000792,0,normal
EVT-0000793,0,normal
EVT-0000794,1,impossible_travel
EVT-0000795,0,normal
EVT-0000796,0,normal
EVT-0000797,0,normal
EVT-0000798,0,normal
EVT-0000799,0,normal
EVT-0000800,0,normal
EVT-0000801,0,normal
EVT-0000802,0,normal
EVT-0000803,0,normal
EVT-0000804,0,normal
EVT-0000805,0,normal
EVT-0000806,0,normal
EVT-0000807,0,normal
EVT-0000808,0,normal
EVT-0000809,0,normal
EVT-0000810,0,normal
EVT-0000811,0,normal
EVT-0000812,0,normal
EVT-0000813,0,normal
EVT-0000814,0,normal
EVT-0000815,0,normal
EVT-0000816,0,normal
EVT-0000817,0,normal
EVT-0000818,0,normal
EVT-0000819,0,normal
EVT-0000820,0,normal
EVT-0000821,0,normal
EVT-0000822,0,normal
EVT-0000823,0,normal
EVT-0000824,0,normal
EVT-0000825,0,normal
EVT-0000826,0,normal
EVT-0000827,0,normal
EVT-0000828,0,normal
EVT-0000829,0,normal
EVT-0000830,0,normal
EVT-0000831,0,normal
EVT-0000832,0,normal
EVT-0000833,0,normal
EVT-0000834,0,normal
EVT-0000835,0,normal
EVT-0000836,0,normal
EVT-0000837,0,normal
EVT-0000838,0,normal
EVT-0000839,1,impossible_travel
EVT-0000840,0,normal
EVT-0000841,0,normal
EVT-0000842,0,normal
EVT-0000843,1,device_spoofing
EVT-0000844,0,normal
EVT-0000845,0,normal
EVT-0000846,0,normal
EVT-0000847,0,normal
EVT-0000848,0,normal
EVT-0000849,0,normal
EVT-0000850,0,normal
EVT-0000851,0,normal
EVT-0000852,0,normal
EVT-0000853,0,normal
EVT-0000854,0,normal
EVT-0000855,0,normal
EVT-0000856,0,normal
EVT-0000857,0,normal
EVT-0000858,0,normal
EVT-0000859,0,normal
EVT-0000860,0,normal
EVT-0000861,0,normal
EVT-0000862,0,normal
EVT-0000863,0,normal
EVT-0000864,0,normal
EVT-0000865,0,normal
EVT-0000866,0,normal
EVT-0000867,0,normal
EVT-0000868,0,normal
EVT-0000869,0,normal
EVT-0000870,0,normal
EVT-0000871,0,normal
EVT-0000872,0,normal
EVT-0000873,0,normal
EVT-0000874,0,normal
EVT-0000875,0,normal
EVT-0000876,0,normal
EVT-0000877,0,normal
EVT-0000878,0,normal
EVT-0000879,0,normal
EVT-0000880,0,normal
EVT-0000881,0,normal
EVT-0000882,0,normal
EVT-0000883,0,normal
EVT-0000884,0,normal
EVT-0000885,0,normal
EVT-0000886,0,normal
EVT-0000887,0,normal
EVT-0000888,0,normal
EVT-0000889,1,lateral_movement
EVT-0000890,0,normal
EVT-0000891,0,normal
EVT-0000892,1,lateral_movement
EVT-0000893,0,normal
EVT-0000894,1,lateral_movement
EVT-0000895,0,normal
EVT-0000896,0,normal
EVT-0000897,0,normal
EVT-0000898,0,normal
EVT-0000899,0,normal
EVT-0000900,0,normal
EVT-0000901,0,normal
EVT-0000902,0,normal
EVT-0000903,0,normal
EVT-0000904,0,normal
EVT-0000905,0,normal
EVT-0000906,0,normal
EVT-0000907,0,normal
EVT-0000908,0,normal
EVT-0000909,0,normal
EVT-0000910,0,normal
EVT-0000911,0,normal
EVT-0000912,0,normal
EVT-0000913,0,normal
EVT-0000914,0,normal
EVT-0000915,0,normal
EVT-0000916,0,normal
EVT-0000917,0,normal
EVT-0000918,0,normal
EVT-0000919,0,normal
EVT-0000920,0,normal
EVT-0000921,0,normal
EVT-0000922,0,normal
EVT-0000923,0,normal
EVT-0000924,0,normal
EVT-0000925,0,normal
EVT-0000926,0,normal
EVT-0000927,0,normal
EVT-0000928,0,normal
EVT-0000929,0,normal
EVT-0000930,0,normal
EVT-0000931,0,normal
EVT-0000932,0,normal
EVT-0000933,0,normal
EVT-0000934,0,normal
EVT-0000935,0,normal
EVT-0000936,0,normal
EVT-0000937,0,normal
EVT-0000938,0,normal
EVT-0000939,0,normal
EVT-0000940,0,normal
EVT-0000941,0,normal
EVT-0000942,0,normal
EVT-0000943,0,normal
EVT-0000944,0,normal
EVT-0000945,0,normal
EVT-0000946,0,normal
EVT-0000947,0,normal
EVT-0000948,0,normal
EVT-0000949,0,normal
EVT-0000950,0,normal
EVT-0000951,1,impossible_travel
EVT-0000952,0,normal
EVT-0000953,0,normal
EVT-0000954,0,normal
EVT-0000955,0,normal
EVT-0000956,0,normal
EVT-0000957,0,normal
EVT-0000958,0,normal
EVT-0000959,0,normal
EVT-0000960,0,normal
EVT-0000961,0,normal
EVT-0000962,0,normal
EVT-0000963,0,normal
EVT-0000964,0,normal
EVT-0000965,0,normal
EVT-0000966,0,normal
EVT-0000967,0,normal
EVT-0000968,0,normal
EVT-0000969,0,normal
EVT-0000970,0,normal
EVT-0000971,0,normal
EVT-0000972,0,normal
EVT-0000973,0,normal
EVT-0000974,0,normal
EVT-0000975,0,normal
EVT-0000976,0,normal
EVT-0000977,0,normal
EVT-0000978,0,normal
EVT-0000979,0,normal
EVT-0000980,0,normal
EVT-0000981,0,normal
EVT-0000982,0,normal
EVT-0000983,0,normal
EVT-0000984,0,normal
EVT-0000985,0,normal
EVT-0000986,0,normal
EVT-0000987,0,normal
EVT-0000988,0,normal
EVT-0000989,0,normal
EVT-0000990,0,normal
EVT-0000991,0,normal
EVT-0000992,0,normal
EVT-0000993,0,normal
EVT-0000994,0,normal
EVT-0000995,0,normal
EVT-0000996,0,normal
EVT-0000997,0,normal
EVT-0000998,0,normal
EVT-0000999,0,normal
EVT-0001000,0,normal
EVT-0001001,0,normal
EVT-0001002,0,normal
EVT-0001003,0,normal
EVT-0001004,0,normal
EVT-0001005,0,normal
EVT-0001006,0,normal
EVT-0001007,0,normal
EVT-0001008,0,normal
EVT-0001009,0,normal
EVT-0001010,0,normal
EVT-0001011,0,normal
EVT-0001012,0,normal
EVT-0001013,0,normal
EVT-0001014,0,normal
EVT-0001015,0,normal
EVT-0001016,0,normal
EVT-0001017,0,normal
EVT-0001018,0,normal
EVT-0001019,0,normal
EVT-0001020,0,normal
EVT-0001021,0,normal
EVT-0001022,0,normal
EVT-0001023,0,normal
EVT-0001024,0,normal
EVT-0001025,0,normal
EVT-0001026,0,normal
EVT-0001027,0,normal
EVT-0001028,0,normal
EVT-0001029,0,normal
EVT-0001030,0,normal
EVT-0001031,0,normal
EVT-0001032,0,normal
EVT-0001033,0,normal
EVT-0001034,0,normal
EVT-0001035,0,normal
EVT-0001036,0,normal
EVT-0001037,0,normal
EVT-0001038,0,normal
EVT-0001039,0,normal
EVT-0001040,0,normal
EVT-0001041,0,normal
EVT-0001042,0,normal
EVT-0001043,0,normal
EVT-0001044,0,normal
EVT-0001045,0,normal
EVT-0001046,1,low_slow_exfiltration
EVT-0001047,0,normal
EVT-0001048,0,normal
EVT-0001049,0,normal
EVT-0001050,0,normal
EVT-0001051,0,normal
EVT-0001052,0,normal
EVT-0001053,0,normal
EVT-0001054,0,normal
EVT-0001055,0,normal
EVT-0001056,0,normal
EVT-0001057,0,normal
EVT-0001058,0,normal
EVT-0001059,0,normal
EVT-0001060,0,normal
EVT-0001061,0,normal
EVT-0001062,0,normal
EVT-0001063,0,normal
EVT-0001064,0,normal
EVT-0001065,0,normal
EVT-0001066,0,normal
EVT-0001067,0,normal
EVT-0001068,0,normal
EVT-0001069,0,normal
EVT-0001070,0,normal
EVT-0001071,0,normal
EVT-0001072,0,normal
EVT-0001073,0,normal
EVT-0001074,0,normal
EVT-0001075,0,normal
EVT-0001076,0,normal
EVT-0001077,0,normal
EVT-0001078,0,normal
EVT-0001079,0,normal
EVT-0001080,0,normal
EVT-0001081,0,normal
EVT-0001082,0,normal
EVT-0001083,0,normal
EVT-0001084,0,normal
EVT-0001085,0,normal
EVT-0001086,0,normal
EVT-0001087,0,normal
EVT-0001088,0,normal
EVT-0001089,0,normal
EVT-0001090,0,normal
EVT-0001091,0,normal
EVT-0001092,0,normal
EVT-0001093,0,normal
EVT-0001094,0,normal
EVT-0001095,0,normal
EVT-0001096,0,normal
EVT-0001097,0,normal
EVT-0001098,1,impossible_travel
EVT-0001099,0,normal
EVT-0001100,0,normal
EVT-0001101,0,normal
EVT-0001102,0,normal
EVT-0001103,0,normal
EVT-0001104,0,normal
EVT-0001105,0,normal
EVT-0001106,0,normal
EVT-0001107,0,normal
EVT-0001108,0,normal
EVT-0001109,0,normal
EVT-0001110,0,normal
EVT-0001111,0,normal
EVT-0001112,0,normal
EVT-0001113,0,normal
EVT-0001114,0,normal
EVT-0001115,0,normal
EVT-0001116,0,normal
EVT-0001117,0,normal
EVT-0001118,0,normal
EVT-0001119,0,normal
EVT-0001120,0,normal
EVT-0001121,0,normal
EVT-0001122,0,normal
EVT-0001123,0,normal
EVT-0001124,0,normal
EVT-0001125,0,normal
EVT-0001126,0,normal
EVT-0001127,0,normal
EVT-0001128,0,normal
EVT-0001129,0,normal
EVT-0001130,0,normal
EVT-0001131,0,normal
EVT-0001132,0,normal
EVT-0001133,0,normal
EVT-0001134,0,normal
EVT-0001135,0,normal
EVT-0001136,0,normal
EVT-0001137,0,normal
EVT-0001138,0,normal
EVT-0001139,0,normal
EVT-0001140,0,normal
EVT-0001141,0,normal
EVT-0001142,0,normal
EVT-0001143,0,normal
EVT-0001144,0,normal
EVT-0001145,0,normal
EVT-0001146,0,normal
EVT-0001147,0,normal
EVT-0001148,0,normal
EVT-0001149,0,normal
EVT-0001150,0,normal
EVT-0001151,0,normal
EVT-0001152,0,normal
EVT-0001153,0,normal
EVT-0001154,0,normal
EVT-0001155,0,normal
EVT-0001156,0,normal
EVT-0001157,0,normal
EVT-0001158,0,normal
EVT-0001159,0,normal
EVT-0001160,0,normal
EVT-0001161,0,normal
EVT-0001162,0,normal
EVT-0001163,0,normal
EVT-0001164,0,normal
EVT-0001165,0,normal
EVT-0001166,0,normal
EVT-0001167,0,normal
EVT-0001168,0,normal
EVT-0001169,0,normal
EVT-0001170,0,normal
EVT-0001171,0,normal
EVT-0001172,0,normal
EVT-0001173,0,normal
EVT-0001174,0,normal
EVT-0001175,0,normal
EVT-0001176,0,normal
EVT-0001177,0,normal
EVT-0001178,0,normal
EVT-0001179,0,normal
EVT-0001180,0,normal
EVT-0001181,0,normal
EVT-0001182,0,normal
EVT-0001183,0,normal
EVT-0001184,0,normal
EVT-0001185,0,normal
EVT-0001186,0,normal
EVT-0001187,0,normal
EVT-0001188,0,normal
EVT-0001189,0,normal
EVT-0001190,0,normal
EVT-0001191,0,normal
EVT-0001192,0,normal
EVT-0001193,0,normal
EVT-0001194,0,normal
EVT-0001195,0,normal
EVT-0001196,0,normal
EVT-0001197,0,normal
EVT-0001198,0,normal
EVT-0001199,0,normal
EVT-0001200,0,normal
EVT-0001201,0,normal
EVT-0001202,0,normal
EVT-0001203,0,normal
EVT-0001204,0,normal
EVT-0001205,0,normal
EVT-0001206,0,normal
EVT-0001207,0,normal
EVT-0001208,0,normal
EVT-0001209,0,normal
EVT-0001210,0,normal
EVT-0001211,0,normal
EVT-0001212,0,normal
EVT-0001213,0,normal
EVT-0001214,0,normal
EVT-0001215,0,normal
EVT-0001216,0,normal
EVT-0001217,0,normal
EVT-0001218,0,normal
EVT-0001219,0,normal
EVT-0001220,0,normal
EVT-0001221,0,normal
EVT-0001222,0,normal
EVT-0001223,0,normal
EVT-0001224,0,normal
EVT-0001225,0,normal
EVT-0001226,0,normal
EVT-0001227,0,normal
EVT-0001228,0,normal
EVT-0001229,0,normal
EVT-0001230,0,normal
EVT-0001231,0,normal
EVT-0001232,0,normal
EVT-0001233,0,normal
EVT-0001234,0,normal
EVT-0001235,0,normal
EVT-0001236,0,normal
EVT-0001237,0,normal
EVT-0001238,0,normal
EVT-0001239,0,normal
EVT-0001240,0,normal
EVT-0001241,0,normal
EVT-0001242,0,normal
EVT-0001243,0,normal
EVT-0001244,0,normal
EVT-0001245,0,normal
EVT-0001246,0,normal
EVT-0001247,0,normal
EVT-0001248,0,normal
EVT-0001249,0,normal
EVT-0001250,0,normal
EVT-0001251,0,normal
EVT-0001252,0,normal
EVT-0001253,0,normal
EVT-0001254,0,normal
EVT-0001255,0,normal
EVT-0001256,0,normal
EVT-0001257,0,normal
EVT-0001258,0,normal
EVT-0001259,0,normal
EVT-0001260,0,normal
EVT-0001261,0,normal
EVT-0001262,0,normal
EVT-0001263,0,normal
EVT-0001264,0,normal
EVT-0001265,0,normal
EVT-0001266,0,normal
EVT-0001267,0,normal
EVT-0001268,0,normal
EVT-0001269,0,normal
EVT-0001270,0,normal
EVT-0001271,0,normal
EVT-0001272,0,normal
EVT-0001273,0,normal
EVT-0001274,0,normal
EVT-0001275,0,normal
EVT-0001276,0,normal
EVT-0001277,0,normal
EVT-0001278,0,normal
EVT-0001279,0,normal
EVT-0001280,0,normal
EVT-0001281,0,normal
EVT-0001282,0,normal
EVT-0001283,0,normal
EVT-0001284,0,normal
EVT-0001285,0,normal
EVT-0001286,0,normal
EVT-0001287,0,normal
EVT-0001288,0,normal
EVT-0001289,0,normal
EVT-0001290,0,normal
EVT-0001291,0,normal
EVT-0001292,0,normal
EVT-0001293,0,normal
EVT-0001294,0,normal
EVT-0001295,0,normal
EVT-0001296,0,normal
EVT-0001297,0,normal
EVT-0001298,0,normal
EVT-0001299,0,normal
EVT-0001300,0,normal
EVT-0001301,0,normal
EVT-0001302,0,normal
EVT-0001303,0,normal
EVT-0001304,0,normal
EVT-0001305,0,normal
EVT-0001306,0,normal
EVT-0001307,0,normal
EVT-0001308,0,normal
EVT-0001309,0,normal
EVT-0001310,0,normal
EVT-0001311,0,normal
EVT-0001312,0,normal
EVT-0001313,0,normal
EVT-0001314,0,normal
EVT-0001315,0,normal
EVT-0001316,0,normal
EVT-0001317,0,normal
EVT-0001318,0,normal
EVT-0001319,0,normal
EVT-0001320,0,normal
EVT-0001321,0,normal
EVT-0001322,0,normal
EVT-0001323,0,normal
EVT-0001324,0,normal
EVT-0001325,0,normal
EVT-0001326,0,normal
EVT-0001327,0,normal
EVT-0001328,0,normal
EVT-0001329,0,normal
EVT-0001330,0,normal
EVT-0001331,0,normal
EVT-0001332,0,normal
EVT-0001333,0,normal
EVT-0001334,0,normal
EVT-0001335,0,normal
EVT-0001336,0,normal
EVT-0001337,0,normal
EVT-0001338,0,normal
EVT-0001339,0,normal
EVT-0001340,0,normal
EVT-0001341,0,normal
EVT-0001342,0,normal
EVT-0001343,0,normal
EVT-0001344,0,normal
EVT-0001345,0,normal
EVT-0001346,0,normal
EVT-0001347,0,normal
EVT-0001348,0,normal
EVT-0001349,0,normal
EVT-0001350,0,normal
EVT-0001351,0,normal
EVT-0001352,0,normal
EVT-0001353,0,normal
EVT-0001354,0,normal
EVT-0001355,0,normal
EVT-0001356,0,normal
EVT-0001357,0,normal
EVT-0001358,0,normal
EVT-0001359,0,normal
EVT-0001360,0,normal
EVT-0001361,0,normal
EVT-0001362,0,normal
EVT-0001363,0,normal
EVT-0001364,0,normal
EVT-0001365,0,normal
EVT-0001366,0,normal
EVT-0001367,0,normal
EVT-0001368,0,normal
EVT-0001369,0,normal
EVT-0001370,0,normal
EVT-0001371,0,normal
EVT-0001372,0,normal
EVT-0001373,0,normal
EVT-0001374,0,normal
EVT-0001375,0,normal
EVT-0001376,0,normal
EVT-0001377,0,normal
EVT-0001378,0,normal
EVT-0001379,0,normal
EVT-0001380,0,normal
EVT-0001381,0,normal
EVT-0001382,0,normal
EVT-0001383,0,normal
EVT-0001384,0,normal
EVT-0001385,0,normal
EVT-0001386,0,normal
EVT-0001387,0,normal
EVT-0001388,0,normal
EVT-0001389,0,normal
EVT-0001390,0,normal
EVT-0001391,1,device_spoofing
EVT-0001392,0,normal
EVT-0001393,0,normal
EVT-0001394,0,normal
EVT-0001395,0,normal
EVT-0001396,0,normal
EVT-0001397,0,normal
EVT-0001398,0,normal
EVT-0001399,0,normal
EVT-0001400,0,normal
EVT-0001401,0,normal
EVT-0001402,0,normal
EVT-0001403,0,normal
EVT-0001404,0,normal
EVT-0001405,0,normal
EVT-0001406,0,normal
EVT-0001407,0,normal
EVT-0001408,0,normal
EVT-0001409,0,normal
EVT-0001410,0,normal
EVT-0001411,0,normal
EVT-0001412,0,normal
EVT-0001413,0,normal
EVT-0001414,0,normal
EVT-0001415,0,normal
EVT-0001416,0,normal
EVT-0001417,0,normal
EVT-0001418,0,normal
EVT-0001419,0,normal
EVT-0001420,0,normal
EVT-0001421,0,normal
EVT-0001422,0,normal
EVT-0001423,0,normal
EVT-0001424,0,normal
EVT-0001425,0,normal
EVT-0001426,0,normal
EVT-0001427,0,normal
EVT-0001428,0,normal
EVT-0001429,0,normal
EVT-0001430,0,normal
EVT-0001431,0,normal
EVT-0001432,0,normal
EVT-0001433,0,normal
EVT-0001434,0,normal
EVT-0001435,0,normal
EVT-0001436,0,normal
EVT-0001437,0,normal
EVT-0001438,0,normal
EVT-0001439,0,normal
EVT-0001440,0,normal
EVT-0001441,0,normal
EVT-0001442,0,normal
EVT-0001443,0,normal
EVT-0001444,0,normal
EVT-0001445,0,normal
EVT-0001446,0,normal
EVT-0001447,0,normal
EVT-0001448,0,normal
EVT-0001449,0,normal
EVT-0001450,0,normal
EVT-0001451,0,normal
EVT-0001452,0,normal
EVT-0001453,0,normal
EVT-0001454,0,normal
EVT-0001455,0,normal
EVT-0001456,0,normal
EVT-0001457,0,normal
EVT-0001458,0,normal
EVT-0001459,0,normal
EVT-0001460,0,normal
EVT-0001461,0,normal
EVT-0001462,0,normal
EVT-0001463,0,normal
EVT-0001464,0,normal
EVT-0001465,0,normal
EVT-0001466,0,normal
EVT-0001467,0,normal
EVT-0001468,0,normal
EVT-0001469,0,normal
EVT-0001470,0,normal
EVT-0001471,0,normal
EVT-0001472,0,normal
EVT-0001473,0,normal
EVT-0001474,0,normal
EVT-0001475,0,normal
EVT-0001476,0,normal
EVT-0001477,0,normal
EVT-0001478,0,normal
EVT-0001479,0,normal
EVT-0001480,0,normal
EVT-0001481,0,normal
EVT-0001482,0,normal
EVT-0001483,0,normal
EVT-0001484,0,normal
EVT-0001485,0,normal
EVT-0001486,0,normal
EVT-0001487,0,normal
EVT-0001488,0,normal
EVT-0001489,0,normal
EVT-0001490,0,normal
EVT-0001491,0,normal
EVT-0001492,0,normal
EVT-0001493,0,normal
EVT-0001494,0,normal
EVT-0001495,0,normal
EVT-0001496,0,normal
EVT-0001497,0,normal
EVT-0001498,0,normal
EVT-0001499,0,normal
EVT-0001500,0,normal
EVT-0001501,0,normal
EVT-0001502,0,normal
EVT-0001503,0,normal
EVT-0001504,0,normal
EVT-0001505,0,normal
EVT-0001506,0,normal
EVT-0001507,0,normal
EVT-0001508,0,normal
EVT-0001509,0,normal
EVT-0001510,0,normal
EVT-0001511,0,normal
EVT-0001512,0,normal
EVT-0001513,0,normal
EVT-0001514,0,normal
EVT-0001515,0,normal
EVT-0001516,0,normal
EVT-0001517,0,normal
EVT-0001518,0,normal
EVT-0001519,0,normal
EVT-0001520,0,normal
EVT-0001521,0,normal
EVT-0001522,0,normal
EVT-0001523,0,normal
EVT-0001524,0,normal
EVT-0001525,0,normal
EVT-0001526,0,normal
EVT-0001527,0,normal
EVT-0001528,0,normal
EVT-0001529,0,normal
EVT-0001530,0,normal
EVT-0001531,0,normal
EVT-0001532,0,normal
EVT-0001533,0,normal
EVT-0001534,0,normal
EVT-0001535,0,normal
EVT-0001536,0,normal
EVT-0001537,0,normal
EVT-0001538,1,impossible_travel
EVT-0001539,0,normal
EVT-0001540,0,normal
EVT-0001541,0,normal
EVT-0001542,0,normal
EVT-0001543,0,normal
EVT-0001544,0,normal
EVT-0001545,0,normal
EVT-0001546,0,normal
EVT-0001547,0,normal
EVT-0001548,0,normal
EVT-0001549,0,normal
EVT-0001550,0,normal
EVT-0001551,0,normal
EVT-0001552,0,normal
EVT-0001553,0,normal
EVT-0001554,0,normal
EVT-0001555,0,normal
EVT-0001556,0,normal
EVT-0001557,0,normal
EVT-0001558,0,normal
EVT-0001559,0,normal
EVT-0001560,0,normal
EVT-0001561,0,normal
EVT-0001562,0,normal
EVT-0001563,0,normal
EVT-0001564,0,normal
EVT-0001565,0,normal
EVT-0001566,0,normal
EVT-0001567,0,normal
EVT-0001568,0,normal
EVT-0001569,0,normal
EVT-0001570,0,normal
EVT-0001571,0,normal
EVT-0001572,0,normal
EVT-0001573,0,normal
EVT-0001574,0,normal
EVT-0001575,0,normal
EVT-0001576,0,normal
EVT-0001577,0,normal
EVT-0001578,0,normal
EVT-0001579,0,normal
EVT-0001580,0,normal
EVT-0001581,0,normal
EVT-0001582,0,normal
EVT-0001583,0,normal
EVT-0001584,1,device_spoofing
EVT-0001585,0,normal
EVT-0001586,0,normal
EVT-0001587,0,normal
EVT-0001588,0,normal
EVT-0001589,0,normal
EVT-0001590,0,normal
EVT-0001591,0,normal
EVT-0001592,0,normal
EVT-0001593,0,normal
EVT-0001594,0,normal
EVT-0001595,0,normal
EVT-0001596,0,normal
EVT-0001597,0,normal
EVT-0001598,0,normal
EVT-0001599,1,low_slow_exfiltration
EVT-0001600,0,normal
EVT-0001601,0,normal
EVT-0001602,0,normal
EVT-0001603,0,normal
EVT-0001604,0,normal
EVT-0001605,0,normal
EVT-0001606,0,normal
EVT-0001607,0,normal
EVT-0001608,0,normal
EVT-0001609,0,normal
EVT-0001610,0,normal
EVT-0001611,0,normal
EVT-0001612,0,normal
EVT-0001613,0,normal
EVT-0001614,0,normal
EVT-0001615,0,normal
EVT-0001616,0,normal
EVT-0001617,0,normal
EVT-0001618,0,normal
EVT-0001619,0,normal
EVT-0001620,1,low_slow_exfiltration
EVT-0001621,0,normal
EVT-0001622,0,normal
EVT-0001623,0,normal
EVT-0001624,0,normal
EVT-0001625,0,normal
EVT-0001626,0,normal
EVT-0001627,0,normal
EVT-0001628,0,normal
EVT-0001629,0,normal
EVT-0001630,0,normal
EVT-0001631,0,normal
EVT-0001632,0,normal
EVT-0001633,0,normal
EVT-0001634,0,normal
EVT-0001635,0,normal
EVT-0001636,0,normal
EVT-0001637,0,normal
EVT-0001638,0,normal
EVT-0001639,0,normal
EVT-0001640,0,normal
EVT-0001641,0,normal
EVT-0001642,0,normal
EVT-0001643,0,normal
EVT-0001644,0,normal
EVT-0001645,0,normal
EVT-0001646,0,normal
EVT-0001647,0,normal
EVT-0001648,0,normal
EVT-0001649,0,normal
EVT-0001650,0,normal
EVT-0001651,0,normal
EVT-0001652,0,normal
EVT-0001653,0,normal
EVT-0001654,0,normal
EVT-0001655,0,normal
EVT-0001656,0,normal
EVT-0001657,0,normal
EVT-0001658,0,normal
EVT-0001659,0,normal
EVT-0001660,0,normal
EVT-0001661,0,normal
EVT-0001662,0,normal
EVT-0001663,0,normal
EVT-0001664,0,normal
EVT-0001665,0,normal
EVT-0001666,0,normal
EVT-0001667,0,normal
EVT-0001668,0,normal
EVT-0001669,0,normal
EVT-0001670,0,normal
EVT-0001671,0,normal
EVT-0001672,0,normal
EVT-0001673,0,normal
EVT-0001674,0,normal
EVT-0001675,0,normal
EVT-0001676,0,normal
EVT-0001677,0,normal
EVT-0001678,0,normal
EVT-0001679,0,normal
EVT-0001680,0,normal
EVT-0001681,0,normal
EVT-0001682,0,normal
EVT-0001683,0,normal
EVT-0001684,0,normal
EVT-0001685,0,normal
EVT-0001686,0,normal
EVT-0001687,0,normal
EVT-0001688,0,normal
EVT-0001689,0,normal
EVT-0001690,0,normal
EVT-0001691,0,normal
EVT-0001692,0,normal
EVT-0001693,0,normal
EVT-0001694,0,normal
EVT-0001695,0,normal
EVT-0001696,0,normal
EVT-0001697,0,normal
EVT-0001698,0,normal
EVT-0001699,0,normal
EVT-0001700,0,normal
EVT-0001701,0,normal
EVT-0001702,0,normal
EVT-0001703,0,normal
EVT-0001704,0,normal
EVT-0001705,0,normal
EVT-0001706,0,normal
EVT-0001707,0,normal
EVT-0001708,0,normal
EVT-0001709,0,normal
EVT-0001710,0,normal
EVT-0001711,0,normal
EVT-0001712,0,normal
EVT-0001713,0,normal
EVT-0001714,0,normal
EVT-0001715,0,normal
EVT-0001716,0,normal
EVT-0001717,0,normal
EVT-0001718,0,normal
EVT-0001719,0,normal
EVT-0001720,0,normal
EVT-0001721,0,normal
EVT-0001722,0,normal
EVT-0001723,0,normal
EVT-0001724,0,normal
EVT-0001725,0,normal
EVT-0001726,0,normal
EVT-0001727,0,normal
EVT-0001728,0,normal
EVT-0001729,0,normal
EVT-0001730,1,lateral_movement
EVT-0001731,1,lateral_movement
EVT-0001732,0,normal
EVT-0001733,1,lateral_movement
EVT-0001734,1,lateral_movement
EVT-0001735,0,normal
EVT-0001736,0,normal
EVT-0001737,0,normal
EVT-0001738,0,normal
EVT-0001739,0,normal
EVT-0001740,0,normal
EVT-0001741,0,normal
EVT-0001742,1,lateral_movement
EVT-0001743,0,normal
EVT-0001744,0,normal
EVT-0001745,0,normal
EVT-0001746,0,normal
EVT-0001747,0,normal
EVT-0001748,0,normal
EVT-0001749,0,normal
EVT-0001750,0,normal
EVT-0001751,0,normal
EVT-0001752,0,normal
EVT-0001753,0,normal
EVT-0001754,0,normal
EVT-0001755,0,normal
EVT-0001756,0,normal
EVT-0001757,0,normal
EVT-0001758,0,normal
EVT-0001759,0,normal
EVT-0001760,0,normal
EVT-0001761,0,normal
EVT-0001762,0,normal
EVT-0001763,0,normal
EVT-0001764,0,normal
EVT-0001765,0,normal
EVT-0001766,0,normal
EVT-0001767,0,normal
EVT-0001768,0,normal
EVT-0001769,0,normal
EVT-0001770,0,normal
EVT-0001771,0,normal
EVT-0001772,0,normal
EVT-0001773,0,normal
EVT-0001774,0,normal
EVT-0001775,0,normal
EVT-0001776,0,normal
EVT-0001777,0,normal
EVT-0001778,0,normal
EVT-0001779,0,normal
EVT-0001780,0,normal
EVT-0001781,0,normal
EVT-0001782,0,normal
EVT-0001783,0,normal
EVT-0001784,0,normal
EVT-0001785,0,normal
EVT-0001786,0,normal
EVT-0001787,0,normal
EVT-0001788,0,normal
EVT-0001789,0,normal
EVT-0001790,0,normal
EVT-0001791,0,normal
EVT-0001792,0,normal
EVT-0001793,0,normal
EVT-0001794,0,normal
EVT-0001795,0,normal
EVT-0001796,0,normal
EVT-0001797,0,normal
EVT-0001798,0,normal
EVT-0001799,0,normal
EVT-0001800,0,normal
EVT-0001801,0,normal
EVT-0001802,0,normal
EVT-0001803,0,normal
EVT-0001804,0,normal
EVT-0001805,0,normal
EVT-0001806,0,normal
EVT-0001807,0,normal
EVT-0001808,0,normal
EVT-0001809,0,normal
EVT-0001810,0,normal
EVT-0001811,0,normal
EVT-0001812,0,normal
EVT-0001813,0,normal
EVT-0001814,0,normal
EVT-0001815,0,normal
EVT-0001816,0,normal
EVT-0001817,0,normal
EVT-0001818,0,normal
EVT-0001819,0,normal
EVT-0001820,0,normal
EVT-0001821,0,normal
EVT-0001822,0,normal
EVT-0001823,0,normal
EVT-0001824,0,normal
EVT-0001825,0,normal
EVT-0001826,0,normal
EVT-0001827,0,normal
EVT-0001828,0,normal
EVT-0001829,0,normal
EVT-0001830,0,normal
EVT-0001831,0,normal
EVT-0001832,0,normal
EVT-0001833,0,normal
EVT-0001834,0,normal
EVT-0001835,0,normal
EVT-0001836,0,normal
EVT-0001837,0,normal
EVT-0001838,0,normal
EVT-0001839,0,normal
EVT-0001840,0,normal
EVT-0001841,0,normal
EVT-0001842,0,normal
EVT-0001843,0,normal
EVT-0001844,0,normal
EVT-0001845,0,normal
EVT-0001846,0,normal
EVT-0001847,0,normal
EVT-0001848,0,normal
EVT-0001849,0,normal
EVT-0001850,0,normal
EVT-0001851,0,normal
EVT-0001852,0,normal
EVT-0001853,0,normal
EVT-0001854,0,normal
EVT-0001855,0,normal
EVT-0001856,0,normal
EVT-0001857,0,normal
EVT-0001858,0,normal
EVT-0001859,0,normal
EVT-0001860,0,normal
EVT-0001861,0,normal
EVT-0001862,0,normal
EVT-0001863,0,normal
EVT-0001864,0,normal
EVT-0001865,0,normal
EVT-0001866,0,normal
EVT-0001867,0,normal
EVT-0001868,0,normal
EVT-0001869,0,normal
EVT-0001870,0,normal
EVT-0001871,0,normal
EVT-0001872,0,normal
EVT-0001873,0,normal
EVT-0001874,0,normal
EVT-0001875,0,normal
EVT-0001876,0,normal
EVT-0001877,0,normal
EVT-0001878,0,normal
EVT-0001879,0,normal
EVT-0001880,0,normal
EVT-0001881,0,normal
EVT-0001882,0,normal
EVT-0001883,0,normal
EVT-0001884,0,normal
EVT-0001885,0,normal
EVT-0001886,0,normal
EVT-0001887,0,normal
EVT-0001888,0,normal
EVT-0001889,0,normal
EVT-0001890,0,normal
EVT-0001891,0,normal
EVT-0001892,0,normal
EVT-0001893,0,normal
EVT-0001894,0,normal
EVT-0001895,0,normal
EVT-0001896,0,normal
EVT-0001897,0,normal
EVT-0001898,0,normal
EVT-0001899,1,impossible_travel
EVT-0001900,0,normal
EVT-0001901,0,normal
EVT-0001902,0,normal
EVT-0001903,0,normal
EVT-0001904,0,normal
EVT-0001905,0,normal
EVT-0001906,0,normal
EVT-0001907,0,normal
EVT-0001908,0,normal
EVT-0001909,0,normal
EVT-0001910,0,normal
EVT-0001911,0,normal
EVT-0001912,0,normal
EVT-0001913,0,normal
EVT-0001914,0,normal
EVT-0001915,0,normal
EVT-0001916,0,normal
EVT-0001917,0,normal
EVT-0001918,0,normal
EVT-0001919,0,normal
EVT-0001920,0,normal
EVT-0001921,0,normal
EVT-0001922,0,normal
EVT-0001923,0,normal
EVT-0001924,0,normal
EVT-0001925,0,normal
EVT-0001926,0,normal
EVT-0001927,0,normal
EVT-0001928,0,normal
EVT-0001929,0,normal
EVT-0001930,0,normal
EVT-0001931,0,normal
EVT-0001932,0,normal
EVT-0001933,0,normal
EVT-0001934,0,normal
EVT-0001935,0,normal
EVT-0001936,0,normal
EVT-0001937,0,normal
EVT-0001938,0,normal
EVT-0001939,0,normal
EVT-0001940,0,normal
EVT-0001941,0,normal
EVT-0001942,0,normal
EVT-0001943,0,normal
EVT-0001944,0,normal
EVT-0001945,0,normal
EVT-0001946,0,normal
EVT-0001947,0,normal
EVT-0001948,0,normal
EVT-0001949,0,normal
EVT-0001950,0,normal
EVT-0001951,0,normal
EVT-0001952,0,normal
EVT-0001953,0,normal
EVT-0001954,0,normal
EVT-0001955,0,normal
EVT-0001956,0,normal
EVT-0001957,0,normal
EVT-0001958,0,normal
EVT-0001959,0,normal
EVT-0001960,0,normal
EVT-0001961,0,normal
EVT-0001962,0,normal
EVT-0001963,0,normal
EVT-0001964,0,normal
EVT-0001965,0,normal
EVT-0001966,0,normal
EVT-0001967,0,normal
EVT-0001968,0,normal
EVT-0001969,0,normal
EVT-0001970,0,normal
EVT-0001971,0,normal
EVT-0001972,0,normal
EVT-0001973,0,normal
EVT-0001974,0,normal
EVT-0001975,0,normal
EVT-0001976,0,normal
EVT-0001977,0,normal
EVT-0001978,0,normal
EVT-0001979,0,normal
EVT-0001980,0,normal
EVT-0001981,0,normal
EVT-0001982,0,normal
EVT-0001983,0,normal
EVT-0001984,0,normal
EVT-0001985,0,normal
EVT-0001986,0,normal
EVT-0001987,0,normal
EVT-0001988,0,normal
EVT-0001989,0,normal
EVT-0001990,0,normal
EVT-0001991,0,normal
EVT-0001992,0,normal
EVT-0001993,0,normal
EVT-0001994,0,normal
EVT-0001995,0,normal
EVT-0001996,0,normal
EVT-0001997,0,normal
EVT-0001998,0,normal
EVT-0001999,0,normal
EVT-0002000,0,normal
EVT-0002001,0,normal
EVT-0002002,0,normal
EVT-0002003,0,normal
EVT-0002004,0,normal
EVT-0002005,0,normal
EVT-0002006,0,normal
EVT-0002007,0,normal
EVT-0002008,0,normal
EVT-0002009,0,normal
EVT-0002010,0,normal
EVT-0002011,0,normal
EVT-0002012,0,normal
EVT-0002013,0,normal
EVT-0002014,0,normal
EVT-0002015,0,normal
EVT-0002016,0,normal
EVT-0002017,0,normal
EVT-0002018,0,normal
EVT-0002019,0,normal
EVT-0002020,0,normal
EVT-0002021,0,normal
EVT-0002022,0,normal
EVT-0002023,0,normal
EVT-0002024,0,normal
EVT-0002025,0,normal
EVT-0002026,0,normal
EVT-0002027,0,normal
EVT-0002028,0,normal
EVT-0002029,0,normal
EVT-0002030,0,normal
EVT-0002031,0,normal
EVT-0002032,0,normal
EVT-0002033,0,normal
EVT-0002034,0,normal
EVT-0002035,0,normal
EVT-0002036,0,normal
EVT-0002037,0,normal
EVT-0002038,0,normal
EVT-0002039,0,normal
EVT-0002040,0,normal
EVT-0002041,0,normal
EVT-0002042,0,normal
EVT-0002043,0,normal
EVT-0002044,0,normal
EVT-0002045,0,normal
EVT-0002046,0,normal
EVT-0002047,0,normal
EVT-0002048,0,normal
EVT-0002049,0,normal
EVT-0002050,0,normal
EVT-0002051,0,normal
EVT-0002052,0,normal
EVT-0002053,0,normal
EVT-0002054,0,normal
EVT-0002055,0,normal
EVT-0002056,0,normal
EVT-0002057,0,normal
EVT-0002058,0,normal
EVT-0002059,0,normal
EVT-0002060,0,normal
EVT-0002061,0,normal
EVT-0002062,0,normal
EVT-0002063,0,normal
EVT-0002064,0,normal
EVT-0002065,0,normal
EVT-0002066,0,normal
EVT-0002067,0,normal
EVT-0002068,0,normal
EVT-0002069,0,normal
EVT-0002070,0,normal
EVT-0002071,0,normal
EVT-0002072,0,normal
EVT-0002073,0,normal
EVT-0002074,0,normal
EVT-0002075,0,normal
EVT-0002076,0,normal
EVT-0002077,0,normal
EVT-0002078,0,normal
EVT-0002079,0,normal
EVT-0002080,0,normal
EVT-0002081,0,normal
EVT-0002082,0,normal
EVT-0002083,0,normal
EVT-0002084,0,normal
EVT-0002085,0,normal
EVT-0002086,0,normal
EVT-0002087,0,normal
EVT-0002088,0,normal
EVT-0002089,0,normal
EVT-0002090,0,normal
EVT-0002091,0,normal
EVT-0002092,0,normal
EVT-0002093,0,normal
EVT-0002094,0,normal
EVT-0002095,0,normal
EVT-0002096,0,normal
EVT-0002097,0,normal
EVT-0002098,0,normal
EVT-0002099,0,normal
EVT-0002100,0,normal
EVT-0002101,0,normal
EVT-0002102,0,normal
EVT-0002103,0,normal
EVT-0002104,0,normal
EVT-0002105,0,normal
EVT-0002106,0,normal
EVT-0002107,0,normal
EVT-0002108,0,normal
EVT-0002109,0,normal
EVT-0002110,0,normal
EVT-0002111,0,normal
EVT-0002112,0,normal
EVT-0002113,0,normal
EVT-0002114,0,normal
EVT-0002115,0,normal
EVT-0002116,0,normal
EVT-0002117,0,normal
EVT-0002118,0,normal
EVT-0002119,0,normal
EVT-0002120,0,normal
EVT-0002121,0,normal
EVT-0002122,0,normal
EVT-0002123,0,normal
EVT-0002124,0,normal
EVT-0002125,0,normal
EVT-0002126,0,normal
EVT-0002127,0,normal
EVT-0002128,0,normal
EVT-0002129,0,normal
EVT-0002130,0,normal
EVT-0002131,0,normal
EVT-0002132,0,normal
EVT-0002133,0,normal
EVT-0002134,0,normal
EVT-0002135,0,normal
EVT-0002136,0,normal
EVT-0002137,0,normal
EVT-0002138,0,normal
EVT-0002139,0,normal
EVT-0002140,0,normal
EVT-0002141,0,normal
EVT-0002142,0,normal
EVT-0002143,0,normal
EVT-0002144,0,normal
EVT-0002145,0,normal
EVT-0002146,0,normal
EVT-0002147,0,normal
EVT-0002148,0,normal
EVT-0002149,0,normal
EVT-0002150,0,normal
EVT-0002151,0,normal
EVT-0002152,0,normal
EVT-0002153,0,normal
EVT-0002154,0,normal
EVT-0002155,0,normal
EVT-0002156,0,normal
EVT-0002157,0,normal
EVT-0002158,0,normal
EVT-0002159,0,normal
EVT-0002160,0,normal
EVT-0002161,0,normal
EVT-0002162,0,normal
EVT-0002163,0,normal
EVT-0002164,0,normal
EVT-0002165,0,normal
EVT-0002166,0,normal
EVT-0002167,0,normal
EVT-0002168,0,normal
EVT-0002169,0,normal
EVT-0002170,0,normal
EVT-0002171,0,normal
EVT-0002172,0,normal
EVT-0002173,0,normal
EVT-0002174,0,normal
EVT-0002175,0,normal
EVT-0002176,0,normal
EVT-0002177,0,normal
EVT-0002178,0,normal
EVT-0002179,0,normal
EVT-0002180,0,normal
EVT-0002181,0,normal
EVT-0002182,0,normal
EVT-0002183,0,normal
EVT-0002184,0,normal
EVT-0002185,0,normal
EVT-0002186,0,normal
EVT-0002187,0,normal
EVT-0002188,0,normal
EVT-0002189,0,normal
EVT-0002190,0,normal
EVT-0002191,0,normal
EVT-0002192,0,normal
EVT-0002193,0,normal
EVT-0002194,0,normal
EVT-0002195,0,normal
EVT-0002196,0,normal
EVT-0002197,0,normal
EVT-0002198,0,normal
EVT-0002199,0,normal
EVT-0002200,0,normal
EVT-0002201,0,normal
EVT-0002202,0,normal
EVT-0002203,0,normal
EVT-0002204,0,normal
EVT-0002205,0,normal
EVT-0002206,0,normal
EVT-0002207,0,normal
EVT-0002208,0,normal
EVT-0002209,0,normal
EVT-0002210,0,normal
EVT-0002211,0,normal
EVT-0002212,0,normal
EVT-0002213,0,normal
EVT-0002214,0,normal
EVT-0002215,0,normal
EVT-0002216,0,normal
EVT-0002217,0,normal
EVT-0002218,0,normal
EVT-0002219,0,normal
EVT-0002220,0,normal
EVT-0002221,0,normal
EVT-0002222,0,normal
EVT-0002223,0,normal
EVT-0002224,0,normal
EVT-0002225,0,normal
EVT-0002226,0,normal
EVT-0002227,0,normal
EVT-0002228,0,normal
EVT-0002229,0,normal
EVT-0002230,0,normal
EVT-0002231,0,normal
EVT-0002232,0,normal
EVT-0002233,0,normal
EVT-0002234,0,normal
EVT-0002235,0,normal
EVT-0002236,0,normal
EVT-0002237,0,normal
EVT-0002238,0,normal
EVT-0002239,0,normal
EVT-0002240,0,normal
EVT-0002241,0,normal
EVT-0002242,0,normal
EVT-0002243,0,normal
EVT-0002244,0,normal
EVT-0002245,0,normal
EVT-0002246,0,normal
EVT-0002247,0,normal
EVT-0002248,0,normal
EVT-0002249,0,normal
EVT-0002250,0,normal
EVT-0002251,0,normal
EVT-0002252,0,normal
EVT-0002253,0,normal
EVT-0002254,0,normal
EVT-0002255,0,normal
EVT-0002256,0,normal
EVT-0002257,0,normal
EVT-0002258,0,normal
EVT-0002259,0,normal
EVT-0002260,0,normal
EVT-0002261,0,normal
EVT-0002262,0,normal
EVT-0002263,0,normal
EVT-0002264,0,normal
EVT-0002265,0,normal
EVT-0002266,0,normal
EVT-0002267,0,normal
EVT-0002268,0,normal
EVT-0002269,0,normal
EVT-0002270,0,normal
EVT-0002271,0,normal
EVT-0002272,0,normal
EVT-0002273,0,normal
EVT-0002274,0,normal
EVT-0002275,0,normal
EVT-0002276,0,normal
EVT-0002277,0,normal
EVT-0002278,0,normal
EVT-0002279,0,normal
EVT-0002280,0,normal
EVT-0002281,0,normal
EVT-0002282,0,normal
EVT-0002283,0,normal
EVT-0002284,0,normal
EVT-0002285,0,normal
EVT-0002286,0,normal
EVT-0002287,0,normal
EVT-0002288,0,normal
EVT-0002289,0,normal
EVT-0002290,0,normal
EVT-0002291,0,normal
EVT-0002292,0,normal
EVT-0002293,0,normal
EVT-0002294,0,normal
EVT-0002295,0,normal
EVT-0002296,0,normal
EVT-0002297,0,normal
EVT-0002298,0,normal
EVT-0002299,0,normal
EVT-0002300,0,normal
EVT-0002301,0,normal
EVT-0002302,0,normal
EVT-0002303,0,normal
EVT-0002304,0,normal
EVT-0002305,0,normal
EVT-0002306,0,normal
EVT-0002307,0,normal
EVT-0002308,0,normal
EVT-0002309,0,normal
EVT-0002310,0,normal
EVT-0002311,0,normal
EVT-0002312,0,normal
EVT-0002313,0,normal
EVT-0002314,0,normal
EVT-0002315,0,normal
EVT-0002316,0,normal
EVT-0002317,0,normal
EVT-0002318,0,normal
EVT-0002319,0,normal
EVT-0002320,0,normal
EVT-0002321,0,normal
EVT-0002322,0,normal
EVT-0002323,0,normal
EVT-0002324,0,normal
EVT-0002325,0,normal
EVT-0002326,0,normal
EVT-0002327,1,device_spoofing
EVT-0002328,0,normal
EVT-0002329,0,normal
EVT-0002330,0,normal
EVT-0002331,0,normal
EVT-0002332,0,normal
EVT-0002333,0,normal
EVT-0002334,0,normal
EVT-0002335,0,normal
EVT-0002336,0,normal
EVT-0002337,0,normal
EVT-0002338,0,normal
EVT-0002339,0,normal
EVT-0002340,0,normal
EVT-0002341,0,normal
EVT-0002342,0,normal
EVT-0002343,0,normal
EVT-0002344,0,normal
EVT-0002345,0,normal
EVT-0002346,0,normal
EVT-0002347,0,normal
EVT-0002348,0,normal
EVT-0002349,0,normal
EVT-0002350,0,normal
EVT-0002351,0,normal
EVT-0002352,0,normal
EVT-0002353,0,normal
EVT-0002354,0,normal
EVT-0002355,0,normal
EVT-0002356,0,normal
EVT-0002357,0,normal
EVT-0002358,0,normal
EVT-0002359,0,normal
EVT-0002360,0,normal
EVT-0002361,0,normal
EVT-0002362,0,normal
EVT-0002363,0,normal
EVT-0002364,0,normal
EVT-0002365,0,normal
EVT-0002366,0,normal
EVT-0002367,0,normal
EVT-0002368,0,normal
EVT-0002369,0,normal
EVT-0002370,0,normal
EVT-0002371,0,normal
EVT-0002372,0,normal
EVT-0002373,0,normal
EVT-0002374,0,normal
EVT-0002375,0,normal
EVT-0002376,0,normal
EVT-0002377,0,normal
EVT-0002378,0,normal
EVT-0002379,0,normal
EVT-0002380,0,normal
EVT-0002381,0,normal
EVT-0002382,0,normal
EVT-0002383,0,normal
EVT-0002384,0,normal
EVT-0002385,0,normal
EVT-0002386,0,normal
EVT-0002387,0,normal
EVT-0002388,0,normal
EVT-0002389,0,normal
EVT-0002390,0,normal
EVT-0002391,0,normal
EVT-0002392,0,normal
EVT-0002393,0,normal
EVT-0002394,0,normal
EVT-0002395,0,normal
EVT-0002396,0,normal
EVT-0002397,1,low_slow_exfiltration
EVT-0002398,0,normal
EVT-0002399,0,normal
EVT-0002400,0,normal
EVT-0002401,0,normal
EVT-0002402,0,normal
EVT-0002403,0,normal
EVT-0002404,0,normal
EVT-0002405,0,normal
EVT-0002406,0,normal
EVT-0002407,0,normal
EVT-0002408,0,normal
EVT-0002409,0,normal
EVT-0002410,0,normal
EVT-0002411,0,normal
EVT-0002412,0,normal
EVT-0002413,0,normal
EVT-0002414,0,normal
EVT-0002415,0,normal
EVT-0002416,0,normal
EVT-0002417,0,normal
EVT-0002418,0,normal
EVT-0002419,0,normal
EVT-0002420,0,normal
EVT-0002421,0,normal
EVT-0002422,0,normal
EVT-0002423,0,normal
EVT-0002424,0,normal
EVT-0002425,0,normal
EVT-0002426,0,normal
EVT-0002427,0,normal
EVT-0002428,0,normal
EVT-0002429,0,normal
EVT-0002430,0,normal
EVT-0002431,0,normal
EVT-0002432,0,normal
EVT-0002433,0,normal
EVT-0002434,0,normal
EVT-0002435,0,normal
EVT-0002436,0,normal
EVT-0002437,0,normal
EVT-0002438,0,normal
EVT-0002439,0,normal
EVT-0002440,0,normal
EVT-0002441,0,normal
EVT-0002442,0,normal
EVT-0002443,0,normal
EVT-0002444,0,normal
EVT-0002445,0,normal
EVT-0002446,0,normal
EVT-0002447,0,normal
EVT-0002448,0,normal
EVT-0002449,0,normal
EVT-0002450,0,normal
EVT-0002451,0,normal
EVT-0002452,0,normal
EVT-0002453,0,normal
EVT-0002454,0,normal
EVT-0002455,0,normal
EVT-0002456,0,normal
EVT-0002457,0,normal
EVT-0002458,0,normal
EVT-0002459,0,normal
EVT-0002460,0,normal
EVT-0002461,0,normal
EVT-0002462,0,normal
EVT-0002463,0,normal
EVT-0002464,0,normal
EVT-0002465,0,normal
EVT-0002466,0,normal
EVT-0002467,0,normal
EVT-0002468,0,normal
EVT-0002469,0,normal
EVT-0002470,0,normal
EVT-0002471,0,normal
EVT-0002472,0,normal
EVT-0002473,0,normal
EVT-0002474,0,normal
EVT-0002475,0,normal
EVT-0002476,0,normal
EVT-0002477,0,normal
EVT-0002478,0,normal
EVT-0002479,0,normal
EVT-0002480,0,normal
EVT-0002481,0,normal
EVT-0002482,0,normal
EVT-0002483,0,normal
EVT-0002484,0,normal
EVT-0002485,0,normal
EVT-0002486,0,normal
EVT-0002487,0,normal
EVT-0002488,0,normal
EVT-0002489,0,normal
EVT-0002490,0,normal
EVT-0002491,0,normal
EVT-0002492,0,normal
EVT-0002493,0,normal
EVT-0002494,0,normal
EVT-0002495,0,normal
EVT-0002496,0,normal
EVT-0002497,0,normal
EVT-0002498,0,normal
EVT-0002499,0,normal
EVT-0002500,0,normal
EVT-0002501,0,normal
EVT-0002502,0,normal
EVT-0002503,0,normal
EVT-0002504,0,normal
EVT-0002505,0,normal
EVT-0002506,0,normal
EVT-0002507,0,normal
EVT-0002508,0,normal
EVT-0002509,0,normal
EVT-0002510,0,normal
EVT-0002511,0,normal
EVT-0002512,0,normal
EVT-0002513,0,normal
EVT-0002514,0,normal
EVT-0002515,0,normal
EVT-0002516,0,normal
EVT-0002517,0,normal
EVT-0002518,0,normal
EVT-0002519,0,normal
EVT-0002520,0,normal
EVT-0002521,0,normal
EVT-0002522,0,normal
EVT-0002523,0,normal
EVT-0002524,0,normal
EVT-0002525,0,normal
EVT-0002526,0,normal
EVT-0002527,0,normal
EVT-0002528,0,normal
EVT-0002529,0,normal
EVT-0002530,0,normal
EVT-0002531,0,normal
EVT-0002532,0,normal
EVT-0002533,0,normal
EVT-0002534,0,normal
EVT-0002535,0,normal
EVT-0002536,0,normal
EVT-0002537,0,normal
EVT-0002538,0,normal
EVT-0002539,0,normal
EVT-0002540,0,normal
EVT-0002541,0,normal
EVT-0002542,0,normal
EVT-0002543,0,normal
EVT-0002544,0,normal
EVT-0002545,0,normal
EVT-0002546,0,normal
EVT-0002547,0,normal
EVT-0002548,0,normal
EVT-0002549,0,normal
EVT-0002550,0,normal
EVT-0002551,0,normal
EVT-0002552,0,normal
EVT-0002553,0,normal
EVT-0002554,0,normal
EVT-0002555,0,normal
EVT-0002556,0,normal
EVT-0002557,1,device_spoofing
EVT-0002558,0,normal
EVT-0002559,0,normal
EVT-0002560,0,normal
EVT-0002561,0,normal
EVT-0002562,0,normal
EVT-0002563,0,normal
EVT-0002564,0,normal
EVT-0002565,0,normal
EVT-0002566,0,normal
EVT-0002567,0,normal
EVT-0002568,0,normal
EVT-0002569,0,normal
EVT-0002570,0,normal
EVT-0002571,0,normal
EVT-0002572,0,normal
EVT-0002573,0,normal
EVT-0002574,0,normal
EVT-0002575,0,normal
EVT-0002576,0,normal
EVT-0002577,0,normal
EVT-0002578,0,normal
EVT-0002579,0,normal
EVT-0002580,0,normal
EVT-0002581,0,normal
EVT-0002582,0,normal
EVT-0002583,0,normal
EVT-0002584,0,normal
EVT-0002585,0,normal
EVT-0002586,0,normal
EVT-0002587,0,normal
EVT-0002588,0,normal
EVT-0002589,0,normal
EVT-0002590,0,normal
EVT-0002591,0,normal
EVT-0002592,0,normal
EVT-0002593,0,normal
EVT-0002594,0,normal
EVT-0002595,0,normal
EVT-0002596,0,normal
EVT-0002597,0,normal
EVT-0002598,0,normal
EVT-0002599,0,normal
EVT-0002600,0,normal
EVT-0002601,0,normal
EVT-0002602,0,normal
EVT-0002603,0,normal
EVT-0002604,0,normal
EVT-0002605,0,normal
EVT-0002606,0,normal
EVT-0002607,0,normal
EVT-0002608,0,normal
EVT-0002609,0,normal
EVT-0002610,0,normal
EVT-0002611,0,normal
EVT-0002612,0,normal
EVT-0002613,0,normal
EVT-0002614,0,normal
EVT-0002615,0,normal
EVT-0002616,0,normal
EVT-0002617,0,normal
EVT-0002618,0,normal
EVT-0002619,0,normal
EVT-0002620,0,normal
EVT-0002621,0,normal
EVT-0002622,0,normal
EVT-0002623,0,normal
EVT-0002624,0,normal
EVT-0002625,0,normal
EVT-0002626,0,normal
EVT-0002627,0,normal
EVT-0002628,0,normal
EVT-0002629,0,normal
EVT-0002630,0,normal
EVT-0002631,0,normal
EVT-0002632,0,normal
EVT-0002633,0,normal
EVT-0002634,0,normal
EVT-0002635,0,normal
EVT-0002636,0,normal
EVT-0002637,0,normal
EVT-0002638,0,normal
EVT-0002639,0,normal
EVT-0002640,0,normal
EVT-0002641,0,normal
EVT-0002642,0,normal
EVT-0002643,0,normal
EVT-0002644,0,normal
EVT-0002645,0,normal
EVT-0002646,0,normal
EVT-0002647,0,normal
EVT-0002648,0,normal
EVT-0002649,0,normal
EVT-0002650,0,normal
EVT-0002651,0,normal
EVT-0002652,0,normal
EVT-0002653,0,normal
EVT-0002654,0,normal
EVT-0002655,0,normal
EVT-0002656,0,normal
EVT-0002657,0,normal
EVT-0002658,0,normal
EVT-0002659,0,normal
EVT-0002660,0,normal
EVT-0002661,0,normal
EVT-0002662,0,normal
EVT-0002663,0,normal
EVT-0002664,0,normal
EVT-0002665,0,normal
EVT-0002666,0,normal
EVT-0002667,0,normal
EVT-0002668,0,normal
EVT-0002669,0,normal
EVT-0002670,0,normal
EVT-0002671,0,normal
EVT-0002672,0,normal
EVT-0002673,0,normal
EVT-0002674,0,normal
EVT-0002675,1,device_spoofing
EVT-0002676,0,normal
EVT-0002677,0,normal
EVT-0002678,0,normal
EVT-0002679,0,normal
EVT-0002680,0,normal
EVT-0002681,0,normal
EVT-0002682,0,normal
EVT-0002683,0,normal
EVT-0002684,0,normal
EVT-0002685,0,normal
EVT-0002686,0,normal
EVT-0002687,0,normal
EVT-0002688,0,normal
EVT-0002689,0,normal
EVT-0002690,0,normal
EVT-0002691,0,normal
EVT-0002692,0,normal
EVT-0002693,0,normal
EVT-0002694,0,normal
EVT-0002695,0,normal
EVT-0002696,0,normal
EVT-0002697,0,normal
EVT-0002698,0,normal
EVT-0002699,0,normal
EVT-0002700,0,normal
EVT-0002701,0,normal
EVT-0002702,0,normal
EVT-0002703,0,normal
EVT-0002704,0,normal
EVT-0002705,0,normal
EVT-0002706,0,normal
EVT-0002707,0,normal
EVT-0002708,0,normal
EVT-0002709,0,normal
EVT-0002710,0,normal
EVT-0002711,0,normal
EVT-0002712,0,normal
EVT-0002713,0,normal
EVT-0002714,0,normal
EVT-0002715,0,normal
EVT-0002716,0,normal
EVT-0002717,0,normal
EVT-0002718,0,normal
EVT-0002719,0,normal
EVT-0002720,0,normal
EVT-0002721,0,normal
EVT-0002722,0,normal
EVT-0002723,0,normal
EVT-0002724,0,normal
EVT-0002725,0,normal
EVT-0002726,0,normal
EVT-0002727,0,normal
EVT-0002728,0,normal
EVT-0002729,0,normal
EVT-0002730,0,normal
EVT-0002731,0,normal
EVT-0002732,0,normal
EVT-0002733,0,normal
EVT-0002734,0,normal
EVT-0002735,0,normal
EVT-0002736,0,normal
EVT-0002737,0,normal
EVT-0002738,0,normal
EVT-0002739,0,normal
EVT-0002740,0,normal
EVT-0002741,0,normal
EVT-0002742,0,normal
EVT-0002743,0,normal
EVT-0002744,0,normal
EVT-0002745,0,normal
EVT-0002746,0,normal
EVT-0002747,0,normal
EVT-0002748,0,normal
EVT-0002749,0,normal
EVT-0002750,0,normal
EVT-0002751,0,normal
EVT-0002752,0,normal
EVT-0002753,0,normal
EVT-0002754,0,normal
EVT-0002755,0,normal
EVT-0002756,0,normal
EVT-0002757,0,normal
EVT-0002758,0,normal
EVT-0002759,0,normal
EVT-0002760,0,normal
EVT-0002761,0,normal
EVT-0002762,0,normal
EVT-0002763,0,normal
EVT-0002764,0,normal
EVT-0002765,0,normal
EVT-0002766,0,normal
EVT-0002767,0,normal
EVT-0002768,0,normal
EVT-0002769,0,normal
EVT-0002770,0,normal
EVT-0002771,0,normal
EVT-0002772,0,normal
EVT-0002773,0,normal
EVT-0002774,0,normal
EVT-0002775,0,normal
EVT-0002776,0,normal
EVT-0002777,0,normal
EVT-0002778,0,normal
EVT-0002779,0,normal
EVT-0002780,0,normal
EVT-0002781,0,normal
EVT-0002782,0,normal
EVT-0002783,0,normal
EVT-0002784,0,normal
EVT-0002785,0,normal
EVT-0002786,0,normal
EVT-0002787,0,normal
EVT-0002788,0,normal
EVT-0002789,0,normal
EVT-0002790,0,normal
EVT-0002791,0,normal
EVT-0002792,0,normal
EVT-0002793,0,normal
EVT-0002794,0,normal
EVT-0002795,0,normal
EVT-0002796,0,normal
EVT-0002797,0,normal
EVT-0002798,0,normal
EVT-0002799,0,normal
EVT-0002800,0,normal
EVT-0002801,0,normal
EVT-0002802,0,normal
EVT-0002803,0,normal
EVT-0002804,0,normal
EVT-0002805,0,normal
EVT-0002806,0,normal
EVT-0002807,0,normal
EVT-0002808,0,normal
EVT-0002809,0,normal
EVT-0002810,0,normal
EVT-0002811,0,normal
EVT-0002812,0,normal
EVT-0002813,0,normal
EVT-0002814,0,normal
EVT-0002815,0,normal
EVT-0002816,0,normal
EVT-0002817,0,normal
EVT-0002818,0,normal
EVT-0002819,0,normal
EVT-0002820,0,normal
EVT-0002821,0,normal
EVT-0002822,0,normal
EVT-0002823,0,normal
EVT-0002824,0,normal
EVT-0002825,0,normal
EVT-0002826,0,normal
EVT-0002827,0,normal
EVT-0002828,0,normal
EVT-0002829,0,normal
EVT-0002830,0,normal
EVT-0002831,0,normal
EVT-0002832,0,normal
EVT-0002833,0,normal
EVT-0002834,0,normal
EVT-0002835,0,normal
EVT-0002836,0,normal
EVT-0002837,0,normal
EVT-0002838,0,normal
EVT-0002839,0,normal
EVT-0002840,0,normal
EVT-0002841,0,normal
EVT-0002842,0,normal
EVT-0002843,0,normal
EVT-0002844,0,normal
EVT-0002845,0,normal
EVT-0002846,0,normal
EVT-0002847,0,normal
EVT-0002848,0,normal
EVT-0002849,0,normal
EVT-0002850,0,normal
EVT-0002851,0,normal
EVT-0002852,0,normal
EVT-0002853,0,normal
EVT-0002854,0,normal
EVT-0002855,0,normal
EVT-0002856,0,normal
EVT-0002857,0,normal
EVT-0002858,0,normal
EVT-0002859,0,normal
EVT-0002860,0,normal
EVT-0002861,0,normal
EVT-0002862,0,normal
EVT-0002863,0,normal
EVT-0002864,0,normal
EVT-0002865,0,normal
EVT-0002866,0,normal
EVT-0002867,0,normal
EVT-0002868,0,normal
EVT-0002869,0,normal
EVT-0002870,0,normal
EVT-0002871,0,normal
EVT-0002872,0,normal
EVT-0002873,0,normal
EVT-0002874,0,normal
EVT-0002875,0,normal
EVT-0002876,0,normal
EVT-0002877,0,normal
EVT-0002878,0,normal
EVT-0002879,0,normal
EVT-0002880,0,normal
EVT-0002881,0,normal
EVT-0002882,0,normal
EVT-0002883,0,normal
EVT-0002884,0,normal
EVT-0002885,0,normal
EVT-0002886,0,normal
EVT-0002887,0,normal
EVT-0002888,0,normal
EVT-0002889,0,normal
EVT-0002890,0,normal
EVT-0002891,0,normal
EVT-0002892,0,normal
EVT-0002893,0,normal
EVT-0002894,0,normal
EVT-0002895,0,normal
EVT-0002896,0,normal
EVT-0002897,0,normal
EVT-0002898,0,normal
EVT-0002899,0,normal
EVT-0002900,0,normal
EVT-0002901,0,normal
EVT-0002902,0,normal
EVT-0002903,0,normal
EVT-0002904,0,normal
EVT-0002905,0,normal
EVT-0002906,0,normal
EVT-0002907,0,normal
EVT-0002908,0,normal
EVT-0002909,0,normal
EVT-0002910,0,normal
EVT-0002911,0,normal
EVT-0002912,0,normal
EVT-0002913,0,normal
EVT-0002914,0,normal
EVT-0002915,0,normal
EVT-0002916,0,normal
EVT-0002917,0,normal
EVT-0002918,0,normal
EVT-0002919,0,normal
EVT-0002920,0,normal
EVT-0002921,0,normal
EVT-0002922,0,normal
EVT-0002923,0,normal
EVT-0002924,0,normal
EVT-0002925,0,normal
EVT-0002926,0,normal
EVT-0002927,0,normal
EVT-0002928,0,normal
EVT-0002929,0,normal
EVT-0002930,0,normal
EVT-0002931,0,normal
EVT-0002932,0,normal
EVT-0002933,0,normal
EVT-0002934,0,normal
EVT-0002935,0,normal
EVT-0002936,0,normal
EVT-0002937,0,normal
EVT-0002938,0,normal
EVT-0002939,0,normal
EVT-0002940,0,normal
EVT-0002941,0,normal
EVT-0002942,0,normal
EVT-0002943,0,normal
EVT-0002944,0,normal
EVT-0002945,0,normal
EVT-0002946,0,normal
EVT-0002947,0,normal
EVT-0002948,0,normal
EVT-0002949,0,normal
EVT-0002950,0,normal
EVT-0002951,0,normal
EVT-0002952,0,normal
EVT-0002953,0,normal
EVT-0002954,0,normal
EVT-0002955,0,normal
EVT-0002956,0,normal
EVT-0002957,0,normal
EVT-0002958,0,normal
EVT-0002959,0,normal
EVT-0002960,0,normal
EVT-0002961,0,normal
EVT-0002962,0,normal
EVT-0002963,0,normal
EVT-0002964,0,normal
EVT-0002965,0,normal
EVT-0002966,0,normal
EVT-0002967,0,normal
EVT-0002968,0,normal
EVT-0002969,0,normal
EVT-0002970,0,normal
EVT-0002971,0,normal
EVT-0002972,0,normal
EVT-0002973,0,normal
EVT-0002974,0,normal
EVT-0002975,0,normal
EVT-0002976,0,normal
EVT-0002977,0,normal
EVT-0002978,0,normal
EVT-0002979,0,normal
EVT-0002980,0,normal
EVT-0002981,0,normal
EVT-0002982,1,device_spoofing
EVT-0002983,0,normal
EVT-0002984,0,normal
EVT-0002985,0,normal
EVT-0002986,0,normal
EVT-0002987,0,normal
EVT-0002988,0,normal
EVT-0002989,0,normal
EVT-0002990,0,normal
EVT-0002991,0,normal
EVT-0002992,1,device_spoofing
EVT-0002993,0,normal
EVT-0002994,0,normal
EVT-0002995,0,normal
EVT-0002996,0,normal
EVT-0002997,0,normal
EVT-0002998,0,normal
EVT-0002999,0,normal
EVT-0003000,0,normal
EVT-0003001,0,normal
EVT-0003002,0,normal
EVT-0003003,0,normal
EVT-0003004,0,normal
EVT-0003005,0,normal
EVT-0003006,0,normal
EVT-0003007,0,normal
EVT-0003008,0,normal
EVT-0003009,0,normal
EVT-0003010,0,normal
EVT-0003011,0,normal
EVT-0003012,0,normal
EVT-0003013,0,normal
EVT-0003014,0,normal
EVT-0003015,0,normal
EVT-0003016,0,normal
EVT-0003017,0,normal
EVT-0003018,0,normal
EVT-0003019,0,normal
EVT-0003020,0,normal
EVT-0003021,0,normal
EVT-0003022,0,normal
EVT-0003023,0,normal
EVT-0003024,0,normal
EVT-0003025,0,normal
EVT-0003026,0,normal
EVT-0003027,0,normal
EVT-0003028,0,normal
EVT-0003029,0,normal
EVT-0003030,0,normal
EVT-0003031,0,normal
EVT-0003032,0,normal
EVT-0003033,0,normal
EVT-0003034,0,normal
EVT-0003035,0,normal
EVT-0003036,0,normal
EVT-0003037,0,normal
EVT-0003038,0,normal
EVT-0003039,0,normal
EVT-0003040,0,normal
EVT-0003041,0,normal
EVT-0003042,0,normal
EVT-0003043,0,normal
EVT-0003044,0,normal
EVT-0003045,0,normal
EVT-0003046,0,normal
EVT-0003047,0,normal
EVT-0003048,0,normal
EVT-0003049,0,normal
EVT-0003050,0,normal
EVT-0003051,0,normal
EVT-0003052,0,normal
EVT-0003053,0,normal
EVT-0003054,0,normal
EVT-0003055,0,normal
EVT-0003056,0,normal
EVT-0003057,0,normal
EVT-0003058,0,normal
EVT-0003059,0,normal
EVT-0003060,0,normal
EVT-0003061,0,normal
EVT-0003062,0,normal
EVT-0003063,0,normal
EVT-0003064,0,normal
EVT-0003065,0,normal
EVT-0003066,0,normal
EVT-0003067,0,normal
EVT-0003068,0,normal
EVT-0003069,0,normal
EVT-0003070,0,normal
EVT-0003071,0,normal
EVT-0003072,0,normal
EVT-0003073,0,normal
EVT-0003074,0,normal
EVT-0003075,0,normal
EVT-0003076,0,normal
EVT-0003077,0,normal
EVT-0003078,0,normal
EVT-0003079,0,normal
EVT-0003080,0,normal
EVT-0003081,0,normal
EVT-0003082,0,normal
EVT-0003083,0,normal
EVT-0003084,0,normal
EVT-0003085,0,normal
EVT-0003086,0,normal
EVT-0003087,0,normal
EVT-0003088,0,normal
EVT-0003089,0,normal
EVT-0003090,0,normal
EVT-0003091,0,normal
EVT-0003092,0,normal
EVT-0003093,0,normal
EVT-0003094,0,normal
EVT-0003095,0,normal
EVT-0003096,0,normal
EVT-0003097,0,normal
EVT-0003098,0,normal
EVT-0003099,0,normal
EVT-0003100,0,normal
EVT-0003101,0,normal
EVT-0003102,0,normal
EVT-0003103,0,normal
EVT-0003104,0,normal
EVT-0003105,0,normal
EVT-0003106,0,normal
EVT-0003107,0,normal
EVT-0003108,0,normal
EVT-0003109,0,normal
EVT-0003110,0,normal
EVT-0003111,0,normal
EVT-0003112,0,normal
EVT-0003113,0,normal
EVT-0003114,0,normal
EVT-0003115,0,normal
EVT-0003116,0,normal
EVT-0003117,0,normal
EVT-0003118,0,normal
EVT-0003119,0,normal
EVT-0003120,0,normal
EVT-0003121,0,normal
EVT-0003122,0,normal
EVT-0003123,0,normal
EVT-0003124,0,normal
EVT-0003125,0,normal
EVT-0003126,0,normal
EVT-0003127,0,normal
EVT-0003128,0,normal
EVT-0003129,0,normal
EVT-0003130,0,normal
EVT-0003131,0,normal
EVT-0003132,0,normal
EVT-0003133,0,normal
EVT-0003134,0,normal
EVT-0003135,0,normal
EVT-0003136,0,normal
EVT-0003137,0,normal
EVT-0003138,0,normal
EVT-0003139,0,normal
EVT-0003140,0,normal
EVT-0003141,0,normal
EVT-0003142,0,normal
EVT-0003143,0,normal
EVT-0003144,0,normal
EVT-0003145,0,normal
EVT-0003146,0,normal
EVT-0003147,0,normal
EVT-0003148,0,normal
EVT-0003149,0,normal
EVT-0003150,0,normal
EVT-0003151,0,normal
EVT-0003152,0,normal
EVT-0003153,0,normal
EVT-0003154,0,normal
EVT-0003155,0,normal
EVT-0003156,0,normal
EVT-0003157,0,normal
EVT-0003158,0,normal
EVT-0003159,0,normal
EVT-0003160,0,normal
EVT-0003161,0,normal
EVT-0003162,0,normal
EVT-0003163,0,normal
EVT-0003164,0,normal
EVT-0003165,0,normal
EVT-0003166,0,normal
EVT-0003167,0,normal
EVT-0003168,0,normal
EVT-0003169,0,normal
EVT-0003170,0,normal
EVT-0003171,0,normal
EVT-0003172,0,normal
EVT-0003173,0,normal
EVT-0003174,0,normal
EVT-0003175,0,normal
EVT-0003176,0,normal
EVT-0003177,0,normal
EVT-0003178,0,normal
EVT-0003179,0,normal
EVT-0003180,0,normal
EVT-0003181,0,normal
EVT-0003182,0,normal
EVT-0003183,0,normal
EVT-0003184,0,normal
EVT-0003185,0,normal
EVT-0003186,0,normal
EVT-0003187,0,normal
EVT-0003188,0,normal
EVT-0003189,0,normal
EVT-0003190,0,normal
EVT-0003191,0,normal
EVT-0003192,0,normal
EVT-0003193,0,normal
EVT-0003194,0,normal
EVT-0003195,0,normal
EVT-0003196,0,normal
EVT-0003197,0,normal
EVT-0003198,0,normal
EVT-0003199,0,normal
EVT-0003200,0,normal
EVT-0003201,0,normal
EVT-0003202,0,normal
EVT-0003203,0,normal
EVT-0003204,0,normal
EVT-0003205,0,normal
EVT-0003206,0,normal
EVT-0003207,0,normal
EVT-0003208,0,normal
EVT-0003209,0,normal
EVT-0003210,0,normal
EVT-0003211,0,normal
EVT-0003212,0,normal
EVT-0003213,0,normal
EVT-0003214,0,normal
EVT-0003215,0,normal
EVT-0003216,0,normal
EVT-0003217,0,normal
EVT-0003218,0,normal
EVT-0003219,0,normal
EVT-0003220,0,normal
EVT-0003221,0,normal
EVT-0003222,0,normal
EVT-0003223,0,normal
EVT-0003224,0,normal
EVT-0003225,0,normal
EVT-0003226,0,normal
EVT-0003227,0,normal
EVT-0003228,0,normal
EVT-0003229,0,normal
EVT-0003230,0,normal
EVT-0003231,0,normal
EVT-0003232,0,normal
EVT-0003233,0,normal
EVT-0003234,0,normal
EVT-0003235,0,normal
EVT-0003236,0,normal
EVT-0003237,0,normal
EVT-0003238,0,normal
EVT-0003239,0,normal
EVT-0003240,0,normal
EVT-0003241,0,normal
EVT-0003242,0,normal
EVT-0003243,0,normal
EVT-0003244,0,normal
EVT-0003245,0,normal
EVT-0003246,0,normal
EVT-0003247,0,normal
EVT-0003248,0,normal
EVT-0003249,0,normal
EVT-0003250,0,normal
EVT-0003251,0,normal
EVT-0003252,0,normal
EVT-0003253,0,normal
EVT-0003254,0,normal
EVT-0003255,0,normal
EVT-0003256,0,normal
EVT-0003257,0,normal
EVT-0003258,0,normal
EVT-0003259,0,normal
EVT-0003260,0,normal
EVT-0003261,0,normal
EVT-0003262,0,normal
EVT-0003263,0,normal
EVT-0003264,0,normal
EVT-0003265,0,normal
EVT-0003266,0,normal
EVT-0003267,0,normal
EVT-0003268,0,normal
EVT-0003269,0,normal
EVT-0003270,0,normal
EVT-0003271,0,normal
EVT-0003272,0,normal
EVT-0003273,0,normal
EVT-0003274,0,normal
EVT-0003275,0,normal
EVT-0003276,0,normal
EVT-0003277,0,normal
EVT-0003278,0,normal
EVT-0003279,0,normal
EVT-0003280,0,normal
EVT-0003281,0,normal
EVT-0003282,0,normal
EVT-0003283,0,normal
EVT-0003284,1,impossible_travel
EVT-0003285,0,normal
EVT-0003286,0,normal
EVT-0003287,0,normal
EVT-0003288,0,normal
EVT-0003289,0,normal
EVT-0003290,0,normal
EVT-0003291,0,normal
EVT-0003292,0,normal
EVT-0003293,0,normal
EVT-0003294,0,normal
EVT-0003295,0,normal
EVT-0003296,0,normal
EVT-0003297,0,normal
EVT-0003298,0,normal
EVT-0003299,0,normal
EVT-0003300,0,normal
EVT-0003301,0,normal
EVT-0003302,0,normal
EVT-0003303,0,normal
EVT-0003304,0,normal
EVT-0003305,0,normal
EVT-0003306,0,normal
EVT-0003307,0,normal
EVT-0003308,0,normal
EVT-0003309,1,credential_stuffing
EVT-0003310,1,credential_stuffing
EVT-0003311,1,credential_stuffing
EVT-0003312,1,credential_stuffing
EVT-0003313,1,credential_stuffing
EVT-0003314,1,credential_stuffing
EVT-0003315,1,credential_stuffing
EVT-0003316,1,credential_stuffing
EVT-0003317,1,credential_stuffing
EVT-0003318,1,credential_stuffing
EVT-0003319,1,credential_stuffing
EVT-0003320,1,credential_stuffing
EVT-0003321,1,credential_stuffing
EVT-0003322,1,credential_stuffing
EVT-0003323,1,credential_stuffing
EVT-0003324,1,credential_stuffing
EVT-0003325,1,credential_stuffing
EVT-0003326,0,normal
EVT-0003327,0,normal
EVT-0003328,0,normal
EVT-0003329,0,normal
EVT-0003330,0,normal
EVT-0003331,0,normal
EVT-0003332,0,normal
EVT-0003333,0,normal
EVT-0003334,0,normal
EVT-0003335,0,normal
EVT-0003336,0,normal
EVT-0003337,0,normal
EVT-0003338,0,normal
EVT-0003339,0,normal
EVT-0003340,0,normal
EVT-0003341,0,normal
EVT-0003342,0,normal
EVT-0003343,0,normal
EVT-0003344,0,normal
EVT-0003345,0,normal
EVT-0003346,0,normal
EVT-0003347,0,normal
EVT-0003348,0,normal
EVT-0003349,0,normal
EVT-0003350,0,normal
EVT-0003351,0,normal
EVT-0003352,0,normal
EVT-0003353,0,normal
EVT-0003354,0,normal
EVT-0003355,0,normal
EVT-0003356,0,normal
EVT-0003357,0,normal
EVT-0003358,0,normal
EVT-0003359,0,normal
EVT-0003360,0,normal
EVT-0003361,0,normal
EVT-0003362,0,normal
EVT-0003363,0,normal
EVT-0003364,0,normal
EVT-0003365,0,normal
EVT-0003366,0,normal
EVT-0003367,0,normal
EVT-0003368,0,normal
EVT-0003369,0,normal
EVT-0003370,0,normal
EVT-0003371,0,normal
EVT-0003372,0,normal
EVT-0003373,0,normal
EVT-0003374,0,normal
EVT-0003375,0,normal
EVT-0003376,0,normal
EVT-0003377,0,normal
EVT-0003378,0,normal
EVT-0003379,0,normal
EVT-0003380,0,normal
EVT-0003381,0,normal
EVT-0003382,0,normal
EVT-0003383,0,normal
EVT-0003384,0,normal
EVT-0003385,0,normal
EVT-0003386,0,normal
EVT-0003387,0,normal
EVT-0003388,0,normal
EVT-0003389,0,normal
EVT-0003390,0,normal
EVT-0003391,0,normal
EVT-0003392,0,normal
EVT-0003393,0,normal
EVT-0003394,0,normal
EVT-0003395,0,normal
EVT-0003396,0,normal
EVT-0003397,0,normal
EVT-0003398,0,normal
EVT-0003399,0,normal
EVT-0003400,0,normal
EVT-0003401,0,normal
EVT-0003402,0,normal
EVT-0003403,0,normal
EVT-0003404,0,normal
EVT-0003405,0,normal
EVT-0003406,0,normal
EVT-0003407,0,normal
EVT-0003408,0,normal
EVT-0003409,0,normal
EVT-0003410,0,normal
EVT-0003411,0,normal
EVT-0003412,0,normal
EVT-0003413,0,normal
EVT-0003414,0,normal
EVT-0003415,0,normal
EVT-0003416,0,normal
EVT-0003417,0,normal
EVT-0003418,0,normal
EVT-0003419,0,normal
EVT-0003420,0,normal
EVT-0003421,0,normal
EVT-0003422,0,normal
EVT-0003423,0,normal
EVT-0003424,0,normal
EVT-0003425,0,normal
EVT-0003426,0,normal
EVT-0003427,0,normal
EVT-0003428,0,normal
EVT-0003429,0,normal
EVT-0003430,0,normal
EVT-0003431,0,normal
EVT-0003432,0,normal
EVT-0003433,0,normal
EVT-0003434,0,normal
EVT-0003435,0,normal
EVT-0003436,0,normal
EVT-0003437,0,normal
EVT-0003438,0,normal
EVT-0003439,0,normal
EVT-0003440,0,normal
EVT-0003441,0,normal
EVT-0003442,0,normal
EVT-0003443,0,normal
EVT-0003444,0,normal
EVT-0003445,0,normal
EVT-0003446,0,normal
EVT-0003447,0,normal
EVT-0003448,0,normal
EVT-0003449,0,normal
EVT-0003450,0,normal
EVT-0003451,0,normal
EVT-0003452,0,normal
EVT-0003453,0,normal
EVT-0003454,0,normal
EVT-0003455,0,normal
EVT-0003456,0,normal
EVT-0003457,0,normal
EVT-0003458,0,normal
EVT-0003459,0,normal
EVT-0003460,0,normal
EVT-0003461,0,normal
EVT-0003462,0,normal
EVT-0003463,0,normal
EVT-0003464,0,normal
EVT-0003465,0,normal
EVT-0003466,0,normal
EVT-0003467,0,normal
EVT-0003468,0,normal
EVT-0003469,0,normal
EVT-0003470,0,normal
EVT-0003471,0,normal
EVT-0003472,0,normal
EVT-0003473,0,normal
EVT-0003474,0,normal
EVT-0003475,0,normal
EVT-0003476,0,normal
EVT-0003477,0,normal
EVT-0003478,0,normal
EVT-0003479,0,normal
EVT-0003480,0,normal
EVT-0003481,0,normal
EVT-0003482,0,normal
EVT-0003483,0,normal
EVT-0003484,0,normal
EVT-0003485,0,normal
EVT-0003486,0,normal
EVT-0003487,0,normal
EVT-0003488,0,normal
EVT-0003489,0,normal
EVT-0003490,0,normal
EVT-0003491,1,low_slow_exfiltration
EVT-0003492,0,normal
EVT-0003493,0,normal
EVT-0003494,0,normal
EVT-0003495,0,normal
EVT-0003496,0,normal
EVT-0003497,0,normal
EVT-0003498,0,normal
EVT-0003499,0,normal
EVT-0003500,0,normal
EVT-0003501,0,normal
EVT-0003502,0,normal
EVT-0003503,0,normal
EVT-0003504,0,normal
EVT-0003505,0,normal
EVT-0003506,0,normal
EVT-0003507,0,normal
EVT-0003508,0,normal
EVT-0003509,0,normal
EVT-0003510,0,normal
EVT-0003511,0,normal
EVT-0003512,0,normal
EVT-0003513,0,normal
EVT-0003514,0,normal
EVT-0003515,0,normal
EVT-0003516,0,normal
EVT-0003517,0,normal
EVT-0003518,0,normal
EVT-0003519,0,normal
EVT-0003520,0,normal
EVT-0003521,0,normal
EVT-0003522,0,normal
EVT-0003523,0,normal
EVT-0003524,0,normal
EVT-0003525,0,normal
EVT-0003526,0,normal
EVT-0003527,0,normal
EVT-0003528,0,normal
EVT-0003529,0,normal
EVT-0003530,0,normal
EVT-0003531,0,normal
EVT-0003532,0,normal
EVT-0003533,0,normal
EVT-0003534,0,normal
EVT-0003535,0,normal
EVT-0003536,0,normal
EVT-0003537,0,normal
EVT-0003538,0,normal
EVT-0003539,0,normal
EVT-0003540,0,normal
EVT-0003541,0,normal
EVT-0003542,0,normal
EVT-0003543,0,normal
EVT-0003544,0,normal
EVT-0003545,0,normal
EVT-0003546,0,normal
EVT-0003547,0,normal
EVT-0003548,0,normal
EVT-0003549,0,normal
EVT-0003550,0,normal
EVT-0003551,0,normal
EVT-0003552,0,normal
EVT-0003553,0,normal
EVT-0003554,0,normal
EVT-0003555,0,normal
EVT-0003556,0,normal
EVT-0003557,0,normal
EVT-0003558,0,normal
EVT-0003559,0,normal
EVT-0003560,0,normal
EVT-0003561,0,normal
EVT-0003562,0,normal
EVT-0003563,0,normal
EVT-0003564,0,normal
EVT-0003565,0,normal
EVT-0003566,0,normal
EVT-0003567,0,normal
EVT-0003568,0,normal
EVT-0003569,0,normal
EVT-0003570,0,normal
EVT-0003571,0,normal
EVT-0003572,0,normal
EVT-0003573,0,normal
EVT-0003574,0,normal
EVT-0003575,0,normal
EVT-0003576,0,normal
EVT-0003577,0,normal
EVT-0003578,0,normal
EVT-0003579,0,normal
EVT-0003580,0,normal
EVT-0003581,0,normal
EVT-0003582,0,normal
EVT-0003583,0,normal
EVT-0003584,0,normal
EVT-0003585,0,normal
EVT-0003586,0,normal
EVT-0003587,0,normal
EVT-0003588,0,normal
EVT-0003589,0,normal
EVT-0003590,0,normal
EVT-0003591,0,normal
EVT-0003592,0,normal
EVT-0003593,0,normal
EVT-0003594,0,normal
EVT-0003595,0,normal
EVT-0003596,0,normal
EVT-0003597,0,normal
EVT-0003598,0,normal
EVT-0003599,0,normal
EVT-0003600,0,normal
EVT-0003601,0,normal
EVT-0003602,0,normal
EVT-0003603,0,normal
EVT-0003604,0,normal
EVT-0003605,0,normal
EVT-0003606,0,normal
EVT-0003607,0,normal
EVT-0003608,0,normal
EVT-0003609,0,normal
EVT-0003610,0,normal
EVT-0003611,0,normal
EVT-0003612,0,normal
EVT-0003613,0,normal
EVT-0003614,0,normal
EVT-0003615,0,normal
EVT-0003616,0,normal
EVT-0003617,0,normal
EVT-0003618,0,normal
EVT-0003619,0,normal
EVT-0003620,0,normal
EVT-0003621,0,normal
EVT-0003622,0,normal
EVT-0003623,0,normal
EVT-0003624,0,normal
EVT-0003625,0,normal
EVT-0003626,0,normal
EVT-0003627,0,normal
EVT-0003628,0,normal
EVT-0003629,0,normal
EVT-0003630,0,normal
EVT-0003631,0,normal
EVT-0003632,0,normal
EVT-0003633,0,normal
EVT-0003634,0,normal
EVT-0003635,0,normal
EVT-0003636,0,normal
EVT-0003637,0,normal
EVT-0003638,0,normal
EVT-0003639,1,device_spoofing
EVT-0003640,0,normal
EVT-0003641,0,normal
EVT-0003642,0,normal
EVT-0003643,0,normal
EVT-0003644,1,impossible_travel
EVT-0003645,0,normal
EVT-0003646,0,normal
EVT-0003647,0,normal
EVT-0003648,0,normal
EVT-0003649,0,normal
EVT-0003650,0,normal
EVT-0003651,0,normal
EVT-0003652,0,normal
EVT-0003653,0,normal
EVT-0003654,0,normal
EVT-0003655,0,normal
EVT-0003656,0,normal
EVT-0003657,0,normal
EVT-0003658,0,normal
EVT-0003659,0,normal
EVT-0003660,0,normal
EVT-0003661,0,normal
EVT-0003662,0,normal
EVT-0003663,0,normal
EVT-0003664,0,normal
EVT-0003665,0,normal
EVT-0003666,0,normal
EVT-0003667,0,normal
EVT-0003668,0,normal
EVT-0003669,0,normal
EVT-0003670,0,normal
EVT-0003671,0,normal
EVT-0003672,0,normal
EVT-0003673,0,normal
EVT-0003674,0,normal
EVT-0003675,0,normal
EVT-0003676,0,normal
EVT-0003677,0,normal
EVT-0003678,0,normal
EVT-0003679,0,normal
EVT-0003680,0,normal
EVT-0003681,0,normal
EVT-0003682,0,normal
EVT-0003683,0,normal
EVT-0003684,0,normal
EVT-0003685,0,normal
EVT-0003686,0,normal
EVT-0003687,0,normal
EVT-0003688,0,normal
EVT-0003689,0,normal
EVT-0003690,0,normal
EVT-0003691,0,normal
EVT-0003692,0,normal
EVT-0003693,0,normal
EVT-0003694,0,normal
EVT-0003695,0,normal
EVT-0003696,0,normal
EVT-0003697,0,normal
EVT-0003698,0,normal
EVT-0003699,0,normal
EVT-0003700,0,normal
EVT-0003701,0,normal
EVT-0003702,0,normal
EVT-0003703,0,normal
EVT-0003704,0,normal
EVT-0003705,0,normal
EVT-0003706,0,normal
EVT-0003707,0,normal
EVT-0003708,0,normal
EVT-0003709,0,normal
EVT-0003710,0,normal
EVT-0003711,0,normal
EVT-0003712,0,normal
EVT-0003713,0,normal
EVT-0003714,0,normal
EVT-0003715,0,normal
EVT-0003716,0,normal
EVT-0003717,0,normal
EVT-0003718,0,normal
EVT-0003719,0,normal
EVT-0003720,0,normal
EVT-0003721,0,normal
EVT-0003722,0,normal
EVT-0003723,0,normal
EVT-0003724,0,normal
EVT-0003725,0,normal
EVT-0003726,0,normal
EVT-0003727,0,normal
EVT-0003728,0,normal
EVT-0003729,0,normal
EVT-0003730,0,normal
EVT-0003731,0,normal
EVT-0003732,0,normal
EVT-0003733,0,normal
EVT-0003734,0,normal
EVT-0003735,0,normal
EVT-0003736,0,normal
EVT-0003737,0,normal
EVT-0003738,0,normal
EVT-0003739,0,normal
EVT-0003740,0,normal
EVT-0003741,0,normal
EVT-0003742,0,normal
EVT-0003743,0,normal
EVT-0003744,0,normal
EVT-0003745,0,normal
EVT-0003746,0,normal
EVT-0003747,0,normal
EVT-0003748,0,normal
EVT-0003749,0,normal
EVT-0003750,0,normal
EVT-0003751,0,normal
EVT-0003752,0,normal
EVT-0003753,0,normal
EVT-0003754,0,normal
EVT-0003755,0,normal
EVT-0003756,0,normal
EVT-0003757,0,normal
EVT-0003758,0,normal
EVT-0003759,0,normal
EVT-0003760,0,normal
EVT-0003761,0,normal
EVT-0003762,0,normal
EVT-0003763,0,normal
EVT-0003764,0,normal
EVT-0003765,0,normal
EVT-0003766,0,normal
EVT-0003767,0,normal
EVT-0003768,0,normal
EVT-0003769,0,normal
EVT-0003770,0,normal
EVT-0003771,0,normal
EVT-0003772,0,normal
EVT-0003773,0,normal
EVT-0003774,0,normal
EVT-0003775,0,normal
EVT-0003776,0,normal
EVT-0003777,0,normal
EVT-0003778,0,normal
EVT-0003779,0,normal
EVT-0003780,0,normal
EVT-0003781,1,device_spoofing
EVT-0003782,0,normal
EVT-0003783,0,normal
EVT-0003784,0,normal
EVT-0003785,0,normal
EVT-0003786,0,normal
EVT-0003787,0,normal
EVT-0003788,0,normal
EVT-0003789,0,normal
EVT-0003790,0,normal
EVT-0003791,0,normal
EVT-0003792,0,normal
EVT-0003793,0,normal
EVT-0003794,0,normal
EVT-0003795,0,normal
EVT-0003796,0,normal
EVT-0003797,0,normal
EVT-0003798,0,normal
EVT-0003799,1,impossible_travel
EVT-0003800,0,normal
EVT-0003801,0,normal
EVT-0003802,0,normal
EVT-0003803,0,normal
EVT-0003804,0,normal
EVT-0003805,0,normal
EVT-0003806,0,normal
EVT-0003807,0,normal
EVT-0003808,0,normal
EVT-0003809,0,normal
EVT-0003810,0,normal
EVT-0003811,0,normal
EVT-0003812,0,normal
EVT-0003813,0,normal
EVT-0003814,0,normal
EVT-0003815,0,normal
EVT-0003816,0,normal
EVT-0003817,0,normal
EVT-0003818,0,normal
EVT-0003819,0,normal
EVT-0003820,0,normal
EVT-0003821,0,normal
EVT-0003822,0,normal
EVT-0003823,0,normal
EVT-0003824,0,normal
EVT-0003825,0,normal
EVT-0003826,0,normal
EVT-0003827,0,normal
EVT-0003828,0,normal
EVT-0003829,0,normal
EVT-0003830,0,normal
EVT-0003831,0,normal
EVT-0003832,0,normal
EVT-0003833,0,normal
EVT-0003834,0,normal
EVT-0003835,0,normal
EVT-0003836,0,normal
EVT-0003837,0,normal
EVT-0003838,0,normal
EVT-0003839,0,normal
EVT-0003840,0,normal
EVT-0003841,0,normal
EVT-0003842,0,normal
EVT-0003843,0,normal
EVT-0003844,0,normal
EVT-0003845,0,normal
EVT-0003846,0,normal
EVT-0003847,0,normal
EVT-0003848,0,normal
EVT-0003849,0,normal
EVT-0003850,0,normal
EVT-0003851,0,normal
EVT-0003852,0,normal
EVT-0003853,0,normal
EVT-0003854,0,normal
EVT-0003855,1,device_spoofing
EVT-0003856,0,normal
EVT-0003857,0,normal
EVT-0003858,0,normal
EVT-0003859,0,normal
EVT-0003860,0,normal
EVT-0003861,0,normal
EVT-0003862,0,normal
EVT-0003863,0,normal
EVT-0003864,0,normal
EVT-0003865,0,normal
EVT-0003866,0,normal
EVT-0003867,0,normal
EVT-0003868,0,normal
EVT-0003869,0,normal
EVT-0003870,0,normal
EVT-0003871,0,normal
EVT-0003872,0,normal
EVT-0003873,0,normal
EVT-0003874,0,normal
EVT-0003875,0,normal
EVT-0003876,0,normal
EVT-0003877,0,normal
EVT-0003878,0,normal
EVT-0003879,0,normal
EVT-0003880,0,normal
EVT-0003881,0,normal
EVT-0003882,0,normal
EVT-0003883,0,normal
EVT-0003884,0,normal
EVT-0003885,0,normal
EVT-0003886,0,normal
EVT-0003887,0,normal
EVT-0003888,0,normal
EVT-0003889,0,normal
EVT-0003890,0,normal
EVT-0003891,0,normal
EVT-0003892,0,normal
EVT-0003893,0,normal
EVT-0003894,0,normal
EVT-0003895,0,normal
EVT-0003896,0,normal
EVT-0003897,0,normal
EVT-0003898,0,normal
EVT-0003899,0,normal
EVT-0003900,0,normal
EVT-0003901,0,normal
EVT-0003902,0,normal
EVT-0003903,0,normal
EVT-0003904,0,normal
EVT-0003905,0,normal
EVT-0003906,0,normal
EVT-0003907,0,normal
EVT-0003908,0,normal
EVT-0003909,0,normal
EVT-0003910,0,normal
EVT-0003911,0,normal
EVT-0003912,0,normal
EVT-0003913,0,normal
EVT-0003914,0,normal
EVT-0003915,0,normal
EVT-0003916,0,normal
EVT-0003917,0,normal
EVT-0003918,0,normal
EVT-0003919,0,normal
EVT-0003920,0,normal
EVT-0003921,0,normal
EVT-0003922,0,normal
EVT-0003923,0,normal
EVT-0003924,0,normal
EVT-0003925,0,normal
EVT-0003926,0,normal
EVT-0003927,0,normal
EVT-0003928,0,normal
EVT-0003929,0,normal
EVT-0003930,0,normal
EVT-0003931,0,normal
EVT-0003932,0,normal
EVT-0003933,0,normal
EVT-0003934,0,normal
EVT-0003935,0,normal
EVT-0003936,0,normal
EVT-0003937,0,normal
EVT-0003938,0,normal
EVT-0003939,0,normal
EVT-0003940,0,normal
EVT-0003941,0,normal
EVT-0003942,0,normal
EVT-0003943,0,normal
EVT-0003944,0,normal
EVT-0003945,0,normal
EVT-0003946,0,normal
EVT-0003947,0,normal
EVT-0003948,0,normal
EVT-0003949,0,normal
EVT-0003950,0,normal
EVT-0003951,0,normal
EVT-0003952,0,normal
EVT-0003953,0,normal
EVT-0003954,0,normal
EVT-0003955,0,normal
EVT-0003956,0,normal
EVT-0003957,0,normal
EVT-0003958,0,normal
EVT-0003959,0,normal
EVT-0003960,0,normal
EVT-0003961,0,normal
EVT-0003962,0,normal
EVT-0003963,0,normal
EVT-0003964,0,normal
EVT-0003965,0,normal
EVT-0003966,0,normal
EVT-0003967,0,normal
EVT-0003968,0,normal
EVT-0003969,0,normal
EVT-0003970,0,normal
EVT-0003971,1,impossible_travel
EVT-0003972,0,normal
EVT-0003973,0,normal
EVT-0003974,0,normal
EVT-0003975,0,normal
EVT-0003976,0,normal
EVT-0003977,0,normal
EVT-0003978,0,normal
EVT-0003979,0,normal
EVT-0003980,0,normal
EVT-0003981,0,normal
EVT-0003982,0,normal
EVT-0003983,0,normal
EVT-0003984,0,normal
EVT-0003985,0,normal
EVT-0003986,0,normal
EVT-0003987,0,normal
EVT-0003988,0,normal
EVT-0003989,0,normal
EVT-0003990,0,normal
EVT-0003991,0,normal
EVT-0003992,0,normal
EVT-0003993,0,normal
EVT-0003994,0,normal
EVT-0003995,0,normal
EVT-0003996,0,normal
EVT-0003997,0,normal
EVT-0003998,0,normal
EVT-0003999,0,normal
EVT-0004000,0,normal
EVT-0004001,0,normal
EVT-0004002,0,normal
EVT-0004003,0,normal
EVT-0004004,0,normal
EVT-0004005,0,normal
EVT-0004006,0,normal
EVT-0004007,0,normal
EVT-0004008,0,normal
EVT-0004009,0,normal
EVT-0004010,0,normal
EVT-0004011,0,normal
EVT-0004012,0,normal
EVT-0004013,0,normal
EVT-0004014,0,normal
EVT-0004015,0,normal
EVT-0004016,0,normal
EVT-0004017,0,normal
EVT-0004018,0,normal
EVT-0004019,0,normal
EVT-0004020,0,normal
EVT-0004021,0,normal
EVT-0004022,0,normal
EVT-0004023,0,normal
EVT-0004024,0,normal
EVT-0004025,0,normal
EVT-0004026,0,normal
EVT-0004027,0,normal
EVT-0004028,0,normal
EVT-0004029,1,impossible_travel
EVT-0004030,0,normal
EVT-0004031,0,normal
EVT-0004032,0,normal
EVT-0004033,0,normal
EVT-0004034,0,normal
EVT-0004035,0,normal
EVT-0004036,0,normal
EVT-0004037,0,normal
EVT-0004038,0,normal
EVT-0004039,0,normal
EVT-0004040,1,impossible_travel
EVT-0004041,0,normal
EVT-0004042,0,normal
EVT-0004043,0,normal
EVT-0004044,0,normal
EVT-0004045,0,normal
EVT-0004046,0,normal
EVT-0004047,0,normal
EVT-0004048,0,normal
EVT-0004049,0,normal
EVT-0004050,0,normal
EVT-0004051,0,normal
EVT-0004052,0,normal
EVT-0004053,0,normal
EVT-0004054,0,normal
EVT-0004055,0,normal
EVT-0004056,0,normal
EVT-0004057,0,normal
EVT-0004058,0,normal
EVT-0004059,0,normal
EVT-0004060,0,normal
EVT-0004061,0,normal
EVT-0004062,0,normal
EVT-0004063,0,normal
EVT-0004064,0,normal
EVT-0004065,0,normal
EVT-0004066,0,normal
EVT-0004067,0,normal
EVT-0004068,0,normal
EVT-0004069,0,normal
EVT-0004070,0,normal
EVT-0004071,0,normal
EVT-0004072,0,normal
EVT-0004073,0,normal
EVT-0004074,0,normal
EVT-0004075,0,normal
EVT-0004076,0,normal
EVT-0004077,0,normal
EVT-0004078,0,normal
EVT-0004079,0,normal
EVT-0004080,0,normal
EVT-0004081,0,normal
EVT-0004082,0,normal
EVT-0004083,0,normal
EVT-0004084,0,normal
EVT-0004085,0,normal
EVT-0004086,0,normal
EVT-0004087,0,normal
EVT-0004088,0,normal
EVT-0004089,0,normal
EVT-0004090,0,normal
EVT-0004091,0,normal
EVT-0004092,0,normal
EVT-0004093,0,normal
EVT-0004094,0,normal
EVT-0004095,0,normal
EVT-0004096,0,normal
EVT-0004097,0,normal
EVT-0004098,0,normal
EVT-0004099,0,normal
EVT-0004100,0,normal
EVT-0004101,0,normal
EVT-0004102,0,normal
EVT-0004103,0,normal
EVT-0004104,0,normal
EVT-0004105,0,normal
EVT-0004106,1,device_spoofing
EVT-0004107,0,normal
EVT-0004108,0,normal
EVT-0004109,0,normal
EVT-0004110,0,normal
EVT-0004111,0,normal
EVT-0004112,0,normal
EVT-0004113,0,normal
EVT-0004114,0,normal
EVT-0004115,0,normal
EVT-0004116,0,normal
EVT-0004117,0,normal
EVT-0004118,0,normal
EVT-0004119,0,normal
EVT-0004120,0,normal
EVT-0004121,1,impossible_travel
EVT-0004122,0,normal
EVT-0004123,0,normal
EVT-0004124,0,normal
EVT-0004125,0,normal
EVT-0004126,0,normal
EVT-0004127,0,normal
EVT-0004128,0,normal
EVT-0004129,0,normal
EVT-0004130,0,normal
EVT-0004131,0,normal
EVT-0004132,0,normal
EVT-0004133,0,normal
EVT-0004134,0,normal
EVT-0004135,0,normal
EVT-0004136,0,normal
EVT-0004137,0,normal
EVT-0004138,0,normal
EVT-0004139,0,normal
EVT-0004140,0,normal
EVT-0004141,0,normal
EVT-0004142,0,normal
EVT-0004143,0,normal
EVT-0004144,0,normal
EVT-0004145,0,normal
EVT-0004146,0,normal
EVT-0004147,0,normal
EVT-0004148,0,normal
EVT-0004149,0,normal
EVT-0004150,0,normal
EVT-0004151,0,normal
EVT-0004152,0,normal
EVT-0004153,0,normal
EVT-0004154,0,normal
EVT-0004155,0,normal
EVT-0004156,0,normal
EVT-0004157,0,normal
EVT-0004158,0,normal
EVT-0004159,0,normal
EVT-0004160,0,normal
EVT-0004161,0,normal
EVT-0004162,0,normal
EVT-0004163,0,normal
EVT-0004164,0,normal
EVT-0004165,0,normal
EVT-0004166,0,normal
EVT-0004167,0,normal
EVT-0004168,0,normal
EVT-0004169,0,normal
EVT-0004170,0,normal
EVT-0004171,0,normal
EVT-0004172,0,normal
EVT-0004173,0,normal
EVT-0004174,0,normal
EVT-0004175,0,normal
EVT-0004176,0,normal
EVT-0004177,0,normal
EVT-0004178,0,normal
EVT-0004179,0,normal
EVT-0004180,0,normal
EVT-0004181,0,normal
EVT-0004182,0,normal
EVT-0004183,0,normal
EVT-0004184,0,normal
EVT-0004185,0,normal
EVT-0004186,0,normal
EVT-0004187,0,normal
EVT-0004188,0,normal
EVT-0004189,0,normal
EVT-0004190,0,normal
EVT-0004191,0,normal
EVT-0004192,0,normal
EVT-0004193,0,normal
EVT-0004194,1,low_slow_exfiltration
EVT-0004195,0,normal
EVT-0004196,0,normal
EVT-0004197,0,normal
EVT-0004198,0,normal
EVT-0004199,0,normal
EVT-0004200,0,normal
EVT-0004201,0,normal
EVT-0004202,0,normal
EVT-0004203,0,normal
EVT-0004204,0,normal
EVT-0004205,0,normal
EVT-0004206,0,normal
EVT-0004207,0,normal
EVT-0004208,0,normal
EVT-0004209,0,normal
EVT-0004210,0,normal
EVT-0004211,0,normal
EVT-0004212,0,normal
EVT-0004213,0,normal
EVT-0004214,0,normal
EVT-0004215,0,normal
EVT-0004216,0,normal
EVT-0004217,0,normal
EVT-0004218,0,normal
EVT-0004219,0,normal
EVT-0004220,0,normal
EVT-0004221,0,normal
EVT-0004222,0,normal
EVT-0004223,0,normal
EVT-0004224,0,normal
EVT-0004225,0,normal
EVT-0004226,0,normal
EVT-0004227,0,normal
EVT-0004228,0,normal
EVT-0004229,0,normal
EVT-0004230,0,normal
EVT-0004231,0,normal
EVT-0004232,0,normal
EVT-0004233,0,normal
EVT-0004234,0,normal
EVT-0004235,0,normal
EVT-0004236,0,normal
EVT-0004237,0,normal
EVT-0004238,0,normal
EVT-0004239,0,normal
EVT-0004240,0,normal
EVT-0004241,0,normal
EVT-0004242,0,normal
EVT-0004243,0,normal
EVT-0004244,0,normal
EVT-0004245,0,normal
EVT-0004246,0,normal
EVT-0004247,0,normal
EVT-0004248,0,normal
EVT-0004249,0,normal
EVT-0004250,0,normal
EVT-0004251,0,normal
EVT-0004252,0,normal
EVT-0004253,0,normal
EVT-0004254,0,normal
EVT-0004255,0,normal
EVT-0004256,0,normal
EVT-0004257,0,normal
EVT-0004258,0,normal
EVT-0004259,0,normal
EVT-0004260,0,normal
EVT-0004261,0,normal
EVT-0004262,0,normal
EVT-0004263,0,normal
EVT-0004264,0,normal
EVT-0004265,0,normal
EVT-0004266,0,normal
EVT-0004267,0,normal
EVT-0004268,0,normal
EVT-0004269,0,normal
EVT-0004270,0,normal
EVT-0004271,0,normal
EVT-0004272,0,normal
EVT-0004273,1,low_slow_exfiltration
EVT-0004274,0,normal
EVT-0004275,0,normal
EVT-0004276,0,normal
EVT-0004277,0,normal
EVT-0004278,0,normal
EVT-0004279,0,normal
EVT-0004280,0,normal
EVT-0004281,0,normal
EVT-0004282,0,normal
EVT-0004283,0,normal
EVT-0004284,0,normal
EVT-0004285,0,normal
EVT-0004286,0,normal
EVT-0004287,0,normal
EVT-0004288,0,normal
EVT-0004289,0,normal
EVT-0004290,0,normal
EVT-0004291,0,normal
EVT-0004292,0,normal
EVT-0004293,0,normal
EVT-0004294,0,normal
EVT-0004295,0,normal
EVT-0004296,0,normal
EVT-0004297,0,normal
EVT-0004298,0,normal
EVT-0004299,0,normal
EVT-0004300,0,normal
EVT-0004301,0,normal
EVT-0004302,0,normal
EVT-0004303,0,normal
EVT-0004304,0,normal
EVT-0004305,0,normal
EVT-0004306,0,normal
EVT-0004307,0,normal
EVT-0004308,0,normal
EVT-0004309,0,normal
EVT-0004310,0,normal
EVT-0004311,0,normal
EVT-0004312,0,normal
EVT-0004313,0,normal
EVT-0004314,0,normal
EVT-0004315,0,normal
EVT-0004316,0,normal
EVT-0004317,0,normal
EVT-0004318,0,normal
EVT-0004319,0,normal
EVT-0004320,0,normal
EVT-0004321,0,normal
EVT-0004322,0,normal
EVT-0004323,0,normal
EVT-0004324,0,normal
EVT-0004325,0,normal
EVT-0004326,0,normal
EVT-0004327,0,normal
EVT-0004328,0,normal
EVT-0004329,0,normal
EVT-0004330,0,normal
EVT-0004331,0,normal
EVT-0004332,0,normal
EVT-0004333,0,normal
EVT-0004334,0,normal
EVT-0004335,0,normal
EVT-0004336,0,normal
EVT-0004337,0,normal
EVT-0004338,0,normal
EVT-0004339,0,normal
EVT-0004340,0,normal
EVT-0004341,0,normal
EVT-0004342,0,normal
EVT-0004343,0,normal
EVT-0004344,0,normal
EVT-0004345,0,normal
EVT-0004346,0,normal
EVT-0004347,0,normal
EVT-0004348,0,normal
EVT-0004349,0,normal
EVT-0004350,0,normal
EVT-0004351,0,normal
EVT-0004352,0,normal
EVT-0004353,0,normal
EVT-0004354,0,normal
EVT-0004355,0,normal
EVT-0004356,0,normal
EVT-0004357,0,normal
EVT-0004358,0,normal
EVT-0004359,0,normal
EVT-0004360,0,normal
EVT-0004361,0,normal
EVT-0004362,0,normal
EVT-0004363,0,normal
EVT-0004364,0,normal
EVT-0004365,0,normal
EVT-0004366,0,normal
EVT-0004367,0,normal
EVT-0004368,0,normal
EVT-0004369,0,normal
EVT-0004370,0,normal
EVT-0004371,0,normal
EVT-0004372,0,normal
EVT-0004373,0,normal
EVT-0004374,0,normal
EVT-0004375,0,normal
EVT-0004376,0,normal
EVT-0004377,0,normal
EVT-0004378,0,normal
EVT-0004379,0,normal
EVT-0004380,0,normal
EVT-0004381,0,normal
EVT-0004382,0,normal
EVT-0004383,0,normal
EVT-0004384,0,normal
EVT-0004385,0,normal
EVT-0004386,0,normal
EVT-0004387,0,normal
EVT-0004388,0,normal
EVT-0004389,0,normal
EVT-0004390,0,normal
EVT-0004391,0,normal
EVT-0004392,0,normal
EVT-0004393,0,normal
EVT-0004394,0,normal
EVT-0004395,0,normal
EVT-0004396,0,normal
EVT-0004397,0,normal
EVT-0004398,0,normal
EVT-0004399,0,normal
EVT-0004400,1,low_slow_exfiltration
EVT-0004401,0,normal
EVT-0004402,0,normal
EVT-0004403,0,normal
EVT-0004404,0,normal
EVT-0004405,0,normal
EVT-0004406,0,normal
EVT-0004407,0,normal
EVT-0004408,0,normal
EVT-0004409,0,normal
EVT-0004410,0,normal
EVT-0004411,0,normal
EVT-0004412,0,normal
EVT-0004413,0,normal
EVT-0004414,0,normal
EVT-0004415,0,normal
EVT-0004416,0,normal
EVT-0004417,0,normal
EVT-0004418,0,normal
EVT-0004419,0,normal
EVT-0004420,0,normal
EVT-0004421,0,normal
EVT-0004422,0,normal
EVT-0004423,0,normal
EVT-0004424,0,normal
EVT-0004425,0,normal
EVT-0004426,0,normal
EVT-0004427,0,normal
EVT-0004428,0,normal
EVT-0004429,0,normal
EVT-0004430,0,normal
EVT-0004431,0,normal
EVT-0004432,0,normal
EVT-0004433,0,normal
EVT-0004434,0,normal
EVT-0004435,0,normal
EVT-0004436,0,normal
EVT-0004437,0,normal
EVT-0004438,0,normal
EVT-0004439,0,normal
EVT-0004440,0,normal
EVT-0004441,0,normal
EVT-0004442,0,normal
EVT-0004443,0,normal
EVT-0004444,1,low_slow_exfiltration
EVT-0004445,0,normal
EVT-0004446,0,normal
EVT-0004447,0,normal
EVT-0004448,0,normal
EVT-0004449,0,normal
EVT-0004450,0,normal
EVT-0004451,0,normal
EVT-0004452,0,normal
EVT-0004453,0,normal
EVT-0004454,0,normal
EVT-0004455,0,normal
EVT-0004456,0,normal
EVT-0004457,0,normal
EVT-0004458,0,normal
EVT-0004459,0,normal
EVT-0004460,0,normal
EVT-0004461,0,normal
EVT-0004462,0,normal
EVT-0004463,0,normal
EVT-0004464,0,normal
EVT-0004465,0,normal
EVT-0004466,0,normal
EVT-0004467,0,normal
EVT-0004468,0,normal
EVT-0004469,0,normal
EVT-0004470,0,normal
EVT-0004471,0,normal
EVT-0004472,0,normal
EVT-0004473,0,normal
EVT-0004474,0,normal
EVT-0004475,0,normal
EVT-0004476,0,normal
EVT-0004477,0,normal
EVT-0004478,0,normal
EVT-0004479,0,normal
EVT-0004480,0,normal
EVT-0004481,0,normal
EVT-0004482,0,normal
EVT-0004483,0,normal
EVT-0004484,0,normal
EVT-0004485,0,normal
EVT-0004486,0,normal
EVT-0004487,0,normal
EVT-0004488,0,normal
EVT-0004489,0,normal
EVT-0004490,1,low_slow_exfiltration
EVT-0004491,0,normal
EVT-0004492,0,normal
EVT-0004493,0,normal
EVT-0004494,0,normal
EVT-0004495,0,normal
EVT-0004496,0,normal
EVT-0004497,0,normal
EVT-0004498,0,normal
EVT-0004499,0,normal
EVT-0004500,0,normal
EVT-0004501,0,normal
EVT-0004502,0,normal
EVT-0004503,0,normal
EVT-0004504,0,normal
EVT-0004505,0,normal
EVT-0004506,0,normal
EVT-0004507,0,normal
EVT-0004508,0,normal
EVT-0004509,0,normal
EVT-0004510,0,normal
EVT-0004511,0,normal
EVT-0004512,0,normal
EVT-0004513,0,normal
EVT-0004514,0,normal
EVT-0004515,0,normal
EVT-0004516,1,low_slow_exfiltration
EVT-0004517,0,normal
EVT-0004518,0,normal
EVT-0004519,0,normal
EVT-0004520,0,normal
EVT-0004521,0,normal
EVT-0004522,0,normal
EVT-0004523,0,normal
EVT-0004524,0,normal
EVT-0004525,0,normal
EVT-0004526,1,lateral_movement
EVT-0004527,1,lateral_movement
EVT-0004528,0,normal
EVT-0004529,0,normal
EVT-0004530,1,lateral_movement
EVT-0004531,1,lateral_movement
EVT-0004532,0,normal
EVT-0004533,0,normal
EVT-0004534,1,lateral_movement
EVT-0004535,0,normal
EVT-0004536,0,normal
EVT-0004537,0,normal
EVT-0004538,0,normal
EVT-0004539,0,normal
EVT-0004540,0,normal
EVT-0004541,0,normal
EVT-0004542,0,normal
EVT-0004543,0,normal
EVT-0004544,0,normal
EVT-0004545,0,normal
EVT-0004546,0,normal
EVT-0004547,0,normal
EVT-0004548,0,normal
EVT-0004549,0,normal
EVT-0004550,0,normal
EVT-0004551,0,normal
EVT-0004552,0,normal
EVT-0004553,0,normal
EVT-0004554,0,normal
EVT-0004555,0,normal
EVT-0004556,0,normal
EVT-0004557,0,normal
EVT-0004558,0,normal
EVT-0004559,0,normal
EVT-0004560,0,normal
EVT-0004561,0,normal
EVT-0004562,0,normal
EVT-0004563,0,normal
EVT-0004564,0,normal
EVT-0004565,0,normal
EVT-0004566,0,normal
EVT-0004567,0,normal
EVT-0004568,0,normal
EVT-0004569,0,normal
EVT-0004570,0,normal
EVT-0004571,0,normal
EVT-0004572,0,normal
EVT-0004573,0,normal
EVT-0004574,0,normal
EVT-0004575,0,normal
EVT-0004576,0,normal
EVT-0004577,0,normal
EVT-0004578,0,normal
EVT-0004579,0,normal
EVT-0004580,0,normal
EVT-0004581,0,normal
EVT-0004582,0,normal
EVT-0004583,0,normal
EVT-0004584,0,normal
EVT-0004585,0,normal
EVT-0004586,0,normal
EVT-0004587,0,normal
EVT-0004588,0,normal
EVT-0004589,0,normal
EVT-0004590,0,normal
EVT-0004591,0,normal
EVT-0004592,0,normal
EVT-0004593,0,normal
EVT-0004594,0,normal
EVT-0004595,0,normal
EVT-0004596,0,normal
EVT-0004597,0,normal
EVT-0004598,0,normal
EVT-0004599,0,normal
EVT-0004600,0,normal
EVT-0004601,0,normal
EVT-0004602,0,normal
EVT-0004603,0,normal
EVT-0004604,0,normal
EVT-0004605,0,normal
EVT-0004606,0,normal
EVT-0004607,1,device_spoofing
EVT-0004608,0,normal
EVT-0004609,0,normal
EVT-0004610,0,normal
EVT-0004611,0,normal
EVT-0004612,0,normal
EVT-0004613,0,normal
EVT-0004614,0,normal
EVT-0004615,0,normal
EVT-0004616,0,normal
EVT-0004617,0,normal
EVT-0004618,0,normal
EVT-0004619,0,normal
EVT-0004620,0,normal
EVT-0004621,0,normal
EVT-0004622,0,normal
EVT-0004623,0,normal
EVT-0004624,0,normal
EVT-0004625,0,normal
EVT-0004626,0,normal
EVT-0004627,0,normal
EVT-0004628,0,normal
EVT-0004629,0,normal
EVT-0004630,0,normal
EVT-0004631,0,normal
EVT-0004632,0,normal
EVT-0004633,0,normal
EVT-0004634,0,normal
EVT-0004635,0,normal
EVT-0004636,0,normal
EVT-0004637,0,normal
EVT-0004638,0,normal
EVT-0004639,0,normal
EVT-0004640,0,normal
EVT-0004641,0,normal
EVT-0004642,0,normal
EVT-0004643,0,normal
EVT-0004644,0,normal
EVT-0004645,0,normal
EVT-0004646,0,normal
EVT-0004647,0,normal
EVT-0004648,0,normal
EVT-0004649,0,normal
EVT-0004650,0,normal
EVT-0004651,0,normal
EVT-0004652,0,normal
EVT-0004653,0,normal
EVT-0004654,0,normal
EVT-0004655,0,normal
EVT-0004656,0,normal
EVT-0004657,0,normal
EVT-0004658,0,normal
EVT-0004659,0,normal
EVT-0004660,0,normal
EVT-0004661,0,normal
EVT-0004662,0,normal
EVT-0004663,0,normal
EVT-0004664,0,normal
EVT-0004665,0,normal
EVT-0004666,0,normal
EVT-0004667,0,normal
EVT-0004668,0,normal
EVT-0004669,0,normal
EVT-0004670,0,normal
EVT-0004671,0,normal
EVT-0004672,0,normal
EVT-0004673,0,normal
EVT-0004674,0,normal
EVT-0004675,0,normal
EVT-0004676,0,normal
EVT-0004677,0,normal
EVT-0004678,0,normal
EVT-0004679,0,normal
EVT-0004680,1,impossible_travel
EVT-0004681,0,normal
EVT-0004682,0,normal
EVT-0004683,0,normal
EVT-0004684,0,normal
EVT-0004685,0,normal
EVT-0004686,0,normal
EVT-0004687,0,normal
EVT-0004688,0,normal
EVT-0004689,0,normal
EVT-0004690,0,normal
EVT-0004691,0,normal
EVT-0004692,0,normal
EVT-0004693,0,normal
EVT-0004694,0,normal
EVT-0004695,0,normal
EVT-0004696,0,normal
EVT-0004697,0,normal
EVT-0004698,0,normal
EVT-0004699,0,normal
EVT-0004700,0,normal
EVT-0004701,0,normal
EVT-0004702,0,normal
EVT-0004703,0,normal
EVT-0004704,0,normal
EVT-0004705,0,normal
EVT-0004706,0,normal
EVT-0004707,0,normal
EVT-0004708,0,normal
EVT-0004709,0,normal
EVT-0004710,0,normal
EVT-0004711,0,normal
EVT-0004712,0,normal
EVT-0004713,0,normal
EVT-0004714,0,normal
EVT-0004715,0,normal
EVT-0004716,0,normal
EVT-0004717,0,normal
EVT-0004718,0,normal
EVT-0004719,0,normal
EVT-0004720,0,normal
EVT-0004721,0,normal
EVT-0004722,0,normal
EVT-0004723,0,normal
EVT-0004724,0,normal
EVT-0004725,0,normal
EVT-0004726,0,normal
EVT-0004727,0,normal
EVT-0004728,0,normal
EVT-0004729,0,normal
EVT-0004730,0,normal
EVT-0004731,0,normal
EVT-0004732,0,normal
EVT-0004733,0,normal
EVT-0004734,0,normal
EVT-0004735,0,normal
EVT-0004736,0,normal
EVT-0004737,0,normal
EVT-0004738,0,normal
EVT-0004739,0,normal
EVT-0004740,0,normal
EVT-0004741,0,normal
EVT-0004742,0,normal
EVT-0004743,0,normal
EVT-0004744,0,normal
EVT-0004745,0,normal
EVT-0004746,0,normal
EVT-0004747,0,normal
EVT-0004748,0,normal
EVT-0004749,0,normal
EVT-0004750,0,normal
EVT-0004751,0,normal
EVT-0004752,0,normal
EVT-0004753,0,normal
EVT-0004754,0,normal
EVT-0004755,0,normal
EVT-0004756,0,normal
EVT-0004757,0,normal
EVT-0004758,0,normal
EVT-0004759,0,normal
EVT-0004760,0,normal
EVT-0004761,0,normal
EVT-0004762,0,normal
EVT-0004763,0,normal
EVT-0004764,0,normal
EVT-0004765,0,normal
EVT-0004766,0,normal
EVT-0004767,0,normal
EVT-0004768,0,normal
EVT-0004769,0,normal
EVT-0004770,0,normal
EVT-0004771,0,normal
EVT-0004772,0,normal
EVT-0004773,0,normal
EVT-0004774,0,normal
EVT-0004775,0,normal
EVT-0004776,0,normal
EVT-0004777,0,normal
EVT-0004778,0,normal
EVT-0004779,0,normal
EVT-0004780,0,normal
EVT-0004781,0,normal
EVT-0004782,0,normal
EVT-0004783,0,normal
EVT-0004784,0,normal
EVT-0004785,0,normal
EVT-0004786,0,normal
EVT-0004787,0,normal
EVT-0004788,0,normal
EVT-0004789,0,normal
EVT-0004790,0,normal
EVT-0004791,0,normal
EVT-0004792,0,normal
EVT-0004793,0,normal
EVT-0004794,0,normal
EVT-0004795,0,normal
EVT-0004796,0,normal
EVT-0004797,0,normal
EVT-0004798,0,normal
EVT-0004799,0,normal
EVT-0004800,0,normal
EVT-0004801,0,normal
EVT-0004802,0,normal
EVT-0004803,0,normal
EVT-0004804,0,normal
EVT-0004805,0,normal
EVT-0004806,0,normal
EVT-0004807,0,normal
EVT-0004808,0,normal
EVT-0004809,0,normal
EVT-0004810,0,normal
EVT-0004811,0,normal
EVT-0004812,0,normal
EVT-0004813,0,normal
EVT-0004814,0,normal
EVT-0004815,0,normal
EVT-0004816,0,normal
EVT-0004817,0,normal
EVT-0004818,0,normal
EVT-0004819,0,normal
EVT-0004820,0,normal
EVT-0004821,0,normal
EVT-0004822,0,normal
EVT-0004823,0,normal
EVT-0004824,0,normal
EVT-0004825,0,normal
EVT-0004826,0,normal
EVT-0004827,0,normal
EVT-0004828,0,normal
EVT-0004829,0,normal
EVT-0004830,0,normal
EVT-0004831,0,normal
EVT-0004832,0,normal
EVT-0004833,0,normal
EVT-0004834,0,normal
EVT-0004835,0,normal
EVT-0004836,0,normal
EVT-0004837,0,normal
EVT-0004838,0,normal
EVT-0004839,0,normal
EVT-0004840,0,normal
EVT-0004841,0,normal
EVT-0004842,0,normal
EVT-0004843,0,normal
EVT-0004844,0,normal
EVT-0004845,0,normal
EVT-0004846,0,normal
EVT-0004847,0,normal
EVT-0004848,0,normal
EVT-0004849,0,normal
EVT-0004850,0,normal
EVT-0004851,0,normal
EVT-0004852,0,normal
EVT-0004853,0,normal
EVT-0004854,0,normal
EVT-0004855,0,normal
EVT-0004856,0,normal
EVT-0004857,0,normal
EVT-0004858,0,normal
EVT-0004859,0,normal
EVT-0004860,0,normal
EVT-0004861,0,normal
EVT-0004862,0,normal
EVT-0004863,0,normal
EVT-0004864,0,normal
EVT-0004865,0,normal
EVT-0004866,0,normal
EVT-0004867,0,normal
EVT-0004868,0,normal
EVT-0004869,0,normal
EVT-0004870,0,normal
EVT-0004871,0,normal
EVT-0004872,0,normal
EVT-0004873,0,normal
EVT-0004874,0,normal
EVT-0004875,0,normal
EVT-0004876,0,normal
EVT-0004877,0,normal
EVT-0004878,0,normal
EVT-0004879,0,normal
EVT-0004880,0,normal
EVT-0004881,0,normal
EVT-0004882,0,normal
EVT-0004883,0,normal
EVT-0004884,0,normal
EVT-0004885,0,normal
EVT-0004886,0,normal
EVT-0004887,0,normal
EVT-0004888,0,normal
EVT-0004889,0,normal
EVT-0004890,0,normal
EVT-0004891,0,normal
EVT-0004892,0,normal
EVT-0004893,0,normal
EVT-0004894,0,normal
EVT-0004895,0,normal
EVT-0004896,0,normal
EVT-0004897,0,normal
EVT-0004898,0,normal
EVT-0004899,0,normal
EVT-0004900,0,normal
EVT-0004901,0,normal
EVT-0004902,0,normal
EVT-0004903,0,normal
EVT-0004904,0,normal
EVT-0004905,0,normal
EVT-0004906,0,normal
EVT-0004907,0,normal
EVT-0004908,0,normal
EVT-0004909,0,normal
EVT-0004910,0,normal
EVT-0004911,0,normal
EVT-0004912,0,normal
EVT-0004913,0,normal
EVT-0004914,0,normal
EVT-0004915,0,normal
EVT-0004916,0,normal
EVT-0004917,0,normal
EVT-0004918,0,normal
EVT-0004919,0,normal
EVT-0004920,0,normal
EVT-0004921,0,normal
EVT-0004922,0,normal
EVT-0004923,0,normal
EVT-0004924,0,normal
EVT-0004925,0,normal
EVT-0004926,0,normal
EVT-0004927,0,normal
EVT-0004928,0,normal
EVT-0004929,0,normal
EVT-0004930,0,normal
EVT-0004931,0,normal
EVT-0004932,0,normal
EVT-0004933,0,normal
EVT-0004934,0,normal
EVT-0004935,0,normal
EVT-0004936,0,normal
EVT-0004937,0,normal
EVT-0004938,0,normal
EVT-0004939,0,normal
EVT-0004940,0,normal
EVT-0004941,0,normal
EVT-0004942,0,normal
EVT-0004943,0,normal
EVT-0004944,0,normal
EVT-0004945,0,normal
EVT-0004946,0,normal
EVT-0004947,0,normal
EVT-0004948,0,normal
EVT-0004949,0,normal
EVT-0004950,0,normal
EVT-0004951,0,normal
EVT-0004952,0,normal
EVT-0004953,0,normal
EVT-0004954,0,normal
EVT-0004955,0,normal
EVT-0004956,0,normal
EVT-0004957,0,normal
EVT-0004958,0,normal
EVT-0004959,0,normal
EVT-0004960,0,normal
EVT-0004961,0,normal
EVT-0004962,0,normal
EVT-0004963,0,normal
EVT-0004964,0,normal
EVT-0004965,0,normal
EVT-0004966,0,normal
EVT-0004967,0,normal
EVT-0004968,0,normal
EVT-0004969,0,normal
EVT-0004970,0,normal
EVT-0004971,0,normal
EVT-0004972,0,normal
EVT-0004973,0,normal
EVT-0004974,0,normal
EVT-0004975,0,normal
EVT-0004976,0,normal
EVT-0004977,1,low_slow_exfiltration
EVT-0004978,0,normal
EVT-0004979,0,normal
EVT-0004980,0,normal
EVT-0004981,0,normal
EVT-0004982,0,normal
EVT-0004983,0,normal
EVT-0004984,0,normal
EVT-0004985,0,normal
EVT-0004986,0,normal
EVT-0004987,0,normal
EVT-0004988,1,device_spoofing
EVT-0004989,0,normal
EVT-0004990,0,normal
EVT-0004991,0,normal
EVT-0004992,0,normal
EVT-0004993,0,normal
EVT-0004994,0,normal
EVT-0004995,0,normal
EVT-0004996,0,normal
EVT-0004997,0,normal
EVT-0004998,0,normal
EVT-0004999,0,normal
EVT-0005000,0,normal
EVT-0005001,0,normal
EVT-0005002,0,normal
EVT-0005003,0,normal
EVT-0005004,0,normal
EVT-0005005,0,normal
EVT-0005006,0,normal
EVT-0005007,0,normal
EVT-0005008,0,normal
EVT-0005009,0,normal
EVT-0005010,0,normal
EVT-0005011,0,normal
EVT-0005012,0,normal
EVT-0005013,0,normal
EVT-0005014,0,normal
EVT-0005015,0,normal
EVT-0005016,0,normal
EVT-0005017,0,normal
EVT-0005018,0,normal
EVT-0005019,0,normal
EVT-0005020,0,normal
EVT-0005021,0,normal
EVT-0005022,0,normal
EVT-0005023,0,normal
EVT-0005024,0,normal
EVT-0005025,0,normal
EVT-0005026,0,normal
EVT-0005027,0,normal
EVT-0005028,0,normal
EVT-0005029,0,normal
EVT-0005030,0,normal
EVT-0005031,0,normal
EVT-0005032,0,normal
EVT-0005033,0,normal
EVT-0005034,0,normal
EVT-0005035,0,normal
EVT-0005036,0,normal
EVT-0005037,0,normal
EVT-0005038,0,normal
EVT-0005039,0,normal
EVT-0005040,0,normal
EVT-0005041,0,normal
EVT-0005042,0,normal
EVT-0005043,0,normal
EVT-0005044,0,normal
EVT-0005045,0,normal
EVT-0005046,0,normal
EVT-0005047,0,normal
EVT-0005048,0,normal
EVT-0005049,0,normal
EVT-0005050,0,normal
EVT-0005051,0,normal
EVT-0005052,0,normal
EVT-0005053,0,normal
EVT-0005054,0,normal
EVT-0005055,0,normal
EVT-0005056,0,normal
EVT-0005057,0,normal
EVT-0005058,0,normal
EVT-0005059,0,normal
EVT-0005060,0,normal
EVT-0005061,0,normal
EVT-0005062,0,normal
EVT-0005063,0,normal
EVT-0005064,0,normal
EVT-0005065,0,normal
EVT-0005066,0,normal
EVT-0005067,0,normal
EVT-0005068,0,normal
EVT-0005069,0,normal
EVT-0005070,0,normal
EVT-0005071,0,normal
EVT-0005072,0,normal
EVT-0005073,0,normal
EVT-0005074,0,normal
EVT-0005075,0,normal
EVT-0005076,0,normal
EVT-0005077,0,normal
EVT-0005078,0,normal
EVT-0005079,0,normal
EVT-0005080,0,normal
EVT-0005081,0,normal
EVT-0005082,0,normal
EVT-0005083,0,normal
EVT-0005084,0,normal
EVT-0005085,0,normal
EVT-0005086,0,normal
EVT-0005087,0,normal
EVT-0005088,0,normal
EVT-0005089,0,normal
EVT-0005090,0,normal
EVT-0005091,0,normal
EVT-0005092,0,normal
EVT-0005093,0,normal
EVT-0005094,1,device_spoofing
EVT-0005095,0,normal
EVT-0005096,0,normal
EVT-0005097,0,normal
EVT-0005098,0,normal
EVT-0005099,0,normal
EVT-0005100,0,normal
EVT-0005101,0,normal
EVT-0005102,0,normal
EVT-0005103,0,normal
EVT-0005104,0,normal
EVT-0005105,0,normal
EVT-0005106,0,normal
EVT-0005107,0,normal
EVT-0005108,0,normal
EVT-0005109,0,normal
EVT-0005110,0,normal
EVT-0005111,0,normal
EVT-0005112,0,normal
EVT-0005113,0,normal
EVT-0005114,0,normal
EVT-0005115,0,normal
EVT-0005116,0,normal
EVT-0005117,0,normal
EVT-0005118,0,normal
EVT-0005119,0,normal
EVT-0005120,0,normal
EVT-0005121,0,normal
EVT-0005122,0,normal
EVT-0005123,0,normal
EVT-0005124,0,normal
EVT-0005125,0,normal
EVT-0005126,0,normal
EVT-0005127,0,normal
EVT-0005128,0,normal
EVT-0005129,0,normal
EVT-0005130,0,normal
EVT-0005131,0,normal
EVT-0005132,0,normal
EVT-0005133,0,normal
EVT-0005134,0,normal
EVT-0005135,0,normal
EVT-0005136,0,normal
EVT-0005137,0,normal
EVT-0005138,0,normal
EVT-0005139,0,normal
EVT-0005140,0,normal
EVT-0005141,0,normal
EVT-0005142,0,normal
EVT-0005143,0,normal
EVT-0005144,0,normal
EVT-0005145,0,normal
EVT-0005146,0,normal
EVT-0005147,0,normal
EVT-0005148,0,normal
EVT-0005149,0,normal
EVT-0005150,0,normal
EVT-0005151,0,normal
EVT-0005152,0,normal
EVT-0005153,0,normal
EVT-0005154,0,normal
EVT-0005155,0,normal
EVT-0005156,0,normal
EVT-0005157,0,normal
EVT-0005158,0,normal
EVT-0005159,0,normal
EVT-0005160,0,normal
EVT-0005161,0,normal
EVT-0005162,0,normal
EVT-0005163,0,normal
EVT-0005164,0,normal
EVT-0005165,0,normal
EVT-0005166,0,normal
EVT-0005167,0,normal
EVT-0005168,0,normal
EVT-0005169,0,normal
EVT-0005170,0,normal
EVT-0005171,0,normal
EVT-0005172,0,normal
EVT-0005173,0,normal
EVT-0005174,0,normal
EVT-0005175,0,normal
EVT-0005176,0,normal
EVT-0005177,0,normal
EVT-0005178,0,normal
EVT-0005179,0,normal
EVT-0005180,0,normal
EVT-0005181,0,normal
EVT-0005182,0,normal
EVT-0005183,0,normal
EVT-0005184,0,normal
EVT-0005185,0,normal
EVT-0005186,0,normal
EVT-0005187,0,normal
EVT-0005188,0,normal
EVT-0005189,0,normal
EVT-0005190,0,normal
EVT-0005191,0,normal
EVT-0005192,0,normal
EVT-0005193,0,normal
EVT-0005194,0,normal
EVT-0005195,0,normal
EVT-0005196,0,normal
EVT-0005197,0,normal
EVT-0005198,0,normal
EVT-0005199,0,normal
EVT-0005200,0,normal
EVT-0005201,0,normal
EVT-0005202,0,normal
EVT-0005203,0,normal
EVT-0005204,0,normal
EVT-0005205,0,normal
EVT-0005206,0,normal
EVT-0005207,0,normal
EVT-0005208,0,normal
EVT-0005209,0,normal
EVT-0005210,0,normal
EVT-0005211,0,normal
EVT-0005212,0,normal
EVT-0005213,0,normal
EVT-0005214,0,normal
EVT-0005215,0,normal
EVT-0005216,0,normal
EVT-0005217,0,normal
EVT-0005218,0,normal
EVT-0005219,0,normal
EVT-0005220,0,normal
EVT-0005221,0,normal
EVT-0005222,0,normal
EVT-0005223,0,normal
EVT-0005224,0,normal
EVT-0005225,0,normal
EVT-0005226,0,normal
EVT-0005227,0,normal
EVT-0005228,0,normal
EVT-0005229,0,normal
EVT-0005230,0,normal
EVT-0005231,0,normal
EVT-0005232,0,normal
EVT-0005233,0,normal
EVT-0005234,0,normal
EVT-0005235,0,normal
EVT-0005236,0,normal
EVT-0005237,0,normal
EVT-0005238,0,normal
EVT-0005239,0,normal
EVT-0005240,0,normal
EVT-0005241,0,normal
EVT-0005242,0,normal
EVT-0005243,0,normal
EVT-0005244,0,normal
EVT-0005245,0,normal
EVT-0005246,0,normal
EVT-0005247,0,normal
EVT-0005248,0,normal
EVT-0005249,0,normal
EVT-0005250,0,normal
EVT-0005251,0,normal
EVT-0005252,0,normal
EVT-0005253,0,normal
EVT-0005254,0,normal
EVT-0005255,0,normal
EVT-0005256,0,normal
EVT-0005257,0,normal
EVT-0005258,0,normal
EVT-0005259,0,normal
EVT-0005260,0,normal
EVT-0005261,0,normal
EVT-0005262,0,normal
EVT-0005263,0,normal
EVT-0005264,0,normal
EVT-0005265,0,normal
EVT-0005266,0,normal
EVT-0005267,0,normal
EVT-0005268,0,normal
EVT-0005269,0,normal
EVT-0005270,0,normal
EVT-0005271,0,normal
EVT-0005272,0,normal
EVT-0005273,0,normal
EVT-0005274,0,normal
EVT-0005275,0,normal
EVT-0005276,0,normal
EVT-0005277,0,normal
EVT-0005278,0,normal
EVT-0005279,0,normal
EVT-0005280,0,normal
EVT-0005281,0,normal
EVT-0005282,0,normal
EVT-0005283,0,normal
EVT-0005284,0,normal
EVT-0005285,0,normal
EVT-0005286,0,normal
EVT-0005287,0,normal
EVT-0005288,0,normal
EVT-0005289,0,normal
EVT-0005290,0,normal
EVT-0005291,0,normal
EVT-0005292,0,normal
EVT-0005293,0,normal
EVT-0005294,0,normal
EVT-0005295,0,normal
EVT-0005296,0,normal
EVT-0005297,0,normal
EVT-0005298,0,normal
EVT-0005299,0,normal
EVT-0005300,0,normal
EVT-0005301,0,normal
EVT-0005302,0,normal
EVT-0005303,0,normal
EVT-0005304,0,normal
EVT-0005305,0,normal
EVT-0005306,0,normal
EVT-0005307,0,normal
EVT-0005308,0,normal
EVT-0005309,0,normal
EVT-0005310,0,normal
EVT-0005311,0,normal
EVT-0005312,0,normal
EVT-0005313,0,normal
EVT-0005314,0,normal
EVT-0005315,0,normal
EVT-0005316,0,normal
EVT-0005317,0,normal
EVT-0005318,0,normal
EVT-0005319,0,normal
EVT-0005320,0,normal
EVT-0005321,0,normal
EVT-0005322,0,normal
EVT-0005323,0,normal
EVT-0005324,0,normal
EVT-0005325,0,normal
EVT-0005326,0,normal
EVT-0005327,0,normal
EVT-0005328,0,normal
EVT-0005329,0,normal
EVT-0005330,0,normal
EVT-0005331,0,normal
EVT-0005332,0,normal
EVT-0005333,0,normal
EVT-0005334,0,normal
EVT-0005335,0,normal
EVT-0005336,0,normal
EVT-0005337,0,normal
EVT-0005338,1,device_spoofing
EVT-0005339,0,normal
EVT-0005340,0,normal
EVT-0005341,0,normal
EVT-0005342,0,normal
EVT-0005343,0,normal
EVT-0005344,0,normal
EVT-0005345,0,normal
EVT-0005346,0,normal
EVT-0005347,0,normal
EVT-0005348,0,normal
EVT-0005349,0,normal
EVT-0005350,0,normal
EVT-0005351,0,normal
EVT-0005352,1,impossible_travel
EVT-0005353,0,normal
EVT-0005354,0,normal
EVT-0005355,0,normal
EVT-0005356,0,normal
EVT-0005357,0,normal
EVT-0005358,0,normal
EVT-0005359,0,normal
EVT-0005360,0,normal
EVT-0005361,0,normal
EVT-0005362,0,normal
EVT-0005363,0,normal
EVT-0005364,0,normal
EVT-0005365,0,normal
EVT-0005366,0,normal
EVT-0005367,0,normal
EVT-0005368,0,normal
EVT-0005369,0,normal
EVT-0005370,0,normal
EVT-0005371,0,normal
EVT-0005372,0,normal
EVT-0005373,0,normal
EVT-0005374,0,normal
EVT-0005375,0,normal
EVT-0005376,0,normal
EVT-0005377,0,normal
EVT-0005378,0,normal
EVT-0005379,0,normal
EVT-0005380,0,normal
EVT-0005381,0,normal
EVT-0005382,0,normal
EVT-0005383,0,normal
EVT-0005384,0,normal
EVT-0005385,0,normal
EVT-0005386,0,normal
EVT-0005387,0,normal
EVT-0005388,0,normal
EVT-0005389,0,normal
EVT-0005390,0,normal
EVT-0005391,0,normal
EVT-0005392,0,normal
EVT-0005393,0,normal
EVT-0005394,0,normal
EVT-0005395,0,normal
EVT-0005396,0,normal
EVT-0005397,0,normal
EVT-0005398,0,normal
EVT-0005399,0,normal
EVT-0005400,0,normal
EVT-0005401,0,normal
EVT-0005402,0,normal
EVT-0005403,0,normal
EVT-0005404,0,normal
EVT-0005405,0,normal
EVT-0005406,0,normal
EVT-0005407,0,normal
EVT-0005408,0,normal
EVT-0005409,0,normal
EVT-0005410,0,normal
EVT-0005411,0,normal
EVT-0005412,0,normal
EVT-0005413,0,normal
EVT-0005414,0,normal
EVT-0005415,0,normal
EVT-0005416,0,normal
EVT-0005417,0,normal
EVT-0005418,0,normal
EVT-0005419,0,normal
EVT-0005420,0,normal
EVT-0005421,0,normal
EVT-0005422,0,normal
EVT-0005423,0,normal
EVT-0005424,0,normal
EVT-0005425,0,normal
EVT-0005426,0,normal
EVT-0005427,0,normal
EVT-0005428,0,normal
EVT-0005429,0,normal
EVT-0005430,0,normal
EVT-0005431,0,normal
EVT-0005432,0,normal
EVT-0005433,0,normal
EVT-0005434,0,normal
EVT-0005435,0,normal
EVT-0005436,0,normal
EVT-0005437,0,normal
EVT-0005438,0,normal
EVT-0005439,0,normal
EVT-0005440,0,normal
EVT-0005441,0,normal
EVT-0005442,0,normal
EVT-0005443,0,normal
EVT-0005444,0,normal
EVT-0005445,0,normal
EVT-0005446,0,normal
EVT-0005447,0,normal
EVT-0005448,0,normal
EVT-0005449,0,normal
EVT-0005450,0,normal
EVT-0005451,0,normal
EVT-0005452,0,normal
EVT-0005453,0,normal
EVT-0005454,0,normal
EVT-0005455,0,normal
EVT-0005456,0,normal
EVT-0005457,0,normal
EVT-0005458,0,normal
EVT-0005459,0,normal
EVT-0005460,0,normal
EVT-0005461,0,normal
EVT-0005462,0,normal
EVT-0005463,0,normal
EVT-0005464,0,normal
EVT-0005465,0,normal
EVT-0005466,0,normal
EVT-0005467,0,normal
EVT-0005468,0,normal
EVT-0005469,0,normal
EVT-0005470,0,normal
EVT-0005471,0,normal
EVT-0005472,0,normal
EVT-0005473,0,normal
EVT-0005474,0,normal
EVT-0005475,0,normal
EVT-0005476,0,normal
EVT-0005477,0,normal
EVT-0005478,0,normal
EVT-0005479,0,normal
EVT-0005480,0,normal
EVT-0005481,0,normal
EVT-0005482,0,normal
EVT-0005483,0,normal
EVT-0005484,0,normal
EVT-0005485,0,normal
EVT-0005486,0,normal
EVT-0005487,0,normal
EVT-0005488,0,normal
EVT-0005489,0,normal
EVT-0005490,0,normal
EVT-0005491,0,normal
EVT-0005492,0,normal
EVT-0005493,0,normal
EVT-0005494,0,normal
EVT-0005495,0,normal
EVT-0005496,0,normal
EVT-0005497,0,normal
EVT-0005498,0,normal
EVT-0005499,0,normal
EVT-0005500,0,normal
EVT-0005501,0,normal
EVT-0005502,0,normal
EVT-0005503,0,normal
EVT-0005504,0,normal
EVT-0005505,0,normal
EVT-0005506,0,normal
EVT-0005507,0,normal
EVT-0005508,0,normal
EVT-0005509,0,normal
EVT-0005510,0,normal
EVT-0005511,0,normal
EVT-0005512,0,normal
EVT-0005513,0,normal
EVT-0005514,0,normal
EVT-0005515,0,normal
EVT-0005516,0,normal
EVT-0005517,0,normal
EVT-0005518,0,normal
EVT-0005519,0,normal
EVT-0005520,0,normal
EVT-0005521,0,normal
EVT-0005522,0,normal
EVT-0005523,0,normal
EVT-0005524,0,normal
EVT-0005525,0,normal
EVT-0005526,0,normal
EVT-0005527,0,normal
EVT-0005528,0,normal
EVT-0005529,0,normal
EVT-0005530,0,normal
EVT-0005531,0,normal
EVT-0005532,0,normal
EVT-0005533,0,normal
EVT-0005534,0,normal
EVT-0005535,0,normal
EVT-0005536,0,normal
EVT-0005537,0,normal
EVT-0005538,0,normal
EVT-0005539,0,normal
EVT-0005540,0,normal
EVT-0005541,1,impossible_travel
EVT-0005542,0,normal
EVT-0005543,0,normal
EVT-0005544,0,normal
EVT-0005545,0,normal
EVT-0005546,0,normal
EVT-0005547,0,normal
EVT-0005548,0,normal
EVT-0005549,0,normal
EVT-0005550,0,normal
EVT-0005551,0,normal
EVT-0005552,0,normal
EVT-0005553,0,normal
EVT-0005554,0,normal
EVT-0005555,0,normal
EVT-0005556,0,normal
EVT-0005557,0,normal
EVT-0005558,0,normal
EVT-0005559,0,normal
EVT-0005560,0,normal
EVT-0005561,0,normal
EVT-0005562,0,normal
EVT-0005563,0,normal
EVT-0005564,0,normal
EVT-0005565,0,normal
EVT-0005566,0,normal
EVT-0005567,0,normal
EVT-0005568,0,normal
EVT-0005569,0,normal
EVT-0005570,0,normal
EVT-0005571,0,normal
EVT-0005572,0,normal
EVT-0005573,0,normal
EVT-0005574,0,normal
EVT-0005575,0,normal
EVT-0005576,0,normal
EVT-0005577,0,normal
EVT-0005578,0,normal
EVT-0005579,0,normal
EVT-0005580,0,normal
EVT-0005581,0,normal
EVT-0005582,0,normal
EVT-0005583,0,normal
EVT-0005584,0,normal
EVT-0005585,0,normal
EVT-0005586,0,normal
EVT-0005587,0,normal
EVT-0005588,0,normal
EVT-0005589,0,normal
EVT-0005590,0,normal
EVT-0005591,0,normal
EVT-0005592,0,normal
EVT-0005593,0,normal
EVT-0005594,0,normal
EVT-0005595,0,normal
EVT-0005596,0,normal
EVT-0005597,0,normal
EVT-0005598,0,normal
EVT-0005599,0,normal
EVT-0005600,0,normal
EVT-0005601,0,normal
EVT-0005602,0,normal
EVT-0005603,0,normal
EVT-0005604,0,normal
EVT-0005605,0,normal
EVT-0005606,0,normal
EVT-0005607,0,normal
EVT-0005608,0,normal
EVT-0005609,0,normal
EVT-0005610,0,normal
EVT-0005611,0,normal
EVT-0005612,0,normal
EVT-0005613,0,normal
EVT-0005614,0,normal
EVT-0005615,0,normal
EVT-0005616,0,normal
EVT-0005617,0,normal
EVT-0005618,0,normal
EVT-0005619,0,normal
EVT-0005620,0,normal
EVT-0005621,0,normal
EVT-0005622,0,normal
EVT-0005623,0,normal
EVT-0005624,0,normal
EVT-0005625,0,normal
EVT-0005626,0,normal
EVT-0005627,0,normal
EVT-0005628,1,device_spoofing
EVT-0005629,0,normal
EVT-0005630,0,normal
EVT-0005631,0,normal
EVT-0005632,0,normal
EVT-0005633,0,normal
EVT-0005634,0,normal
EVT-0005635,0,normal
EVT-0005636,0,normal
EVT-0005637,0,normal
EVT-0005638,0,normal
EVT-0005639,0,normal
EVT-0005640,0,normal
EVT-0005641,0,normal
EVT-0005642,0,normal
EVT-0005643,0,normal
EVT-0005644,0,normal
EVT-0005645,0,normal
EVT-0005646,0,normal
EVT-0005647,0,normal
EVT-0005648,0,normal
EVT-0005649,0,normal
EVT-0005650,0,normal
EVT-0005651,0,normal
EVT-0005652,0,normal
EVT-0005653,0,normal
EVT-0005654,0,normal
EVT-0005655,0,normal
EVT-0005656,0,normal
EVT-0005657,0,normal
EVT-0005658,0,normal
EVT-0005659,0,normal
EVT-0005660,0,normal
EVT-0005661,0,normal
EVT-0005662,0,normal
EVT-0005663,0,normal
EVT-0005664,0,normal
EVT-0005665,0,normal
EVT-0005666,0,normal
EVT-0005667,0,normal
EVT-0005668,0,normal
EVT-0005669,0,normal
EVT-0005670,0,normal
EVT-0005671,0,normal
EVT-0005672,0,normal
EVT-0005673,0,normal
EVT-0005674,0,normal
EVT-0005675,0,normal
EVT-0005676,0,normal
EVT-0005677,0,normal
EVT-0005678,0,normal
EVT-0005679,0,normal
EVT-0005680,0,normal
EVT-0005681,0,normal
EVT-0005682,0,normal
EVT-0005683,0,normal
EVT-0005684,0,normal
EVT-0005685,0,normal
EVT-0005686,0,normal
EVT-0005687,0,normal
EVT-0005688,0,normal
EVT-0005689,0,normal
EVT-0005690,0,normal
EVT-0005691,0,normal
EVT-0005692,0,normal
EVT-0005693,0,normal
EVT-0005694,0,normal
EVT-0005695,0,normal
EVT-0005696,0,normal
EVT-0005697,0,normal
EVT-0005698,0,normal
EVT-0005699,0,normal
EVT-0005700,0,normal
EVT-0005701,0,normal
EVT-0005702,0,normal
EVT-0005703,0,normal
EVT-0005704,0,normal
EVT-0005705,0,normal
EVT-0005706,0,normal
EVT-0005707,0,normal
EVT-0005708,0,normal
EVT-0005709,0,normal
EVT-0005710,0,normal
EVT-0005711,0,normal
EVT-0005712,0,normal
EVT-0005713,0,normal
EVT-0005714,0,normal
EVT-0005715,0,normal
EVT-0005716,0,normal
EVT-0005717,0,normal
EVT-0005718,0,normal
EVT-0005719,0,normal
EVT-0005720,0,normal
EVT-0005721,0,normal
EVT-0005722,0,normal
EVT-0005723,0,normal
EVT-0005724,0,normal
EVT-0005725,0,normal
EVT-0005726,0,normal
EVT-0005727,0,normal
EVT-0005728,0,normal
EVT-0005729,0,normal
EVT-0005730,0,normal
EVT-0005731,0,normal
EVT-0005732,0,normal
EVT-0005733,0,normal
EVT-0005734,0,normal
EVT-0005735,0,normal
EVT-0005736,0,normal
EVT-0005737,0,normal
EVT-0005738,0,normal
EVT-0005739,0,normal
EVT-0005740,0,normal
EVT-0005741,0,normal
EVT-0005742,0,normal
EVT-0005743,0,normal
EVT-0005744,0,normal
EVT-0005745,0,normal
EVT-0005746,0,normal
EVT-0005747,0,normal
EVT-0005748,0,normal
EVT-0005749,0,normal
EVT-0005750,0,normal
EVT-0005751,0,normal
EVT-0005752,0,normal
EVT-0005753,0,normal
EVT-0005754,0,normal
EVT-0005755,0,normal
EVT-0005756,0,normal
EVT-0005757,0,normal
EVT-0005758,0,normal
EVT-0005759,0,normal
EVT-0005760,0,normal
EVT-0005761,0,normal
EVT-0005762,0,normal
EVT-0005763,0,normal
EVT-0005764,0,normal
EVT-0005765,0,normal
EVT-0005766,0,normal
EVT-0005767,0,normal
EVT-0005768,0,normal
EVT-0005769,0,normal
EVT-0005770,0,normal
EVT-0005771,0,normal
EVT-0005772,0,normal
EVT-0005773,0,normal
EVT-0005774,0,normal
EVT-0005775,0,normal
EVT-0005776,0,normal
EVT-0005777,0,normal
EVT-0005778,0,normal
EVT-0005779,0,normal
EVT-0005780,0,normal
EVT-0005781,0,normal
EVT-0005782,0,normal
EVT-0005783,0,normal
EVT-0005784,0,normal
EVT-0005785,0,normal
EVT-0005786,0,normal
EVT-0005787,0,normal
EVT-0005788,0,normal
EVT-0005789,0,normal
EVT-0005790,0,normal
EVT-0005791,0,normal
EVT-0005792,0,normal
EVT-0005793,1,impossible_travel
EVT-0005794,0,normal
EVT-0005795,0,normal
EVT-0005796,0,normal
EVT-0005797,0,normal
EVT-0005798,0,normal
EVT-0005799,0,normal
EVT-0005800,0,normal
EVT-0005801,0,normal
EVT-0005802,0,normal
EVT-0005803,0,normal
EVT-0005804,0,normal
EVT-0005805,0,normal
EVT-0005806,0,normal
EVT-0005807,0,normal
EVT-0005808,0,normal
EVT-0005809,0,normal
EVT-0005810,0,normal
EVT-0005811,0,normal
EVT-0005812,0,normal
EVT-0005813,0,normal
EVT-0005814,0,normal
EVT-0005815,0,normal
EVT-0005816,0,normal
EVT-0005817,0,normal
EVT-0005818,0,normal
EVT-0005819,0,normal
EVT-0005820,0,normal
EVT-0005821,0,normal
EVT-0005822,0,normal
EVT-0005823,0,normal
EVT-0005824,0,normal
EVT-0005825,0,normal
EVT-0005826,0,normal
EVT-0005827,0,normal
EVT-0005828,0,normal
EVT-0005829,0,normal
EVT-0005830,0,normal
EVT-0005831,0,normal
EVT-0005832,0,normal
EVT-0005833,0,normal
EVT-0005834,0,normal
EVT-0005835,0,normal
EVT-0005836,0,normal
EVT-0005837,0,normal
EVT-0005838,0,normal
EVT-0005839,0,normal
EVT-0005840,0,normal
EVT-0005841,0,normal
EVT-0005842,0,normal
EVT-0005843,0,normal
EVT-0005844,1,device_spoofing
EVT-0005845,0,normal
EVT-0005846,0,normal
EVT-0005847,0,normal
EVT-0005848,0,normal
EVT-0005849,0,normal
EVT-0005850,0,normal
EVT-0005851,0,normal
EVT-0005852,0,normal
EVT-0005853,0,normal
EVT-0005854,0,normal
EVT-0005855,0,normal
EVT-0005856,0,normal
EVT-0005857,0,normal
EVT-0005858,0,normal
EVT-0005859,0,normal
EVT-0005860,0,normal
EVT-0005861,0,normal
EVT-0005862,0,normal
EVT-0005863,0,normal
EVT-0005864,0,normal
EVT-0005865,0,normal
EVT-0005866,0,normal
EVT-0005867,0,normal
EVT-0005868,0,normal
EVT-0005869,0,normal
EVT-0005870,0,normal
EVT-0005871,0,normal
EVT-0005872,0,normal
EVT-0005873,0,normal
EVT-0005874,0,normal
EVT-0005875,0,normal
EVT-0005876,0,normal
EVT-0005877,0,normal
EVT-0005878,0,normal
EVT-0005879,0,normal
EVT-0005880,0,normal
EVT-0005881,0,normal
EVT-0005882,0,normal
EVT-0005883,0,normal
EVT-0005884,0,normal
EVT-0005885,0,normal
EVT-0005886,0,normal
EVT-0005887,0,normal
EVT-0005888,0,normal
EVT-0005889,0,normal
EVT-0005890,0,normal
EVT-0005891,0,normal
EVT-0005892,0,normal
EVT-0005893,0,normal
EVT-0005894,0,normal
EVT-0005895,0,normal
EVT-0005896,0,normal
EVT-0005897,0,normal
EVT-0005898,1,low_slow_exfiltration
EVT-0005899,0,normal
EVT-0005900,0,normal
EVT-0005901,0,normal
EVT-0005902,0,normal
EVT-0005903,0,normal
EVT-0005904,0,normal
EVT-0005905,0,normal
EVT-0005906,0,normal
EVT-0005907,0,normal
EVT-0005908,0,normal
EVT-0005909,0,normal
EVT-0005910,0,normal
EVT-0005911,0,normal
EVT-0005912,0,normal
EVT-0005913,0,normal
EVT-0005914,0,normal
EVT-0005915,0,normal
EVT-0005916,0,normal
EVT-0005917,0,normal
EVT-0005918,0,normal
EVT-0005919,0,normal
EVT-0005920,0,normal
EVT-0005921,0,normal
EVT-0005922,0,normal
EVT-0005923,0,normal
EVT-0005924,1,impossible_travel
EVT-0005925,0,normal
EVT-0005926,0,normal
EVT-0005927,0,normal
EVT-0005928,0,normal
EVT-0005929,0,normal
EVT-0005930,0,normal
EVT-0005931,0,normal
EVT-0005932,0,normal
EVT-0005933,0,normal
EVT-0005934,0,normal
EVT-0005935,0,normal
EVT-0005936,0,normal
EVT-0005937,0,normal
EVT-0005938,0,normal
EVT-0005939,0,normal
EVT-0005940,0,normal
EVT-0005941,0,normal
EVT-0005942,0,normal
EVT-0005943,0,normal
EVT-0005944,0,normal
EVT-0005945,0,normal
EVT-0005946,0,normal
EVT-0005947,0,normal
EVT-0005948,0,normal
EVT-0005949,1,device_spoofing
EVT-0005950,0,normal
EVT-0005951,0,normal
EVT-0005952,0,normal
EVT-0005953,0,normal
EVT-0005954,1,device_spoofing
EVT-0005955,0,normal
EVT-0005956,0,normal
EVT-0005957,0,normal
EVT-0005958,0,normal
EVT-0005959,0,normal
EVT-0005960,0,normal
EVT-0005961,0,normal
EVT-0005962,0,normal
EVT-0005963,0,normal
EVT-0005964,0,normal
EVT-0005965,0,normal
EVT-0005966,0,normal
EVT-0005967,0,normal
EVT-0005968,0,normal
EVT-0005969,0,normal
EVT-0005970,0,normal
EVT-0005971,0,normal
EVT-0005972,0,normal
EVT-0005973,0,normal
EVT-0005974,0,normal
EVT-0005975,0,normal
EVT-0005976,0,normal
EVT-0005977,0,normal
EVT-0005978,0,normal
EVT-0005979,0,normal
EVT-0005980,0,normal
EVT-0005981,0,normal
EVT-0005982,0,normal
EVT-0005983,0,normal
EVT-0005984,0,normal
EVT-0005985,0,normal
EVT-0005986,0,normal
EVT-0005987,0,normal
EVT-0005988,0,normal
EVT-0005989,0,normal
EVT-0005990,0,normal
EVT-0005991,0,normal
EVT-0005992,0,normal
EVT-0005993,0,normal
EVT-0005994,0,normal
EVT-0005995,0,normal
EVT-0005996,0,normal
EVT-0005997,0,normal
EVT-0005998,0,normal
EVT-0005999,0,normal
EVT-0006000,0,normal
EVT-0006001,0,normal
EVT-0006002,0,normal
EVT-0006003,0,normal
EVT-0006004,0,normal
EVT-0006005,0,normal
EVT-0006006,0,normal
EVT-0006007,0,normal
EVT-0006008,0,normal
EVT-0006009,0,normal
EVT-0006010,0,normal
EVT-0006011,0,normal
EVT-0006012,0,normal
EVT-0006013,0,normal
EVT-0006014,0,normal
EVT-0006015,1,low_slow_exfiltration
EVT-0006016,0,normal
EVT-0006017,0,normal
EVT-0006018,0,normal
EVT-0006019,0,normal
EVT-0006020,0,normal
EVT-0006021,0,normal
EVT-0006022,0,normal
EVT-0006023,0,normal
EVT-0006024,0,normal
EVT-0006025,0,normal
EVT-0006026,0,normal
EVT-0006027,0,normal
EVT-0006028,0,normal
EVT-0006029,0,normal
EVT-0006030,0,normal
EVT-0006031,0,normal
EVT-0006032,0,normal
EVT-0006033,0,normal
EVT-0006034,0,normal
EVT-0006035,0,normal
EVT-0006036,0,normal
EVT-0006037,0,normal
EVT-0006038,0,normal
EVT-0006039,0,normal
EVT-0006040,0,normal
EVT-0006041,0,normal
EVT-0006042,0,normal
EVT-0006043,0,normal
EVT-0006044,0,normal
EVT-0006045,0,normal
EVT-0006046,0,normal
EVT-0006047,0,normal
EVT-0006048,0,normal
EVT-0006049,0,normal
EVT-0006050,0,normal
EVT-0006051,0,normal
EVT-0006052,0,normal
EVT-0006053,0,normal
EVT-0006054,0,normal
EVT-0006055,0,normal
EVT-0006056,0,normal
EVT-0006057,0,normal
EVT-0006058,0,normal
EVT-0006059,0,normal
EVT-0006060,0,normal
EVT-0006061,0,normal
EVT-0006062,0,normal
EVT-0006063,0,normal
EVT-0006064,0,normal
EVT-0006065,0,normal
EVT-0006066,0,normal
EVT-0006067,0,normal
EVT-0006068,0,normal
EVT-0006069,0,normal
EVT-0006070,0,normal
EVT-0006071,0,normal
EVT-0006072,0,normal
EVT-0006073,0,normal
EVT-0006074,0,normal
EVT-0006075,0,normal
EVT-0006076,0,normal
EVT-0006077,0,normal
EVT-0006078,0,normal
EVT-0006079,0,normal
EVT-0006080,0,normal
EVT-0006081,0,normal
EVT-0006082,0,normal
EVT-0006083,0,normal
EVT-0006084,0,normal
EVT-0006085,0,normal
EVT-0006086,0,normal
EVT-0006087,0,normal
EVT-0006088,0,normal
EVT-0006089,0,normal
EVT-0006090,0,normal
EVT-0006091,0,normal
EVT-0006092,0,normal
EVT-0006093,0,normal
EVT-0006094,0,normal
EVT-0006095,0,normal
EVT-0006096,0,normal
EVT-0006097,0,normal
EVT-0006098,0,normal
EVT-0006099,0,normal
EVT-0006100,0,normal
EVT-0006101,0,normal
EVT-0006102,0,normal
EVT-0006103,0,normal
EVT-0006104,0,normal
EVT-0006105,0,normal
EVT-0006106,0,normal
EVT-0006107,0,normal
EVT-0006108,0,normal
EVT-0006109,0,normal
EVT-0006110,0,normal
EVT-0006111,0,normal
EVT-0006112,0,normal
EVT-0006113,0,normal
EVT-0006114,0,normal
EVT-0006115,0,normal
EVT-0006116,0,normal
EVT-0006117,0,normal
EVT-0006118,0,normal
EVT-0006119,0,normal
EVT-0006120,0,normal
EVT-0006121,0,normal
EVT-0006122,0,normal
EVT-0006123,0,normal
EVT-0006124,0,normal
EVT-0006125,0,normal
EVT-0006126,0,normal
EVT-0006127,0,normal
EVT-0006128,0,normal
EVT-0006129,0,normal
EVT-0006130,0,normal
EVT-0006131,0,normal
EVT-0006132,0,normal
EVT-0006133,0,normal
EVT-0006134,0,normal
EVT-0006135,0,normal
EVT-0006136,0,normal
EVT-0006137,0,normal
EVT-0006138,0,normal
EVT-0006139,0,normal
EVT-0006140,0,normal
EVT-0006141,0,normal
EVT-0006142,0,normal
EVT-0006143,0,normal
EVT-0006144,0,normal
EVT-0006145,0,normal
EVT-0006146,0,normal
EVT-0006147,0,normal
EVT-0006148,0,normal
EVT-0006149,0,normal
EVT-0006150,0,normal
EVT-0006151,0,normal
EVT-0006152,0,normal
EVT-0006153,0,normal
EVT-0006154,0,normal
EVT-0006155,0,normal
EVT-0006156,0,normal
EVT-0006157,0,normal
EVT-0006158,0,normal
EVT-0006159,0,normal
EVT-0006160,0,normal
EVT-0006161,0,normal
EVT-0006162,0,normal
EVT-0006163,0,normal
EVT-0006164,0,normal
EVT-0006165,0,normal
EVT-0006166,0,normal
EVT-0006167,0,normal
EVT-0006168,0,normal
EVT-0006169,0,normal
EVT-0006170,0,normal
EVT-0006171,0,normal
EVT-0006172,0,normal
EVT-0006173,0,normal
EVT-0006174,0,normal
EVT-0006175,0,normal
EVT-0006176,0,normal
EVT-0006177,0,normal
EVT-0006178,0,normal
EVT-0006179,0,normal
EVT-0006180,0,normal
EVT-0006181,0,normal
EVT-0006182,0,normal
EVT-0006183,0,normal
EVT-0006184,0,normal
EVT-0006185,0,normal
EVT-0006186,0,normal
EVT-0006187,0,normal
EVT-0006188,0,normal
EVT-0006189,0,normal
EVT-0006190,0,normal
EVT-0006191,0,normal
EVT-0006192,0,normal
EVT-0006193,0,normal
EVT-0006194,0,normal
EVT-0006195,0,normal
EVT-0006196,0,normal
EVT-0006197,0,normal
EVT-0006198,0,normal
EVT-0006199,0,normal
EVT-0006200,0,normal
EVT-0006201,0,normal
EVT-0006202,0,normal
EVT-0006203,0,normal
EVT-0006204,0,normal
EVT-0006205,0,normal
EVT-0006206,0,normal
EVT-0006207,0,normal
EVT-0006208,0,normal
EVT-0006209,0,normal
EVT-0006210,0,normal
EVT-0006211,0,normal
EVT-0006212,0,normal
EVT-0006213,0,normal
EVT-0006214,0,normal
EVT-0006215,0,normal
EVT-0006216,0,normal
EVT-0006217,0,normal
EVT-0006218,0,normal
EVT-0006219,0,normal
EVT-0006220,0,normal
EVT-0006221,0,normal
EVT-0006222,0,normal
EVT-0006223,0,normal
EVT-0006224,0,normal
EVT-0006225,0,normal
EVT-0006226,0,normal
EVT-0006227,0,normal
EVT-0006228,0,normal
EVT-0006229,0,normal
EVT-0006230,0,normal
EVT-0006231,0,normal
EVT-0006232,0,normal
EVT-0006233,0,normal
EVT-0006234,0,normal
EVT-0006235,0,normal
EVT-0006236,0,normal
EVT-0006237,0,normal
EVT-0006238,0,normal
EVT-0006239,0,normal
EVT-0006240,0,normal
EVT-0006241,0,normal
EVT-0006242,0,normal
EVT-0006243,0,normal
EVT-0006244,0,normal
EVT-0006245,0,normal
EVT-0006246,0,normal
EVT-0006247,0,normal
EVT-0006248,0,normal
EVT-0006249,0,normal
EVT-0006250,0,normal
EVT-0006251,0,normal
EVT-0006252,0,normal
EVT-0006253,0,normal
EVT-0006254,0,normal
EVT-0006255,0,normal
EVT-0006256,0,normal
EVT-0006257,0,normal
EVT-0006258,0,normal
EVT-0006259,0,normal
EVT-0006260,0,normal
EVT-0006261,0,normal
EVT-0006262,0,normal
EVT-0006263,0,normal
EVT-0006264,0,normal
EVT-0006265,0,normal
EVT-0006266,0,normal
EVT-0006267,0,normal
EVT-0006268,0,normal
EVT-0006269,0,normal
EVT-0006270,0,normal
EVT-0006271,0,normal
EVT-0006272,0,normal
EVT-0006273,0,normal
EVT-0006274,0,normal
EVT-0006275,0,normal
EVT-0006276,0,normal
EVT-0006277,0,normal
EVT-0006278,0,normal
EVT-0006279,0,normal
EVT-0006280,0,normal
EVT-0006281,0,normal
EVT-0006282,0,normal
EVT-0006283,0,normal
EVT-0006284,0,normal
EVT-0006285,0,normal
EVT-0006286,0,normal
EVT-0006287,0,normal
EVT-0006288,0,normal
EVT-0006289,0,normal
EVT-0006290,0,normal
EVT-0006291,0,normal
EVT-0006292,0,normal
EVT-0006293,0,normal
EVT-0006294,0,normal
EVT-0006295,0,normal
EVT-0006296,0,normal
EVT-0006297,0,normal
EVT-0006298,0,normal
EVT-0006299,0,normal
EVT-0006300,0,normal
EVT-0006301,0,normal
EVT-0006302,0,normal
EVT-0006303,0,normal
EVT-0006304,0,normal
EVT-0006305,0,normal
EVT-0006306,0,normal
EVT-0006307,0,normal
EVT-0006308,0,normal
EVT-0006309,0,normal
EVT-0006310,0,normal
EVT-0006311,0,normal
EVT-0006312,0,normal
EVT-0006313,0,normal
EVT-0006314,0,normal
EVT-0006315,0,normal
EVT-0006316,0,normal
EVT-0006317,0,normal
EVT-0006318,0,normal
EVT-0006319,0,normal
EVT-0006320,0,normal
EVT-0006321,0,normal
EVT-0006322,0,normal
EVT-0006323,0,normal
EVT-0006324,0,normal
EVT-0006325,0,normal
EVT-0006326,0,normal
EVT-0006327,0,normal
EVT-0006328,0,normal
EVT-0006329,0,normal
EVT-0006330,0,normal
EVT-0006331,0,normal
EVT-0006332,0,normal
EVT-0006333,0,normal
EVT-0006334,0,normal
EVT-0006335,0,normal
EVT-0006336,0,normal
EVT-0006337,0,normal
EVT-0006338,0,normal
EVT-0006339,0,normal
EVT-0006340,0,normal
EVT-0006341,0,normal
EVT-0006342,0,normal
EVT-0006343,0,normal
EVT-0006344,0,normal
EVT-0006345,0,normal
EVT-0006346,0,normal
EVT-0006347,0,normal
EVT-0006348,0,normal
EVT-0006349,0,normal
EVT-0006350,0,normal
EVT-0006351,0,normal
EVT-0006352,0,normal
EVT-0006353,0,normal
EVT-0006354,0,normal
EVT-0006355,0,normal
EVT-0006356,0,normal
EVT-0006357,0,normal
EVT-0006358,0,normal
EVT-0006359,0,normal
EVT-0006360,0,normal
EVT-0006361,0,normal
EVT-0006362,0,normal
EVT-0006363,0,normal
EVT-0006364,0,normal
EVT-0006365,0,normal
EVT-0006366,0,normal
EVT-0006367,0,normal
EVT-0006368,0,normal
EVT-0006369,0,normal
EVT-0006370,0,normal
EVT-0006371,0,normal
EVT-0006372,0,normal
EVT-0006373,0,normal
EVT-0006374,0,normal
EVT-0006375,0,normal
EVT-0006376,0,normal
EVT-0006377,0,normal
EVT-0006378,0,normal
EVT-0006379,0,normal
EVT-0006380,0,normal
EVT-0006381,0,normal
EVT-0006382,0,normal
EVT-0006383,0,normal
EVT-0006384,0,normal
EVT-0006385,0,normal
EVT-0006386,0,normal
EVT-0006387,0,normal
EVT-0006388,0,normal
EVT-0006389,0,normal
EVT-0006390,0,normal
EVT-0006391,0,normal
EVT-0006392,0,normal
EVT-0006393,0,normal
EVT-0006394,0,normal
EVT-0006395,0,normal
EVT-0006396,0,normal
EVT-0006397,0,normal
EVT-0006398,0,normal
EVT-0006399,0,normal
EVT-0006400,0,normal
EVT-0006401,0,normal
EVT-0006402,0,normal
EVT-0006403,0,normal
EVT-0006404,0,normal
EVT-0006405,0,normal
EVT-0006406,0,normal
EVT-0006407,0,normal
EVT-0006408,0,normal
EVT-0006409,0,normal
EVT-0006410,0,normal
EVT-0006411,0,normal
EVT-0006412,0,normal
EVT-0006413,0,normal
EVT-0006414,0,normal
EVT-0006415,0,normal
EVT-0006416,0,normal
EVT-0006417,0,normal
EVT-0006418,0,normal
EVT-0006419,0,normal
EVT-0006420,0,normal
EVT-0006421,0,normal
EVT-0006422,0,normal
EVT-0006423,0,normal
EVT-0006424,0,normal
EVT-0006425,0,normal
EVT-0006426,0,normal
EVT-0006427,0,normal
EVT-0006428,0,normal
EVT-0006429,0,normal
EVT-0006430,0,normal
EVT-0006431,0,normal
EVT-0006432,0,normal
EVT-0006433,0,normal
EVT-0006434,0,normal
EVT-0006435,0,normal
EVT-0006436,0,normal
EVT-0006437,0,normal
EVT-0006438,0,normal
EVT-0006439,0,normal
EVT-0006440,0,normal
EVT-0006441,0,normal
EVT-0006442,0,normal
EVT-0006443,0,normal
EVT-0006444,0,normal
EVT-0006445,0,normal
EVT-0006446,0,normal
EVT-0006447,0,normal
EVT-0006448,0,normal
EVT-0006449,0,normal
EVT-0006450,0,normal
EVT-0006451,0,normal
EVT-0006452,0,normal
EVT-0006453,0,normal
EVT-0006454,0,normal
EVT-0006455,0,normal
EVT-0006456,0,normal
EVT-0006457,0,normal
EVT-0006458,0,normal
EVT-0006459,0,normal
EVT-0006460,0,normal
EVT-0006461,0,normal
EVT-0006462,0,normal
EVT-0006463,0,normal
EVT-0006464,0,normal
EVT-0006465,0,normal
EVT-0006466,0,normal
EVT-0006467,0,normal
EVT-0006468,0,normal
EVT-0006469,0,normal
EVT-0006470,0,normal
EVT-0006471,0,normal
EVT-0006472,0,normal
EVT-0006473,0,normal
EVT-0006474,0,normal
EVT-0006475,0,normal
EVT-0006476,0,normal
EVT-0006477,0,normal
EVT-0006478,0,normal
EVT-0006479,0,normal
EVT-0006480,0,normal
EVT-0006481,0,normal
EVT-0006482,0,normal
EVT-0006483,0,normal
EVT-0006484,0,normal
EVT-0006485,0,normal
EVT-0006486,0,normal
EVT-0006487,0,normal
EVT-0006488,0,normal
EVT-0006489,0,normal
EVT-0006490,0,normal
EVT-0006491,0,normal
EVT-0006492,0,normal
EVT-0006493,0,normal
EVT-0006494,0,normal
EVT-0006495,0,normal
EVT-0006496,0,normal
EVT-0006497,0,normal
EVT-0006498,0,normal
EVT-0006499,0,normal
EVT-0006500,0,normal
EVT-0006501,0,normal
EVT-0006502,0,normal
EVT-0006503,0,normal
EVT-0006504,0,normal
EVT-0006505,0,normal
EVT-0006506,0,normal
EVT-0006507,0,normal
EVT-0006508,0,normal
EVT-0006509,0,normal
EVT-0006510,0,normal
EVT-0006511,0,normal
EVT-0006512,0,normal
EVT-0006513,0,normal
EVT-0006514,0,normal
EVT-0006515,0,normal
EVT-0006516,0,normal
EVT-0006517,0,normal
EVT-0006518,0,normal
EVT-0006519,0,normal
EVT-0006520,0,normal
EVT-0006521,0,normal
EVT-0006522,0,normal
EVT-0006523,0,normal
EVT-0006524,0,normal
EVT-0006525,0,normal
EVT-0006526,0,normal
EVT-0006527,0,normal
EVT-0006528,0,normal
EVT-0006529,0,normal
EVT-0006530,0,normal
EVT-0006531,0,normal
EVT-0006532,0,normal
EVT-0006533,0,normal
EVT-0006534,0,normal
EVT-0006535,0,normal
EVT-0006536,0,normal
EVT-0006537,0,normal
EVT-0006538,0,normal
EVT-0006539,0,normal
EVT-0006540,1,impossible_travel
EVT-0006541,0,normal
EVT-0006542,0,normal
EVT-0006543,0,normal
EVT-0006544,0,normal
EVT-0006545,0,normal
EVT-0006546,0,normal
EVT-0006547,0,normal
EVT-0006548,0,normal
EVT-0006549,0,normal
EVT-0006550,0,normal
EVT-0006551,0,normal
EVT-0006552,0,normal
EVT-0006553,0,normal
EVT-0006554,0,normal
EVT-0006555,0,normal
EVT-0006556,0,normal
EVT-0006557,0,normal
EVT-0006558,0,normal
EVT-0006559,0,normal
EVT-0006560,0,normal
EVT-0006561,0,normal
EVT-0006562,0,normal
EVT-0006563,0,normal
EVT-0006564,0,normal
EVT-0006565,0,normal
EVT-0006566,0,normal
EVT-0006567,0,normal
EVT-0006568,0,normal
EVT-0006569,0,normal
EVT-0006570,0,normal
EVT-0006571,0,normal
EVT-0006572,0,normal
EVT-0006573,0,normal
EVT-0006574,0,normal
EVT-0006575,0,normal
EVT-0006576,0,normal
EVT-0006577,0,normal
EVT-0006578,0,normal
EVT-0006579,1,low_slow_exfiltration
EVT-0006580,0,normal
EVT-0006581,0,normal
EVT-0006582,0,normal
EVT-0006583,0,normal
EVT-0006584,0,normal
EVT-0006585,0,normal
EVT-0006586,0,normal
EVT-0006587,0,normal
EVT-0006588,0,normal
EVT-0006589,0,normal
EVT-0006590,0,normal
EVT-0006591,0,normal
EVT-0006592,0,normal
EVT-0006593,0,normal
EVT-0006594,0,normal
EVT-0006595,0,normal
EVT-0006596,0,normal
EVT-0006597,0,normal
EVT-0006598,0,normal
EVT-0006599,0,normal
EVT-0006600,0,normal
EVT-0006601,0,normal
EVT-0006602,0,normal
EVT-0006603,0,normal
EVT-0006604,0,normal
EVT-0006605,0,normal
EVT-0006606,0,normal
EVT-0006607,0,normal
EVT-0006608,0,normal
EVT-0006609,0,normal
EVT-0006610,0,normal
EVT-0006611,0,normal
EVT-0006612,0,normal
EVT-0006613,0,normal
EVT-0006614,0,normal
EVT-0006615,0,normal
EVT-0006616,0,normal
EVT-0006617,0,normal
EVT-0006618,0,normal
EVT-0006619,0,normal
EVT-0006620,0,normal
EVT-0006621,0,normal
EVT-0006622,0,normal
EVT-0006623,0,normal
EVT-0006624,0,normal
EVT-0006625,0,normal
EVT-0006626,0,normal
EVT-0006627,0,normal
EVT-0006628,0,normal
EVT-0006629,0,normal
EVT-0006630,0,normal
EVT-0006631,0,normal
EVT-0006632,0,normal
EVT-0006633,0,normal
EVT-0006634,0,normal
EVT-0006635,0,normal
EVT-0006636,0,normal
EVT-0006637,0,normal
EVT-0006638,0,normal
EVT-0006639,0,normal
EVT-0006640,0,normal
EVT-0006641,0,normal
EVT-0006642,0,normal
EVT-0006643,0,normal
EVT-0006644,0,normal
EVT-0006645,0,normal
EVT-0006646,0,normal
EVT-0006647,0,normal
EVT-0006648,0,normal
EVT-0006649,0,normal
EVT-0006650,0,normal
EVT-0006651,0,normal
EVT-0006652,0,normal
EVT-0006653,0,normal
EVT-0006654,0,normal
EVT-0006655,0,normal
EVT-0006656,0,normal
EVT-0006657,0,normal
EVT-0006658,0,normal
EVT-0006659,0,normal
EVT-0006660,0,normal
EVT-0006661,0,normal
EVT-0006662,0,normal
EVT-0006663,0,normal
EVT-0006664,0,normal
EVT-0006665,0,normal
EVT-0006666,0,normal
EVT-0006667,0,normal
EVT-0006668,0,normal
EVT-0006669,0,normal
EVT-0006670,0,normal
EVT-0006671,0,normal
EVT-0006672,0,normal
EVT-0006673,0,normal
EVT-0006674,0,normal
EVT-0006675,0,normal
EVT-0006676,0,normal
EVT-0006677,0,normal
EVT-0006678,0,normal
EVT-0006679,0,normal
EVT-0006680,0,normal
EVT-0006681,0,normal
EVT-0006682,0,normal
EVT-0006683,0,normal
EVT-0006684,0,normal
EVT-0006685,0,normal
EVT-0006686,0,normal
EVT-0006687,0,normal
EVT-0006688,0,normal
EVT-0006689,0,normal
EVT-0006690,0,normal
EVT-0006691,0,normal
EVT-0006692,0,normal
EVT-0006693,0,normal
EVT-0006694,0,normal
EVT-0006695,0,normal
EVT-0006696,0,normal
EVT-0006697,0,normal
EVT-0006698,0,normal
EVT-0006699,0,normal
EVT-0006700,0,normal
EVT-0006701,0,normal
EVT-0006702,0,normal
EVT-0006703,0,normal
EVT-0006704,0,normal
EVT-0006705,0,normal
EVT-0006706,0,normal
EVT-0006707,0,normal
EVT-0006708,0,normal
EVT-0006709,0,normal
EVT-0006710,0,normal
EVT-0006711,0,normal
EVT-0006712,0,normal
EVT-0006713,0,normal
EVT-0006714,0,normal
EVT-0006715,0,normal
EVT-0006716,0,normal
EVT-0006717,0,normal
EVT-0006718,0,normal
EVT-0006719,0,normal
EVT-0006720,0,normal
EVT-0006721,0,normal
EVT-0006722,0,normal
EVT-0006723,0,normal
EVT-0006724,0,normal
EVT-0006725,0,normal
EVT-0006726,0,normal
EVT-0006727,0,normal
EVT-0006728,0,normal
EVT-0006729,0,normal
EVT-0006730,0,normal
EVT-0006731,0,normal
EVT-0006732,0,normal
EVT-0006733,0,normal
EVT-0006734,0,normal
EVT-0006735,0,normal
EVT-0006736,0,normal
EVT-0006737,0,normal
EVT-0006738,0,normal
EVT-0006739,0,normal
EVT-0006740,0,normal
EVT-0006741,0,normal
EVT-0006742,0,normal
EVT-0006743,0,normal
EVT-0006744,0,normal
EVT-0006745,0,normal
EVT-0006746,0,normal
EVT-0006747,0,normal
EVT-0006748,0,normal
EVT-0006749,0,normal
EVT-0006750,0,normal
EVT-0006751,0,normal
EVT-0006752,0,normal
EVT-0006753,0,normal
EVT-0006754,0,normal
EVT-0006755,0,normal
EVT-0006756,0,normal
EVT-0006757,0,normal
EVT-0006758,0,normal
EVT-0006759,0,normal
EVT-0006760,0,normal
EVT-0006761,0,normal
EVT-0006762,0,normal
EVT-0006763,0,normal
EVT-0006764,0,normal
EVT-0006765,0,normal
EVT-0006766,0,normal
EVT-0006767,0,normal
EVT-0006768,0,normal
EVT-0006769,0,normal
EVT-0006770,0,normal
EVT-0006771,0,normal
EVT-0006772,0,normal
EVT-0006773,0,normal
EVT-0006774,0,normal
EVT-0006775,0,normal
EVT-0006776,1,impossible_travel
EVT-0006777,0,normal
EVT-0006778,0,normal
EVT-0006779,0,normal
EVT-0006780,0,normal
EVT-0006781,0,normal
EVT-0006782,0,normal
EVT-0006783,0,normal
EVT-0006784,0,normal
EVT-0006785,0,normal
EVT-0006786,0,normal
EVT-0006787,0,normal
EVT-0006788,0,normal
EVT-0006789,0,normal
EVT-0006790,0,normal
EVT-0006791,0,normal
EVT-0006792,0,normal
EVT-0006793,0,normal
EVT-0006794,0,normal
EVT-0006795,0,normal
EVT-0006796,0,normal
EVT-0006797,0,normal
EVT-0006798,0,normal
EVT-0006799,0,normal
EVT-0006800,0,normal
EVT-0006801,0,normal
EVT-0006802,0,normal
EVT-0006803,0,normal
EVT-0006804,0,normal
EVT-0006805,0,normal
EVT-0006806,0,normal
EVT-0006807,0,normal
EVT-0006808,0,normal
EVT-0006809,0,normal
EVT-0006810,0,normal
EVT-0006811,0,normal
EVT-0006812,0,normal
EVT-0006813,0,normal
EVT-0006814,0,normal
EVT-0006815,0,normal
EVT-0006816,0,normal
EVT-0006817,0,normal
EVT-0006818,0,normal
EVT-0006819,0,normal
EVT-0006820,0,normal
EVT-0006821,0,normal
EVT-0006822,0,normal
EVT-0006823,0,normal
EVT-0006824,0,normal
EVT-0006825,0,normal
EVT-0006826,0,normal
EVT-0006827,0,normal
EVT-0006828,0,normal
EVT-0006829,0,normal
EVT-0006830,0,normal
EVT-0006831,0,normal
EVT-0006832,0,normal
EVT-0006833,0,normal
EVT-0006834,0,normal
EVT-0006835,0,normal
EVT-0006836,0,normal
EVT-0006837,0,normal
EVT-0006838,0,normal
EVT-0006839,0,normal
EVT-0006840,0,normal
EVT-0006841,0,normal
EVT-0006842,0,normal
EVT-0006843,0,normal
EVT-0006844,0,normal
EVT-0006845,0,normal
EVT-0006846,0,normal
EVT-0006847,0,normal
EVT-0006848,0,normal
EVT-0006849,0,normal
EVT-0006850,0,normal
EVT-0006851,0,normal
EVT-0006852,0,normal
EVT-0006853,0,normal
EVT-0006854,0,normal
EVT-0006855,0,normal
EVT-0006856,1,impossible_travel
EVT-0006857,0,normal
EVT-0006858,0,normal
EVT-0006859,0,normal
EVT-0006860,0,normal
EVT-0006861,0,normal
EVT-0006862,0,normal
EVT-0006863,0,normal
EVT-0006864,0,normal
EVT-0006865,0,normal
EVT-0006866,0,normal
EVT-0006867,0,normal
EVT-0006868,1,device_spoofing
EVT-0006869,0,normal
EVT-0006870,0,normal
EVT-0006871,0,normal
EVT-0006872,0,normal
EVT-0006873,0,normal
EVT-0006874,0,normal
EVT-0006875,0,normal
EVT-0006876,0,normal
EVT-0006877,0,normal
EVT-0006878,0,normal
EVT-0006879,0,normal
EVT-0006880,0,normal
EVT-0006881,0,normal
EVT-0006882,0,normal
EVT-0006883,0,normal
EVT-0006884,0,normal
EVT-0006885,0,normal
EVT-0006886,0,normal
EVT-0006887,0,normal
EVT-0006888,0,normal
EVT-0006889,0,normal
EVT-0006890,0,normal
EVT-0006891,0,normal
EVT-0006892,0,normal
EVT-0006893,0,normal
EVT-0006894,0,normal
EVT-0006895,0,normal
EVT-0006896,0,normal
EVT-0006897,0,normal
EVT-0006898,0,normal
EVT-0006899,0,normal
EVT-0006900,0,normal
EVT-0006901,0,normal
EVT-0006902,0,normal
EVT-0006903,0,normal
EVT-0006904,0,normal
EVT-0006905,0,normal
EVT-0006906,0,normal
EVT-0006907,0,normal
EVT-0006908,0,normal
EVT-0006909,0,normal
EVT-0006910,0,normal
EVT-0006911,0,normal
EVT-0006912,0,normal
EVT-0006913,0,normal
EVT-0006914,0,normal
EVT-0006915,0,normal
EVT-0006916,0,normal
EVT-0006917,0,normal
EVT-0006918,0,normal
EVT-0006919,0,normal
EVT-0006920,0,normal
EVT-0006921,0,normal
EVT-0006922,0,normal
EVT-0006923,0,normal
EVT-0006924,0,normal
EVT-0006925,0,normal
EVT-0006926,0,normal
EVT-0006927,0,normal
EVT-0006928,0,normal
EVT-0006929,0,normal
EVT-0006930,0,normal
EVT-0006931,0,normal
EVT-0006932,0,normal
EVT-0006933,0,normal
EVT-0006934,0,normal
EVT-0006935,0,normal
EVT-0006936,0,normal
EVT-0006937,0,normal
EVT-0006938,0,normal
EVT-0006939,0,normal
EVT-0006940,0,normal
EVT-0006941,0,normal
EVT-0006942,0,normal
EVT-0006943,0,normal
EVT-0006944,0,normal
EVT-0006945,0,normal
EVT-0006946,0,normal
EVT-0006947,1,low_slow_exfiltration
EVT-0006948,0,normal
EVT-0006949,0,normal
EVT-0006950,0,normal
EVT-0006951,0,normal
EVT-0006952,0,normal
EVT-0006953,0,normal
EVT-0006954,0,normal
EVT-0006955,0,normal
EVT-0006956,0,normal
EVT-0006957,0,normal
EVT-0006958,0,normal
EVT-0006959,0,normal
EVT-0006960,0,normal
EVT-0006961,0,normal
EVT-0006962,0,normal
EVT-0006963,0,normal
EVT-0006964,0,normal
EVT-0006965,0,normal
EVT-0006966,0,normal
EVT-0006967,0,normal
EVT-0006968,0,normal
EVT-0006969,0,normal
EVT-0006970,0,normal
EVT-0006971,0,normal
EVT-0006972,0,normal
EVT-0006973,0,normal
EVT-0006974,0,normal
EVT-0006975,0,normal
EVT-0006976,0,normal
EVT-0006977,0,normal
EVT-0006978,0,normal
EVT-0006979,0,normal
EVT-0006980,0,normal
EVT-0006981,0,normal
EVT-0006982,0,normal
EVT-0006983,0,normal
EVT-0006984,0,normal
EVT-0006985,0,normal
EVT-0006986,0,normal
EVT-0006987,0,normal
EVT-0006988,0,normal
EVT-0006989,0,normal
EVT-0006990,0,normal
EVT-0006991,0,normal
EVT-0006992,0,normal
EVT-0006993,0,normal
EVT-0006994,0,normal
EVT-0006995,0,normal
EVT-0006996,0,normal
EVT-0006997,0,normal
EVT-0006998,0,normal
EVT-0006999,0,normal
EVT-0007000,1,device_spoofing
EVT-0007001,0,normal
EVT-0007002,0,normal
EVT-0007003,0,normal
EVT-0007004,0,normal
EVT-0007005,0,normal
EVT-0007006,0,normal
EVT-0007007,0,normal
EVT-0007008,0,normal
EVT-0007009,0,normal
EVT-0007010,0,normal
EVT-0007011,0,normal
EVT-0007012,0,normal
EVT-0007013,0,normal
EVT-0007014,0,normal
EVT-0007015,0,normal
EVT-0007016,0,normal
EVT-0007017,0,normal
EVT-0007018,0,normal
EVT-0007019,0,normal
EVT-0007020,0,normal
EVT-0007021,0,normal
EVT-0007022,0,normal
EVT-0007023,0,normal
EVT-0007024,0,normal
EVT-0007025,0,normal
EVT-0007026,0,normal
EVT-0007027,0,normal
EVT-0007028,0,normal
EVT-0007029,0,normal
EVT-0007030,0,normal
EVT-0007031,0,normal
EVT-0007032,0,normal
EVT-0007033,0,normal
EVT-0007034,0,normal
EVT-0007035,0,normal
EVT-0007036,0,normal
EVT-0007037,0,normal
EVT-0007038,0,normal
EVT-0007039,0,normal
EVT-0007040,0,normal
EVT-0007041,0,normal
EVT-0007042,0,normal
EVT-0007043,1,device_spoofing
EVT-0007044,0,normal
EVT-0007045,0,normal
EVT-0007046,0,normal
EVT-0007047,0,normal
EVT-0007048,0,normal
EVT-0007049,0,normal
EVT-0007050,0,normal
EVT-0007051,0,normal
EVT-0007052,0,normal
EVT-0007053,0,normal
EVT-0007054,0,normal
EVT-0007055,0,normal
EVT-0007056,0,normal
EVT-0007057,0,normal
EVT-0007058,0,normal
EVT-0007059,0,normal
EVT-0007060,0,normal
EVT-0007061,0,normal
EVT-0007062,0,normal
EVT-0007063,0,normal
EVT-0007064,0,normal
EVT-0007065,0,normal
EVT-0007066,0,normal
EVT-0007067,0,normal
EVT-0007068,0,normal
EVT-0007069,0,normal
EVT-0007070,0,normal
EVT-0007071,0,normal
EVT-0007072,0,normal
EVT-0007073,0,normal
EVT-0007074,0,normal
EVT-0007075,0,normal
EVT-0007076,0,normal
EVT-0007077,0,normal
EVT-0007078,0,normal
EVT-0007079,0,normal
EVT-0007080,0,normal
EVT-0007081,0,normal
EVT-0007082,0,normal
EVT-0007083,0,normal
EVT-0007084,0,normal
EVT-0007085,0,normal
EVT-0007086,0,normal
EVT-0007087,0,normal
EVT-0007088,0,normal
EVT-0007089,0,normal
EVT-0007090,0,normal
EVT-0007091,0,normal
EVT-0007092,0,normal
EVT-0007093,0,normal
EVT-0007094,0,normal
EVT-0007095,0,normal
EVT-0007096,0,normal
EVT-0007097,0,normal
EVT-0007098,0,normal
EVT-0007099,0,normal
EVT-0007100,0,normal
EVT-0007101,0,normal
EVT-0007102,0,normal
EVT-0007103,0,normal
EVT-0007104,0,normal
EVT-0007105,0,normal
EVT-0007106,0,normal
EVT-0007107,0,normal
EVT-0007108,0,normal
EVT-0007109,0,normal
EVT-0007110,0,normal
EVT-0007111,0,normal
EVT-0007112,0,normal
EVT-0007113,0,normal
EVT-0007114,0,normal
EVT-0007115,0,normal
EVT-0007116,0,normal
EVT-0007117,0,normal
EVT-0007118,0,normal
EVT-0007119,0,normal
EVT-0007120,0,normal
EVT-0007121,0,normal
EVT-0007122,0,normal
EVT-0007123,0,normal
EVT-0007124,0,normal
EVT-0007125,0,normal
EVT-0007126,0,normal
EVT-0007127,0,normal
EVT-0007128,0,normal
EVT-0007129,0,normal
EVT-0007130,0,normal
EVT-0007131,0,normal
EVT-0007132,0,normal
EVT-0007133,0,normal
EVT-0007134,0,normal
EVT-0007135,0,normal
EVT-0007136,0,normal
EVT-0007137,0,normal
EVT-0007138,0,normal
EVT-0007139,0,normal
EVT-0007140,0,normal
EVT-0007141,0,normal
EVT-0007142,0,normal
EVT-0007143,0,normal
EVT-0007144,0,normal
EVT-0007145,0,normal
EVT-0007146,0,normal
EVT-0007147,0,normal
EVT-0007148,0,normal
EVT-0007149,0,normal
EVT-0007150,0,normal
EVT-0007151,0,normal
EVT-0007152,0,normal
EVT-0007153,0,normal
EVT-0007154,0,normal
EVT-0007155,0,normal
EVT-0007156,0,normal
EVT-0007157,0,normal
EVT-0007158,0,normal
EVT-0007159,0,normal
EVT-0007160,0,normal
EVT-0007161,0,normal
EVT-0007162,0,normal
EVT-0007163,0,normal
EVT-0007164,0,normal
EVT-0007165,0,normal
EVT-0007166,0,normal
EVT-0007167,0,normal
EVT-0007168,0,normal
EVT-0007169,0,normal
EVT-0007170,0,normal
EVT-0007171,0,normal
EVT-0007172,0,normal
EVT-0007173,0,normal
EVT-0007174,0,normal
EVT-0007175,0,normal
EVT-0007176,0,normal
EVT-0007177,0,normal
EVT-0007178,0,normal
EVT-0007179,0,normal
EVT-0007180,0,normal
EVT-0007181,0,normal
EVT-0007182,0,normal
EVT-0007183,0,normal
EVT-0007184,0,normal
EVT-0007185,0,normal
EVT-0007186,0,normal
EVT-0007187,0,normal
EVT-0007188,0,normal
EVT-0007189,0,normal
EVT-0007190,0,normal
EVT-0007191,0,normal
EVT-0007192,0,normal
EVT-0007193,0,normal
EVT-0007194,0,normal
EVT-0007195,0,normal
EVT-0007196,0,normal
EVT-0007197,0,normal
EVT-0007198,0,normal
EVT-0007199,0,normal
EVT-0007200,0,normal
EVT-0007201,0,normal
EVT-0007202,0,normal
EVT-0007203,0,normal
EVT-0007204,0,normal
EVT-0007205,0,normal
EVT-0007206,0,normal
EVT-0007207,0,normal
EVT-0007208,0,normal
EVT-0007209,0,normal
EVT-0007210,0,normal
EVT-0007211,0,normal
EVT-0007212,0,normal
EVT-0007213,0,normal
EVT-0007214,0,normal
EVT-0007215,0,normal
EVT-0007216,0,normal
EVT-0007217,0,normal
EVT-0007218,0,normal
EVT-0007219,0,normal
EVT-0007220,0,normal
EVT-0007221,0,normal
EVT-0007222,0,normal
EVT-0007223,0,normal
EVT-0007224,0,normal
EVT-0007225,0,normal
EVT-0007226,0,normal
EVT-0007227,0,normal
EVT-0007228,0,normal
EVT-0007229,0,normal
EVT-0007230,0,normal
EVT-0007231,0,normal
EVT-0007232,0,normal
EVT-0007233,0,normal
EVT-0007234,0,normal
EVT-0007235,0,normal
EVT-0007236,0,normal
EVT-0007237,0,normal
EVT-0007238,0,normal
EVT-0007239,0,normal
EVT-0007240,0,normal
EVT-0007241,0,normal
EVT-0007242,0,normal
EVT-0007243,0,normal
EVT-0007244,0,normal
EVT-0007245,0,normal
EVT-0007246,0,normal
EVT-0007247,0,normal
EVT-0007248,0,normal
EVT-0007249,0,normal
EVT-0007250,0,normal
EVT-0007251,0,normal
EVT-0007252,0,normal
EVT-0007253,0,normal
EVT-0007254,0,normal
EVT-0007255,0,normal
EVT-0007256,0,normal
EVT-0007257,0,normal
EVT-0007258,0,normal
EVT-0007259,0,normal
EVT-0007260,0,normal
EVT-0007261,0,normal
EVT-0007262,0,normal
EVT-0007263,0,normal
EVT-0007264,0,normal
EVT-0007265,0,normal
EVT-0007266,0,normal
EVT-0007267,0,normal
EVT-0007268,0,normal
EVT-0007269,0,normal
EVT-0007270,0,normal
EVT-0007271,0,normal
EVT-0007272,0,normal
EVT-0007273,0,normal
EVT-0007274,0,normal
EVT-0007275,0,normal
EVT-0007276,0,normal
EVT-0007277,0,normal
EVT-0007278,0,normal
EVT-0007279,0,normal
EVT-0007280,0,normal
EVT-0007281,0,normal
EVT-0007282,0,normal
EVT-0007283,0,normal
EVT-0007284,0,normal
EVT-0007285,0,normal
EVT-0007286,0,normal
EVT-0007287,0,normal
EVT-0007288,0,normal
EVT-0007289,0,normal
EVT-0007290,0,normal
EVT-0007291,0,normal
EVT-0007292,0,normal
EVT-0007293,0,normal
EVT-0007294,0,normal
EVT-0007295,0,normal
EVT-0007296,0,normal
EVT-0007297,0,normal
EVT-0007298,0,normal
EVT-0007299,0,normal
EVT-0007300,0,normal
EVT-0007301,0,normal
EVT-0007302,0,normal
EVT-0007303,0,normal
EVT-0007304,0,normal
EVT-0007305,0,normal
EVT-0007306,0,normal
EVT-0007307,0,normal
EVT-0007308,0,normal
EVT-0007309,0,normal
EVT-0007310,0,normal
EVT-0007311,0,normal
EVT-0007312,0,normal
EVT-0007313,0,normal
EVT-0007314,0,normal
EVT-0007315,0,normal
EVT-0007316,0,normal
EVT-0007317,0,normal
EVT-0007318,0,normal
EVT-0007319,0,normal
EVT-0007320,0,normal
EVT-0007321,0,normal
EVT-0007322,0,normal
EVT-0007323,0,normal
EVT-0007324,0,normal
EVT-0007325,0,normal
EVT-0007326,0,normal
EVT-0007327,0,normal
EVT-0007328,0,normal
EVT-0007329,0,normal
EVT-0007330,0,normal
EVT-0007331,0,normal
EVT-0007332,0,normal
EVT-0007333,0,normal
EVT-0007334,0,normal
EVT-0007335,0,normal
EVT-0007336,0,normal
EVT-0007337,0,normal
EVT-0007338,0,normal
EVT-0007339,0,normal
EVT-0007340,0,normal
EVT-0007341,0,normal
EVT-0007342,0,normal
EVT-0007343,0,normal
EVT-0007344,0,normal
EVT-0007345,0,normal
EVT-0007346,0,normal
EVT-0007347,0,normal
EVT-0007348,0,normal
EVT-0007349,0,normal
EVT-0007350,0,normal
EVT-0007351,0,normal
EVT-0007352,0,normal
EVT-0007353,0,normal
EVT-0007354,0,normal
EVT-0007355,0,normal
EVT-0007356,0,normal
EVT-0007357,0,normal
EVT-0007358,0,normal
EVT-0007359,0,normal
EVT-0007360,0,normal
EVT-0007361,0,normal
EVT-0007362,0,normal
EVT-0007363,0,normal
EVT-0007364,0,normal
EVT-0007365,0,normal
EVT-0007366,0,normal
EVT-0007367,0,normal
EVT-0007368,0,normal
EVT-0007369,0,normal
EVT-0007370,0,normal
EVT-0007371,0,normal
EVT-0007372,0,normal
EVT-0007373,0,normal
EVT-0007374,0,normal
EVT-0007375,0,normal
EVT-0007376,0,normal
EVT-0007377,0,normal
EVT-0007378,0,normal
EVT-0007379,0,normal
EVT-0007380,0,normal
EVT-0007381,0,normal
EVT-0007382,0,normal
EVT-0007383,0,normal
EVT-0007384,0,normal
EVT-0007385,0,normal
EVT-0007386,0,normal
EVT-0007387,0,normal
EVT-0007388,0,normal
EVT-0007389,0,normal
EVT-0007390,0,normal
EVT-0007391,0,normal
EVT-0007392,0,normal
EVT-0007393,0,normal
EVT-0007394,0,normal
EVT-0007395,0,normal
EVT-0007396,0,normal
EVT-0007397,0,normal
EVT-0007398,0,normal
EVT-0007399,0,normal
EVT-0007400,0,normal
EVT-0007401,0,normal
EVT-0007402,0,normal
EVT-0007403,0,normal
EVT-0007404,0,normal
EVT-0007405,0,normal
EVT-0007406,0,normal
EVT-0007407,0,normal
EVT-0007408,0,normal
EVT-0007409,0,normal
EVT-0007410,1,low_slow_exfiltration
EVT-0007411,0,normal
EVT-0007412,0,normal
EVT-0007413,0,normal
EVT-0007414,0,normal
EVT-0007415,0,normal
EVT-0007416,0,normal
EVT-0007417,0,normal
EVT-0007418,0,normal
EVT-0007419,0,normal
EVT-0007420,0,normal
EVT-0007421,0,normal
EVT-0007422,0,normal
EVT-0007423,0,normal
EVT-0007424,0,normal
EVT-0007425,0,normal
EVT-0007426,0,normal
EVT-0007427,0,normal
EVT-0007428,0,normal
EVT-0007429,0,normal
EVT-0007430,0,normal
EVT-0007431,0,normal
EVT-0007432,0,normal
EVT-0007433,0,normal
EVT-0007434,0,normal
EVT-0007435,0,normal
EVT-0007436,0,normal
EVT-0007437,0,normal
EVT-0007438,0,normal
EVT-0007439,0,normal
EVT-0007440,0,normal
EVT-0007441,0,normal
EVT-0007442,0,normal
EVT-0007443,0,normal
EVT-0007444,0,normal
EVT-0007445,0,normal
EVT-0007446,0,normal
EVT-0007447,0,normal
EVT-0007448,0,normal
EVT-0007449,0,normal
EVT-0007450,0,normal
EVT-0007451,0,normal
EVT-0007452,0,normal
EVT-0007453,0,normal
EVT-0007454,0,normal
EVT-0007455,0,normal
EVT-0007456,0,normal
EVT-0007457,0,normal
EVT-0007458,0,normal
EVT-0007459,0,normal
EVT-0007460,0,normal
EVT-0007461,0,normal
EVT-0007462,0,normal
EVT-0007463,0,normal
EVT-0007464,0,normal
EVT-0007465,0,normal
EVT-0007466,0,normal
EVT-0007467,0,normal
EVT-0007468,0,normal
EVT-0007469,0,normal
EVT-0007470,0,normal
EVT-0007471,0,normal
EVT-0007472,0,normal
EVT-0007473,0,normal
EVT-0007474,0,normal
EVT-0007475,0,normal
EVT-0007476,0,normal
EVT-0007477,0,normal
EVT-0007478,0,normal
EVT-0007479,0,normal
EVT-0007480,0,normal
EVT-0007481,0,normal
EVT-0007482,0,normal
EVT-0007483,0,normal
EVT-0007484,0,normal
EVT-0007485,0,normal
EVT-0007486,0,normal
EVT-0007487,0,normal
EVT-0007488,0,normal
EVT-0007489,0,normal
EVT-0007490,0,normal
EVT-0007491,0,normal
EVT-0007492,0,normal
EVT-0007493,0,normal
EVT-0007494,0,normal
EVT-0007495,0,normal
EVT-0007496,0,normal
EVT-0007497,0,normal
EVT-0007498,0,normal
EVT-0007499,0,normal
EVT-0007500,0,normal
EVT-0007501,0,normal
EVT-0007502,0,normal
EVT-0007503,0,normal
EVT-0007504,0,normal
EVT-0007505,0,normal
EVT-0007506,0,normal
EVT-0007507,0,normal
EVT-0007508,0,normal
EVT-0007509,0,normal
EVT-0007510,0,normal
EVT-0007511,0,normal
EVT-0007512,0,normal
EVT-0007513,0,normal
EVT-0007514,0,normal
EVT-0007515,0,normal
EVT-0007516,0,normal
EVT-0007517,0,normal
EVT-0007518,0,normal
EVT-0007519,0,normal
EVT-0007520,0,normal
EVT-0007521,0,normal
EVT-0007522,0,normal
EVT-0007523,0,normal
EVT-0007524,0,normal
EVT-0007525,0,normal
EVT-0007526,0,normal
EVT-0007527,0,normal
EVT-0007528,0,normal
EVT-0007529,0,normal
EVT-0007530,0,normal
EVT-0007531,0,normal
EVT-0007532,0,normal
EVT-0007533,0,normal
EVT-0007534,0,normal
EVT-0007535,0,normal
EVT-0007536,0,normal
EVT-0007537,0,normal
EVT-0007538,0,normal
EVT-0007539,0,normal
EVT-0007540,0,normal
EVT-0007541,0,normal
EVT-0007542,0,normal
EVT-0007543,0,normal
EVT-0007544,0,normal
EVT-0007545,0,normal
EVT-0007546,0,normal
EVT-0007547,0,normal
EVT-0007548,0,normal
EVT-0007549,0,normal
EVT-0007550,0,normal
EVT-0007551,0,normal
EVT-0007552,0,normal
EVT-0007553,0,normal
EVT-0007554,0,normal
EVT-0007555,0,normal
EVT-0007556,0,normal
EVT-0007557,0,normal
EVT-0007558,0,normal
EVT-0007559,0,normal
EVT-0007560,0,normal
EVT-0007561,0,normal
EVT-0007562,0,normal
EVT-0007563,0,normal
EVT-0007564,0,normal
EVT-0007565,0,normal
EVT-0007566,0,normal
EVT-0007567,0,normal
EVT-0007568,0,normal
EVT-0007569,0,normal
EVT-0007570,0,normal
EVT-0007571,0,normal
EVT-0007572,0,normal
EVT-0007573,0,normal
EVT-0007574,0,normal
EVT-0007575,0,normal
EVT-0007576,0,normal
EVT-0007577,0,normal
EVT-0007578,0,normal
EVT-0007579,0,normal
EVT-0007580,0,normal
EVT-0007581,0,normal
EVT-0007582,0,normal
EVT-0007583,0,normal
EVT-0007584,0,normal
EVT-0007585,0,normal
EVT-0007586,0,normal
EVT-0007587,0,normal
EVT-0007588,0,normal
EVT-0007589,0,normal
EVT-0007590,0,normal
EVT-0007591,0,normal
EVT-0007592,0,normal
EVT-0007593,0,normal
EVT-0007594,0,normal
EVT-0007595,0,normal
EVT-0007596,0,normal
EVT-0007597,0,normal
EVT-0007598,0,normal
EVT-0007599,0,normal
EVT-0007600,0,normal
EVT-0007601,0,normal
EVT-0007602,1,device_spoofing
EVT-0007603,0,normal
EVT-0007604,0,normal
EVT-0007605,0,normal
EVT-0007606,0,normal
EVT-0007607,0,normal
EVT-0007608,0,normal
EVT-0007609,0,normal
EVT-0007610,0,normal
EVT-0007611,0,normal
EVT-0007612,0,normal
EVT-0007613,0,normal
EVT-0007614,0,normal
EVT-0007615,0,normal
EVT-0007616,0,normal
EVT-0007617,0,normal
EVT-0007618,0,normal
EVT-0007619,0,normal
EVT-0007620,0,normal
EVT-0007621,0,normal
EVT-0007622,0,normal
EVT-0007623,0,normal
EVT-0007624,0,normal
EVT-0007625,0,normal
EVT-0007626,0,normal
EVT-0007627,0,normal
EVT-0007628,0,normal
EVT-0007629,0,normal
EVT-0007630,0,normal
EVT-0007631,0,normal
EVT-0007632,0,normal
EVT-0007633,0,normal
EVT-0007634,0,normal
EVT-0007635,0,normal
EVT-0007636,0,normal
EVT-0007637,0,normal
EVT-0007638,0,normal
EVT-0007639,0,normal
EVT-0007640,0,normal
EVT-0007641,0,normal
EVT-0007642,0,normal
EVT-0007643,0,normal
EVT-0007644,0,normal
EVT-0007645,0,normal
EVT-0007646,0,normal
EVT-0007647,0,normal
EVT-0007648,0,normal
EVT-0007649,0,normal
EVT-0007650,0,normal
EVT-0007651,0,normal
EVT-0007652,0,normal
EVT-0007653,0,normal
EVT-0007654,0,normal
EVT-0007655,0,normal
EVT-0007656,0,normal
EVT-0007657,0,normal
EVT-0007658,0,normal
EVT-0007659,0,normal
EVT-0007660,0,normal
EVT-0007661,0,normal
EVT-0007662,0,normal
EVT-0007663,0,normal
EVT-0007664,0,normal
EVT-0007665,0,normal
EVT-0007666,0,normal
EVT-0007667,0,normal
EVT-0007668,0,normal
EVT-0007669,0,normal
EVT-0007670,0,normal
EVT-0007671,0,normal
EVT-0007672,0,normal
EVT-0007673,0,normal
EVT-0007674,0,normal
EVT-0007675,0,normal
EVT-0007676,0,normal
EVT-0007677,0,normal
EVT-0007678,1,impossible_travel
EVT-0007679,0,normal
EVT-0007680,0,normal
EVT-0007681,0,normal
EVT-0007682,0,normal
EVT-0007683,0,normal
EVT-0007684,0,normal
EVT-0007685,0,normal
EVT-0007686,0,normal
EVT-0007687,0,normal
EVT-0007688,0,normal
EVT-0007689,0,normal
EVT-0007690,0,normal
EVT-0007691,0,normal
EVT-0007692,0,normal
EVT-0007693,0,normal
EVT-0007694,0,normal
EVT-0007695,0,normal
EVT-0007696,0,normal
EVT-0007697,0,normal
EVT-0007698,0,normal
EVT-0007699,0,normal
EVT-0007700,0,normal
EVT-0007701,0,normal
EVT-0007702,0,normal
EVT-0007703,0,normal
EVT-0007704,0,normal
EVT-0007705,0,normal
EVT-0007706,0,normal
EVT-0007707,0,normal
EVT-0007708,0,normal
EVT-0007709,0,normal
EVT-0007710,0,normal
EVT-0007711,0,normal
EVT-0007712,0,normal
EVT-0007713,0,normal
EVT-0007714,0,normal
EVT-0007715,0,normal
EVT-0007716,0,normal
EVT-0007717,0,normal
EVT-0007718,0,normal
EVT-0007719,0,normal
EVT-0007720,0,normal
EVT-0007721,0,normal
EVT-0007722,0,normal
EVT-0007723,0,normal
EVT-0007724,0,normal
EVT-0007725,0,normal
EVT-0007726,0,normal
EVT-0007727,0,normal
EVT-0007728,0,normal
EVT-0007729,0,normal
EVT-0007730,0,normal
EVT-0007731,0,normal
EVT-0007732,0,normal
EVT-0007733,0,normal
EVT-0007734,0,normal
EVT-0007735,0,normal
EVT-0007736,0,normal
EVT-0007737,0,normal
EVT-0007738,0,normal
EVT-0007739,0,normal
EVT-0007740,0,normal
EVT-0007741,0,normal
EVT-0007742,0,normal
EVT-0007743,0,normal
EVT-0007744,0,normal
EVT-0007745,0,normal
EVT-0007746,0,normal
EVT-0007747,0,normal
EVT-0007748,0,normal
EVT-0007749,0,normal
EVT-0007750,0,normal
EVT-0007751,0,normal
EVT-0007752,0,normal
EVT-0007753,0,normal
EVT-0007754,0,normal
EVT-0007755,0,normal
EVT-0007756,0,normal
EVT-0007757,0,normal
EVT-0007758,0,normal
EVT-0007759,0,normal
EVT-0007760,1,device_spoofing
EVT-0007761,0,normal
EVT-0007762,0,normal
EVT-0007763,0,normal
EVT-0007764,1,impossible_travel
EVT-0007765,0,normal
EVT-0007766,0,normal
EVT-0007767,0,normal
EVT-0007768,0,normal
EVT-0007769,0,normal
EVT-0007770,0,normal
EVT-0007771,0,normal
EVT-0007772,0,normal
EVT-0007773,0,normal
EVT-0007774,1,device_spoofing
EVT-0007775,0,normal
EVT-0007776,0,normal
EVT-0007777,0,normal
EVT-0007778,0,normal
EVT-0007779,0,normal
EVT-0007780,0,normal
EVT-0007781,0,normal
EVT-0007782,0,normal
EVT-0007783,0,normal
EVT-0007784,0,normal
EVT-0007785,0,normal
EVT-0007786,0,normal
EVT-0007787,0,normal
EVT-0007788,0,normal
EVT-0007789,0,normal
EVT-0007790,0,normal
EVT-0007791,0,normal
EVT-0007792,0,normal
EVT-0007793,0,normal
EVT-0007794,0,normal
EVT-0007795,0,normal
EVT-0007796,0,normal
EVT-0007797,0,normal
EVT-0007798,1,brute_force
EVT-0007799,1,brute_force
EVT-0007800,1,brute_force
EVT-0007801,1,brute_force
EVT-0007802,1,brute_force
EVT-0007803,1,brute_force
EVT-0007804,1,brute_force
EVT-0007805,1,brute_force
EVT-0007806,0,normal
EVT-0007807,1,brute_force
EVT-0007808,1,brute_force
EVT-0007809,0,normal
EVT-0007810,0,normal
EVT-0007811,0,normal
EVT-0007812,0,normal
EVT-0007813,0,normal
EVT-0007814,0,normal
EVT-0007815,0,normal
EVT-0007816,0,normal
EVT-0007817,0,normal
EVT-0007818,1,impossible_travel
EVT-0007819,0,normal
EVT-0007820,0,normal
EVT-0007821,0,normal
EVT-0007822,0,normal
EVT-0007823,0,normal
EVT-0007824,0,normal
EVT-0007825,0,normal
EVT-0007826,0,normal
EVT-0007827,0,normal
EVT-0007828,0,normal
EVT-0007829,0,normal
EVT-0007830,0,normal
EVT-0007831,0,normal
EVT-0007832,0,normal
EVT-0007833,0,normal
EVT-0007834,0,normal
EVT-0007835,0,normal
EVT-0007836,0,normal
EVT-0007837,0,normal
EVT-0007838,0,normal
EVT-0007839,0,normal
EVT-0007840,0,normal
EVT-0007841,0,normal
EVT-0007842,0,normal
EVT-0007843,0,normal
EVT-0007844,0,normal
EVT-0007845,0,normal
EVT-0007846,0,normal
EVT-0007847,0,normal
EVT-0007848,0,normal
EVT-0007849,0,normal
EVT-0007850,0,normal
EVT-0007851,0,normal
EVT-0007852,0,normal
EVT-0007853,0,normal
EVT-0007854,0,normal
EVT-0007855,0,normal
EVT-0007856,0,normal
EVT-0007857,0,normal
EVT-0007858,0,normal
EVT-0007859,0,normal
EVT-0007860,0,normal
EVT-0007861,0,normal
EVT-0007862,0,normal
EVT-0007863,0,normal
EVT-0007864,0,normal
EVT-0007865,0,normal
EVT-0007866,0,normal
EVT-0007867,0,normal
EVT-0007868,0,normal
EVT-0007869,0,normal
EVT-0007870,0,normal
EVT-0007871,0,normal
EVT-0007872,0,normal
EVT-0007873,0,normal
EVT-0007874,0,normal
EVT-0007875,0,normal
EVT-0007876,0,normal
EVT-0007877,0,normal
EVT-0007878,0,normal
EVT-0007879,0,normal
EVT-0007880,0,normal
EVT-0007881,0,normal
EVT-0007882,0,normal
EVT-0007883,0,normal
EVT-0007884,0,normal
EVT-0007885,0,normal
EVT-0007886,0,normal
EVT-0007887,0,normal
EVT-0007888,0,normal
EVT-0007889,0,normal
EVT-0007890,0,normal
EVT-0007891,0,normal
EVT-0007892,0,normal
EVT-0007893,0,normal
EVT-0007894,0,normal
EVT-0007895,0,normal
EVT-0007896,0,normal
EVT-0007897,0,normal
EVT-0007898,0,normal
EVT-0007899,0,normal
EVT-0007900,0,normal
EVT-0007901,0,normal
EVT-0007902,0,normal
EVT-0007903,0,normal
EVT-0007904,0,normal
EVT-0007905,0,normal
EVT-0007906,0,normal
EVT-0007907,0,normal
EVT-0007908,0,normal
EVT-0007909,0,normal
EVT-0007910,0,normal
EVT-0007911,0,normal
EVT-0007912,0,normal
EVT-0007913,0,normal
EVT-0007914,0,normal
EVT-0007915,0,normal
EVT-0007916,0,normal
EVT-0007917,0,normal
EVT-0007918,0,normal
EVT-0007919,0,normal
EVT-0007920,0,normal
EVT-0007921,0,normal
EVT-0007922,0,normal
EVT-0007923,0,normal
EVT-0007924,0,normal
EVT-0007925,0,normal
EVT-0007926,0,normal
EVT-0007927,0,normal
EVT-0007928,0,normal
EVT-0007929,0,normal
EVT-0007930,0,normal
EVT-0007931,0,normal
EVT-0007932,0,normal
EVT-0007933,0,normal
EVT-0007934,0,normal
EVT-0007935,0,normal
EVT-0007936,0,normal
EVT-0007937,0,normal
EVT-0007938,0,normal
EVT-0007939,0,normal
EVT-0007940,0,normal
EVT-0007941,0,normal
EVT-0007942,0,normal
EVT-0007943,0,normal
EVT-0007944,0,normal
EVT-0007945,0,normal
EVT-0007946,0,normal
EVT-0007947,0,normal
EVT-0007948,0,normal
EVT-0007949,0,normal
EVT-0007950,0,normal
EVT-0007951,0,normal
EVT-0007952,0,normal
EVT-0007953,0,normal
EVT-0007954,0,normal
EVT-0007955,0,normal
EVT-0007956,0,normal
EVT-0007957,0,normal
EVT-0007958,0,normal
EVT-0007959,0,normal
EVT-0007960,0,normal
EVT-0007961,0,normal
EVT-0007962,0,normal
EVT-0007963,0,normal
EVT-0007964,0,normal
EVT-0007965,1,impossible_travel
EVT-0007966,0,normal
EVT-0007967,0,normal
EVT-0007968,0,normal
EVT-0007969,0,normal
EVT-0007970,0,normal
EVT-0007971,0,normal
EVT-0007972,0,normal
EVT-0007973,0,normal
EVT-0007974,0,normal
EVT-0007975,0,normal
EVT-0007976,0,normal
EVT-0007977,0,normal
EVT-0007978,0,normal
EVT-0007979,0,normal
EVT-0007980,0,normal
EVT-0007981,0,normal
EVT-0007982,0,normal
EVT-0007983,0,normal
EVT-0007984,0,normal
EVT-0007985,0,normal
EVT-0007986,0,normal
EVT-0007987,0,normal
EVT-0007988,0,normal
EVT-0007989,0,normal
EVT-0007990,0,normal
EVT-0007991,0,normal
EVT-0007992,0,normal
EVT-0007993,0,normal
EVT-0007994,0,normal
EVT-0007995,0,normal
EVT-0007996,0,normal
EVT-0007997,0,normal
EVT-0007998,0,normal
EVT-0007999,0,normal
EVT-0008000,0,normal
EVT-0008001,0,normal
EVT-0008002,0,normal
EVT-0008003,0,normal
EVT-0008004,0,normal
EVT-0008005,0,normal
EVT-0008006,0,normal
EVT-0008007,0,normal
EVT-0008008,0,normal
EVT-0008009,0,normal
EVT-0008010,0,normal
EVT-0008011,0,normal
EVT-0008012,0,normal
EVT-0008013,0,normal
EVT-0008014,0,normal
EVT-0008015,0,normal
EVT-0008016,0,normal
EVT-0008017,0,normal
EVT-0008018,0,normal
EVT-0008019,0,normal
EVT-0008020,0,normal
EVT-0008021,0,normal
EVT-0008022,0,normal
EVT-0008023,0,normal
EVT-0008024,0,normal
EVT-0008025,0,normal
EVT-0008026,0,normal
EVT-0008027,0,normal
EVT-0008028,0,normal
EVT-0008029,0,normal
EVT-0008030,0,normal
EVT-0008031,0,normal
EVT-0008032,0,normal
EVT-0008033,0,normal
EVT-0008034,0,normal
EVT-0008035,0,normal
EVT-0008036,0,normal
EVT-0008037,0,normal
EVT-0008038,0,normal
EVT-0008039,0,normal
EVT-0008040,0,normal
EVT-0008041,0,normal
EVT-0008042,0,normal
EVT-0008043,0,normal
EVT-0008044,0,normal
EVT-0008045,0,normal
EVT-0008046,0,normal
EVT-0008047,0,normal
EVT-0008048,0,normal
EVT-0008049,0,normal
EVT-0008050,0,normal
EVT-0008051,0,normal
EVT-0008052,0,normal
EVT-0008053,0,normal
EVT-0008054,0,normal
EVT-0008055,0,normal
EVT-0008056,0,normal
EVT-0008057,0,normal
EVT-0008058,0,normal
EVT-0008059,0,normal
EVT-0008060,0,normal
EVT-0008061,0,normal
EVT-0008062,0,normal
EVT-0008063,0,normal
EVT-0008064,0,normal
EVT-0008065,0,normal
EVT-0008066,0,normal
EVT-0008067,0,normal
EVT-0008068,0,normal
EVT-0008069,0,normal
EVT-0008070,0,normal
EVT-0008071,0,normal
EVT-0008072,0,normal
EVT-0008073,0,normal
EVT-0008074,0,normal
EVT-0008075,0,normal
EVT-0008076,0,normal
EVT-0008077,0,normal
EVT-0008078,0,normal
EVT-0008079,0,normal
EVT-0008080,0,normal
EVT-0008081,0,normal
EVT-0008082,0,normal
EVT-0008083,0,normal
EVT-0008084,0,normal
EVT-0008085,0,normal
EVT-0008086,0,normal
EVT-0008087,0,normal
EVT-0008088,0,normal
EVT-0008089,0,normal
EVT-0008090,0,normal
EVT-0008091,0,normal
EVT-0008092,0,normal
EVT-0008093,0,normal
EVT-0008094,0,normal
EVT-0008095,0,normal
EVT-0008096,0,normal
EVT-0008097,0,normal
EVT-0008098,0,normal
EVT-0008099,0,normal
EVT-0008100,0,normal
EVT-0008101,0,normal
EVT-0008102,0,normal
EVT-0008103,0,normal
EVT-0008104,0,normal
EVT-0008105,0,normal
EVT-0008106,0,normal
EVT-0008107,0,normal
EVT-0008108,0,normal
EVT-0008109,0,normal
EVT-0008110,0,normal
EVT-0008111,0,normal
EVT-0008112,0,normal
EVT-0008113,0,normal
EVT-0008114,0,normal
EVT-0008115,0,normal
EVT-0008116,0,normal
EVT-0008117,0,normal
EVT-0008118,0,normal
EVT-0008119,0,normal
EVT-0008120,0,normal
EVT-0008121,0,normal
EVT-0008122,0,normal
EVT-0008123,0,normal
EVT-0008124,0,normal
EVT-0008125,0,normal
EVT-0008126,0,normal
EVT-0008127,0,normal
EVT-0008128,0,normal
EVT-0008129,0,normal
EVT-0008130,0,normal
EVT-0008131,0,normal
EVT-0008132,0,normal
EVT-0008133,0,normal
EVT-0008134,0,normal
EVT-0008135,0,normal
EVT-0008136,0,normal
EVT-0008137,0,normal
EVT-0008138,0,normal
EVT-0008139,0,normal
EVT-0008140,0,normal
EVT-0008141,0,normal
EVT-0008142,0,normal
EVT-0008143,0,normal
EVT-0008144,0,normal
EVT-0008145,0,normal
EVT-0008146,0,normal
EVT-0008147,0,normal
EVT-0008148,0,normal
EVT-0008149,0,normal
EVT-0008150,0,normal
EVT-0008151,0,normal
EVT-0008152,0,normal
EVT-0008153,0,normal
EVT-0008154,0,normal
EVT-0008155,0,normal
EVT-0008156,0,normal
EVT-0008157,0,normal
EVT-0008158,0,normal
EVT-0008159,0,normal
EVT-0008160,0,normal
EVT-0008161,0,normal
EVT-0008162,0,normal
EVT-0008163,0,normal
EVT-0008164,0,normal
EVT-0008165,0,normal
EVT-0008166,0,normal
EVT-0008167,0,normal
EVT-0008168,0,normal
EVT-0008169,0,normal
EVT-0008170,0,normal
EVT-0008171,0,normal
EVT-0008172,0,normal
EVT-0008173,0,normal
EVT-0008174,0,normal
EVT-0008175,0,normal
EVT-0008176,0,normal
EVT-0008177,0,normal
EVT-0008178,0,normal
EVT-0008179,0,normal
EVT-0008180,0,normal
EVT-0008181,0,normal
EVT-0008182,0,normal
EVT-0008183,0,normal
EVT-0008184,0,normal
EVT-0008185,0,normal
EVT-0008186,0,normal
EVT-0008187,0,normal
EVT-0008188,0,normal
EVT-0008189,0,normal
EVT-0008190,0,normal
EVT-0008191,0,normal
EVT-0008192,0,normal
EVT-0008193,0,normal
EVT-0008194,0,normal
EVT-0008195,0,normal
EVT-0008196,0,normal
EVT-0008197,0,normal
EVT-0008198,0,normal
EVT-0008199,0,normal
EVT-0008200,0,normal
EVT-0008201,0,normal
EVT-0008202,0,normal
EVT-0008203,0,normal
EVT-0008204,0,normal
EVT-0008205,0,normal
EVT-0008206,0,normal
EVT-0008207,0,normal
EVT-0008208,0,normal
EVT-0008209,0,normal
EVT-0008210,0,normal
EVT-0008211,0,normal
EVT-0008212,0,normal
EVT-0008213,0,normal
EVT-0008214,0,normal
EVT-0008215,0,normal
EVT-0008216,0,normal
EVT-0008217,0,normal
EVT-0008218,0,normal
EVT-0008219,0,normal
EVT-0008220,0,normal
EVT-0008221,0,normal
EVT-0008222,0,normal
EVT-0008223,0,normal
EVT-0008224,0,normal
EVT-0008225,0,normal
EVT-0008226,0,normal
EVT-0008227,0,normal
EVT-0008228,0,normal
EVT-0008229,0,normal
EVT-0008230,0,normal
EVT-0008231,0,normal
EVT-0008232,0,normal
EVT-0008233,0,normal
EVT-0008234,0,normal
EVT-0008235,0,normal
EVT-0008236,0,normal
EVT-0008237,0,normal
EVT-0008238,0,normal
EVT-0008239,0,normal
EVT-0008240,0,normal
EVT-0008241,0,normal
EVT-0008242,0,normal
EVT-0008243,0,normal
EVT-0008244,0,normal
EVT-0008245,0,normal
EVT-0008246,0,normal
EVT-0008247,0,normal
EVT-0008248,0,normal
EVT-0008249,0,normal
EVT-0008250,0,normal
EVT-0008251,0,normal
EVT-0008252,0,normal
EVT-0008253,0,normal
EVT-0008254,0,normal
EVT-0008255,0,normal
EVT-0008256,0,normal
EVT-0008257,0,normal
EVT-0008258,0,normal
EVT-0008259,0,normal
EVT-0008260,0,normal
EVT-0008261,0,normal
EVT-0008262,0,normal
EVT-0008263,0,normal
EVT-0008264,0,normal
EVT-0008265,0,normal
EVT-0008266,0,normal
EVT-0008267,0,normal
EVT-0008268,0,normal
EVT-0008269,0,normal
EVT-0008270,0,normal
EVT-0008271,0,normal
EVT-0008272,0,normal
EVT-0008273,0,normal
EVT-0008274,0,normal
EVT-0008275,0,normal
EVT-0008276,0,normal
EVT-0008277,0,normal
EVT-0008278,0,normal
EVT-0008279,0,normal
EVT-0008280,0,normal
EVT-0008281,0,normal
EVT-0008282,0,normal
EVT-0008283,0,normal
EVT-0008284,0,normal
EVT-0008285,0,normal
EVT-0008286,0,normal
EVT-0008287,0,normal
EVT-0008288,0,normal
EVT-0008289,0,normal
EVT-0008290,0,normal
EVT-0008291,0,normal
EVT-0008292,0,normal
EVT-0008293,0,normal
EVT-0008294,0,normal
EVT-0008295,0,normal
EVT-0008296,0,normal
EVT-0008297,0,normal
EVT-0008298,0,normal
EVT-0008299,0,normal
EVT-0008300,0,normal
EVT-0008301,0,normal
EVT-0008302,0,normal
EVT-0008303,0,normal
EVT-0008304,0,normal
EVT-0008305,0,normal
EVT-0008306,0,normal
EVT-0008307,0,normal
EVT-0008308,0,normal
EVT-0008309,0,normal
EVT-0008310,0,normal
EVT-0008311,0,normal
EVT-0008312,0,normal
EVT-0008313,0,normal
EVT-0008314,0,normal
EVT-0008315,0,normal
EVT-0008316,0,normal
EVT-0008317,0,normal
EVT-0008318,0,normal
EVT-0008319,0,normal
EVT-0008320,0,normal
EVT-0008321,0,normal
EVT-0008322,0,normal
EVT-0008323,0,normal
EVT-0008324,0,normal
EVT-0008325,0,normal
EVT-0008326,0,normal
EVT-0008327,0,normal
EVT-0008328,0,normal
EVT-0008329,0,normal
EVT-0008330,0,normal
EVT-0008331,0,normal
EVT-0008332,0,normal
EVT-0008333,0,normal
EVT-0008334,0,normal
EVT-0008335,0,normal
EVT-0008336,0,normal
EVT-0008337,0,normal
EVT-0008338,0,normal
EVT-0008339,0,normal
EVT-0008340,0,normal
EVT-0008341,0,normal
EVT-0008342,0,normal
EVT-0008343,0,normal
EVT-0008344,0,normal
EVT-0008345,0,normal
EVT-0008346,0,normal
EVT-0008347,0,normal
EVT-0008348,0,normal
EVT-0008349,0,normal
EVT-0008350,0,normal
EVT-0008351,0,normal
EVT-0008352,0,normal
EVT-0008353,0,normal
EVT-0008354,0,normal
EVT-0008355,0,normal
EVT-0008356,0,normal
EVT-0008357,0,normal
EVT-0008358,0,normal
EVT-0008359,0,normal
EVT-0008360,0,normal
EVT-0008361,0,normal
EVT-0008362,0,normal
EVT-0008363,0,normal
EVT-0008364,0,normal
EVT-0008365,0,normal
EVT-0008366,0,normal
EVT-0008367,0,normal
EVT-0008368,0,normal
EVT-0008369,0,normal
EVT-0008370,0,normal
EVT-0008371,0,normal
EVT-0008372,0,normal
EVT-0008373,0,normal
EVT-0008374,0,normal
EVT-0008375,0,normal
EVT-0008376,0,normal
EVT-0008377,0,normal
EVT-0008378,0,normal
EVT-0008379,0,normal
EVT-0008380,0,normal
EVT-0008381,0,normal
EVT-0008382,0,normal
EVT-0008383,0,normal
EVT-0008384,0,normal
EVT-0008385,0,normal
EVT-0008386,0,normal
EVT-0008387,0,normal
EVT-0008388,0,normal
EVT-0008389,0,normal
EVT-0008390,0,normal
EVT-0008391,0,normal
EVT-0008392,0,normal
EVT-0008393,0,normal
EVT-0008394,0,normal
EVT-0008395,0,normal
EVT-0008396,0,normal
EVT-0008397,0,normal
EVT-0008398,0,normal
EVT-0008399,0,normal
EVT-0008400,0,normal
EVT-0008401,0,normal
EVT-0008402,1,impossible_travel
EVT-0008403,0,normal
EVT-0008404,0,normal
EVT-0008405,0,normal
EVT-0008406,0,normal
EVT-0008407,0,normal
EVT-0008408,0,normal
EVT-0008409,0,normal
EVT-0008410,0,normal
EVT-0008411,0,normal
EVT-0008412,0,normal
EVT-0008413,0,normal
EVT-0008414,0,normal
EVT-0008415,0,normal
EVT-0008416,0,normal
EVT-0008417,0,normal
EVT-0008418,0,normal
EVT-0008419,0,normal
EVT-0008420,0,normal
EVT-0008421,0,normal
EVT-0008422,0,normal
EVT-0008423,0,normal
EVT-0008424,0,normal
EVT-0008425,0,normal
EVT-0008426,0,normal
EVT-0008427,0,normal
EVT-0008428,0,normal
EVT-0008429,0,normal
EVT-0008430,0,normal
EVT-0008431,0,normal
EVT-0008432,0,normal
EVT-0008433,0,normal
EVT-0008434,0,normal
EVT-0008435,0,normal
EVT-0008436,1,impossible_travel
EVT-0008437,0,normal
EVT-0008438,0,normal
EVT-0008439,0,normal
EVT-0008440,0,normal
EVT-0008441,0,normal
EVT-0008442,0,normal
EVT-0008443,0,normal
EVT-0008444,0,normal
EVT-0008445,0,normal
EVT-0008446,0,normal
EVT-0008447,0,normal
EVT-0008448,0,normal
EVT-0008449,0,normal
EVT-0008450,0,normal
EVT-0008451,0,normal
EVT-0008452,0,normal
EVT-0008453,0,normal
EVT-0008454,0,normal
EVT-0008455,0,normal
EVT-0008456,0,normal
EVT-0008457,0,normal
EVT-0008458,0,normal
EVT-0008459,0,normal
EVT-0008460,0,normal
EVT-0008461,0,normal
EVT-0008462,0,normal
EVT-0008463,0,normal
EVT-0008464,0,normal
EVT-0008465,0,normal
EVT-0008466,0,normal
EVT-0008467,0,normal
EVT-0008468,0,normal
EVT-0008469,0,normal
EVT-0008470,0,normal
EVT-0008471,0,normal
EVT-0008472,0,normal
EVT-0008473,0,normal
EVT-0008474,1,impossible_travel
EVT-0008475,0,normal
EVT-0008476,0,normal
EVT-0008477,0,normal
EVT-0008478,0,normal
EVT-0008479,0,normal
EVT-0008480,0,normal
EVT-0008481,0,normal
EVT-0008482,0,normal
EVT-0008483,0,normal
EVT-0008484,0,normal
EVT-0008485,0,normal
EVT-0008486,0,normal
EVT-0008487,0,normal
EVT-0008488,0,normal
EVT-0008489,0,normal
EVT-0008490,0,normal
EVT-0008491,0,normal
EVT-0008492,0,normal
EVT-0008493,0,normal
EVT-0008494,0,normal
EVT-0008495,0,normal
EVT-0008496,0,normal
EVT-0008497,0,normal
EVT-0008498,0,normal
EVT-0008499,0,normal
EVT-0008500,0,normal
EVT-0008501,0,normal
EVT-0008502,0,normal
EVT-0008503,0,normal
EVT-0008504,0,normal
EVT-0008505,0,normal
EVT-0008506,0,normal
EVT-0008507,0,normal
EVT-0008508,0,normal
EVT-0008509,0,normal
EVT-0008510,0,normal
EVT-0008511,0,normal
EVT-0008512,0,normal
EVT-0008513,0,normal
EVT-0008514,0,normal
EVT-0008515,0,normal
EVT-0008516,0,normal
EVT-0008517,0,normal
EVT-0008518,0,normal
EVT-0008519,0,normal
EVT-0008520,0,normal
EVT-0008521,0,normal
EVT-0008522,0,normal
EVT-0008523,0,normal
EVT-0008524,0,normal
EVT-0008525,0,normal
EVT-0008526,0,normal
EVT-0008527,0,normal
EVT-0008528,0,normal
EVT-0008529,0,normal
EVT-0008530,0,normal
EVT-0008531,0,normal
EVT-0008532,0,normal
EVT-0008533,0,normal
EVT-0008534,0,normal
EVT-0008535,0,normal
EVT-0008536,0,normal
EVT-0008537,0,normal
EVT-0008538,0,normal
EVT-0008539,0,normal
EVT-0008540,0,normal
EVT-0008541,0,normal
EVT-0008542,0,normal
EVT-0008543,0,normal
EVT-0008544,0,normal
EVT-0008545,0,normal
EVT-0008546,0,normal
EVT-0008547,0,normal
EVT-0008548,0,normal
EVT-0008549,0,normal
EVT-0008550,0,normal
EVT-0008551,0,normal
EVT-0008552,0,normal
EVT-0008553,0,normal
EVT-0008554,0,normal
EVT-0008555,0,normal
EVT-0008556,0,normal
EVT-0008557,0,normal
EVT-0008558,0,normal
EVT-0008559,0,normal
EVT-0008560,1,device_spoofing
EVT-0008561,0,normal
EVT-0008562,0,normal
EVT-0008563,0,normal
EVT-0008564,0,normal
EVT-0008565,0,normal
EVT-0008566,0,normal
EVT-0008567,0,normal
EVT-0008568,0,normal
EVT-0008569,0,normal
EVT-0008570,0,normal
EVT-0008571,0,normal
EVT-0008572,0,normal
EVT-0008573,0,normal
EVT-0008574,0,normal
EVT-0008575,0,normal
EVT-0008576,0,normal
EVT-0008577,0,normal
EVT-0008578,0,normal
EVT-0008579,0,normal
EVT-0008580,0,normal
EVT-0008581,0,normal
EVT-0008582,0,normal
EVT-0008583,0,normal
EVT-0008584,0,normal
EVT-0008585,0,normal
EVT-0008586,0,normal
EVT-0008587,0,normal
EVT-0008588,0,normal
EVT-0008589,0,normal
EVT-0008590,0,normal
EVT-0008591,0,normal
EVT-0008592,0,normal
EVT-0008593,0,normal
EVT-0008594,0,normal
EVT-0008595,0,normal
EVT-0008596,0,normal
EVT-0008597,0,normal
EVT-0008598,0,normal
EVT-0008599,0,normal
EVT-0008600,0,normal
EVT-0008601,0,normal
EVT-0008602,0,normal
EVT-0008603,0,normal
EVT-0008604,0,normal
EVT-0008605,0,normal
EVT-0008606,0,normal
EVT-0008607,0,normal
EVT-0008608,0,normal
EVT-0008609,0,normal
EVT-0008610,0,normal
EVT-0008611,0,normal
EVT-0008612,0,normal
EVT-0008613,0,normal
EVT-0008614,0,normal
EVT-0008615,0,normal
EVT-0008616,0,normal
EVT-0008617,0,normal
EVT-0008618,0,normal
EVT-0008619,0,normal
EVT-0008620,0,normal
EVT-0008621,0,normal
EVT-0008622,0,normal
EVT-0008623,0,normal
EVT-0008624,0,normal
EVT-0008625,0,normal
EVT-0008626,0,normal
EVT-0008627,0,normal
EVT-0008628,0,normal
EVT-0008629,0,normal
EVT-0008630,0,normal
EVT-0008631,0,normal
EVT-0008632,0,normal
EVT-0008633,0,normal
EVT-0008634,0,normal
EVT-0008635,0,normal
EVT-0008636,0,normal
EVT-0008637,0,normal
EVT-0008638,0,normal
EVT-0008639,0,normal
EVT-0008640,0,normal
EVT-0008641,0,normal
EVT-0008642,0,normal
EVT-0008643,0,normal
EVT-0008644,0,normal
EVT-0008645,0,normal
EVT-0008646,0,normal
EVT-0008647,0,normal
EVT-0008648,0,normal
EVT-0008649,0,normal
EVT-0008650,0,normal
EVT-0008651,0,normal
EVT-0008652,0,normal
EVT-0008653,0,normal
EVT-0008654,0,normal
EVT-0008655,0,normal
EVT-0008656,0,normal
EVT-0008657,0,normal
EVT-0008658,0,normal
EVT-0008659,0,normal
EVT-0008660,0,normal
EVT-0008661,0,normal
EVT-0008662,0,normal
EVT-0008663,0,normal
EVT-0008664,0,normal
EVT-0008665,0,normal
EVT-0008666,0,normal
EVT-0008667,0,normal
EVT-0008668,0,normal
EVT-0008669,0,normal
EVT-0008670,0,normal
EVT-0008671,0,normal
EVT-0008672,0,normal
EVT-0008673,0,normal
EVT-0008674,0,normal
EVT-0008675,0,normal
EVT-0008676,0,normal
EVT-0008677,0,normal
EVT-0008678,0,normal
EVT-0008679,0,normal
EVT-0008680,0,normal
EVT-0008681,0,normal
EVT-0008682,0,normal
EVT-0008683,0,normal
EVT-0008684,0,normal
EVT-0008685,0,normal
EVT-0008686,0,normal
EVT-0008687,0,normal
EVT-0008688,0,normal
EVT-0008689,0,normal
EVT-0008690,0,normal
EVT-0008691,0,normal
EVT-0008692,0,normal
EVT-0008693,0,normal
EVT-0008694,0,normal
EVT-0008695,0,normal
EVT-0008696,0,normal
EVT-0008697,0,normal
EVT-0008698,0,normal
EVT-0008699,0,normal
EVT-0008700,0,normal
EVT-0008701,0,normal
EVT-0008702,0,normal
EVT-0008703,0,normal
EVT-0008704,0,normal
EVT-0008705,0,normal
EVT-0008706,0,normal
EVT-0008707,0,normal
EVT-0008708,0,normal
EVT-0008709,0,normal
EVT-0008710,0,normal
EVT-0008711,0,normal
EVT-0008712,0,normal
EVT-0008713,0,normal
EVT-0008714,0,normal
EVT-0008715,0,normal
EVT-0008716,0,normal
EVT-0008717,1,low_slow_exfiltration
EVT-0008718,0,normal
EVT-0008719,0,normal
EVT-0008720,0,normal
EVT-0008721,0,normal
EVT-0008722,0,normal
EVT-0008723,0,normal
EVT-0008724,0,normal
EVT-0008725,0,normal
EVT-0008726,0,normal
EVT-0008727,0,normal
EVT-0008728,0,normal
EVT-0008729,0,normal
EVT-0008730,0,normal
EVT-0008731,0,normal
EVT-0008732,0,normal
EVT-0008733,0,normal
EVT-0008734,0,normal
EVT-0008735,0,normal
EVT-0008736,0,normal
EVT-0008737,0,normal
EVT-0008738,0,normal
EVT-0008739,0,normal
EVT-0008740,0,normal
EVT-0008741,0,normal
EVT-0008742,0,normal
EVT-0008743,0,normal
EVT-0008744,0,normal
EVT-0008745,0,normal
EVT-0008746,0,normal
EVT-0008747,0,normal
EVT-0008748,0,normal
EVT-0008749,0,normal
EVT-0008750,0,normal
EVT-0008751,0,normal
EVT-0008752,0,normal
EVT-0008753,0,normal
EVT-0008754,0,normal
EVT-0008755,0,normal
EVT-0008756,0,normal
EVT-0008757,0,normal
EVT-0008758,0,normal
EVT-0008759,0,normal
EVT-0008760,0,normal
EVT-0008761,0,normal
EVT-0008762,0,normal
EVT-0008763,0,normal
EVT-0008764,0,normal
EVT-0008765,0,normal
EVT-0008766,0,normal
EVT-0008767,0,normal
EVT-0008768,0,normal
EVT-0008769,0,normal
EVT-0008770,0,normal
EVT-0008771,0,normal
EVT-0008772,0,normal
EVT-0008773,0,normal
EVT-0008774,0,normal
EVT-0008775,0,normal
EVT-0008776,0,normal
EVT-0008777,0,normal
EVT-0008778,0,normal
EVT-0008779,0,normal
EVT-0008780,0,normal
EVT-0008781,0,normal
EVT-0008782,0,normal
EVT-0008783,0,normal
EVT-0008784,0,normal
EVT-0008785,0,normal
EVT-0008786,0,normal
EVT-0008787,0,normal
EVT-0008788,0,normal
EVT-0008789,0,normal
EVT-0008790,0,normal
EVT-0008791,0,normal
EVT-0008792,0,normal
EVT-0008793,1,impossible_travel
EVT-0008794,0,normal
EVT-0008795,0,normal
EVT-0008796,0,normal
EVT-0008797,0,normal
EVT-0008798,0,normal
EVT-0008799,0,normal
EVT-0008800,0,normal
EVT-0008801,0,normal
EVT-0008802,0,normal
EVT-0008803,0,normal
EVT-0008804,0,normal
EVT-0008805,0,normal
EVT-0008806,0,normal
EVT-0008807,0,normal
EVT-0008808,0,normal
EVT-0008809,0,normal
EVT-0008810,0,normal
EVT-0008811,0,normal
EVT-0008812,0,normal
EVT-0008813,0,normal
EVT-0008814,0,normal
EVT-0008815,0,normal
EVT-0008816,0,normal
EVT-0008817,0,normal
EVT-0008818,0,normal
EVT-0008819,0,normal
EVT-0008820,0,normal
EVT-0008821,0,normal
EVT-0008822,0,normal
EVT-0008823,0,normal
EVT-0008824,0,normal
EVT-0008825,0,normal
EVT-0008826,0,normal
EVT-0008827,0,normal
EVT-0008828,0,normal
EVT-0008829,0,normal
EVT-0008830,0,normal
EVT-0008831,0,normal
EVT-0008832,0,normal
EVT-0008833,0,normal
EVT-0008834,0,normal
EVT-0008835,0,normal
EVT-0008836,0,normal
EVT-0008837,0,normal
EVT-0008838,0,normal
EVT-0008839,0,normal
EVT-0008840,0,normal
EVT-0008841,0,normal
EVT-0008842,0,normal
EVT-0008843,0,normal
EVT-0008844,0,normal
EVT-0008845,0,normal
EVT-0008846,0,normal
EVT-0008847,0,normal
EVT-0008848,0,normal
EVT-0008849,0,normal
EVT-0008850,0,normal
EVT-0008851,0,normal
EVT-0008852,0,normal
EVT-0008853,0,normal
EVT-0008854,0,normal
EVT-0008855,0,normal
EVT-0008856,0,normal
EVT-0008857,0,normal
EVT-0008858,0,normal
EVT-0008859,0,normal
EVT-0008860,0,normal
EVT-0008861,0,normal
EVT-0008862,0,normal
EVT-0008863,0,normal
EVT-0008864,0,normal
EVT-0008865,0,normal
EVT-0008866,0,normal
EVT-0008867,0,normal
EVT-0008868,0,normal
EVT-0008869,0,normal
EVT-0008870,0,normal
EVT-0008871,0,normal
EVT-0008872,0,normal
EVT-0008873,0,normal
EVT-0008874,0,normal
EVT-0008875,0,normal
EVT-0008876,0,normal
EVT-0008877,0,normal
EVT-0008878,0,normal
EVT-0008879,0,normal
EVT-0008880,0,normal
EVT-0008881,0,normal
EVT-0008882,0,normal
EVT-0008883,0,normal
EVT-0008884,0,normal
EVT-0008885,0,normal
EVT-0008886,1,impossible_travel
EVT-0008887,0,normal
EVT-0008888,0,normal
EVT-0008889,0,normal
EVT-0008890,0,normal
EVT-0008891,0,normal
EVT-0008892,0,normal
EVT-0008893,0,normal
EVT-0008894,0,normal
EVT-0008895,0,normal
EVT-0008896,0,normal
EVT-0008897,0,normal
EVT-0008898,0,normal
EVT-0008899,0,normal
EVT-0008900,0,normal
EVT-0008901,0,normal
EVT-0008902,0,normal
EVT-0008903,0,normal
EVT-0008904,0,normal
EVT-0008905,0,normal
EVT-0008906,0,normal
EVT-0008907,0,normal
EVT-0008908,0,normal
EVT-0008909,0,normal
EVT-0008910,0,normal
EVT-0008911,0,normal
EVT-0008912,0,normal
EVT-0008913,0,normal
EVT-0008914,0,normal
EVT-0008915,0,normal
EVT-0008916,0,normal
EVT-0008917,0,normal
EVT-0008918,0,normal
EVT-0008919,0,normal
EVT-0008920,0,normal
EVT-0008921,0,normal
EVT-0008922,0,normal
EVT-0008923,0,normal
EVT-0008924,0,normal
EVT-0008925,0,normal
EVT-0008926,0,normal
EVT-0008927,0,normal
EVT-0008928,0,normal
EVT-0008929,0,normal
EVT-0008930,0,normal
EVT-0008931,0,normal
EVT-0008932,0,normal
EVT-0008933,1,impossible_travel
EVT-0008934,0,normal
EVT-0008935,0,normal
EVT-0008936,0,normal
EVT-0008937,0,normal
EVT-0008938,0,normal
EVT-0008939,0,normal
EVT-0008940,0,normal
EVT-0008941,0,normal
EVT-0008942,0,normal
EVT-0008943,0,normal
EVT-0008944,0,normal
EVT-0008945,1,low_slow_exfiltration
EVT-0008946,0,normal
EVT-0008947,0,normal
EVT-0008948,0,normal
EVT-0008949,0,normal
EVT-0008950,0,normal
EVT-0008951,0,normal
EVT-0008952,0,normal
EVT-0008953,0,normal
EVT-0008954,0,normal
EVT-0008955,0,normal
EVT-0008956,0,normal
EVT-0008957,0,normal
EVT-0008958,0,normal
EVT-0008959,0,normal
EVT-0008960,0,normal
EVT-0008961,0,normal
EVT-0008962,0,normal
EVT-0008963,0,normal
EVT-0008964,0,normal
EVT-0008965,0,normal
EVT-0008966,0,normal
EVT-0008967,0,normal
EVT-0008968,0,normal
EVT-0008969,0,normal
EVT-0008970,0,normal
EVT-0008971,0,normal
EVT-0008972,0,normal
EVT-0008973,0,normal
EVT-0008974,0,normal
EVT-0008975,0,normal
EVT-0008976,0,normal
EVT-0008977,0,normal
EVT-0008978,0,normal
EVT-0008979,0,normal
EVT-0008980,0,normal
EVT-0008981,0,normal
EVT-0008982,0,normal
EVT-0008983,0,normal
EVT-0008984,0,normal
EVT-0008985,0,normal
EVT-0008986,0,normal
EVT-0008987,0,normal
EVT-0008988,0,normal
EVT-0008989,0,normal
EVT-0008990,0,normal
EVT-0008991,0,normal
EVT-0008992,0,normal
EVT-0008993,0,normal
EVT-0008994,0,normal
EVT-0008995,0,normal
EVT-0008996,0,normal
EVT-0008997,0,normal
EVT-0008998,0,normal
EVT-0008999,0,normal
EVT-0009000,0,normal
EVT-0009001,0,normal
EVT-0009002,0,normal
EVT-0009003,0,normal
EVT-0009004,0,normal
EVT-0009005,0,normal
EVT-0009006,0,normal
EVT-0009007,0,normal
EVT-0009008,0,normal
EVT-0009009,0,normal
EVT-0009010,0,normal
EVT-0009011,0,normal
EVT-0009012,0,normal
EVT-0009013,0,normal
EVT-0009014,0,normal
EVT-0009015,0,normal
EVT-0009016,0,normal
EVT-0009017,0,normal
EVT-0009018,0,normal
EVT-0009019,0,normal
EVT-0009020,0,normal
EVT-0009021,0,normal
EVT-0009022,0,normal
EVT-0009023,0,normal
EVT-0009024,0,normal
EVT-0009025,0,normal
EVT-0009026,0,normal
EVT-0009027,0,normal
EVT-0009028,0,normal
EVT-0009029,0,normal
EVT-0009030,0,normal
EVT-0009031,0,normal
EVT-0009032,0,normal
EVT-0009033,0,normal
EVT-0009034,0,normal
EVT-0009035,0,normal
EVT-0009036,0,normal
EVT-0009037,0,normal
EVT-0009038,0,normal
EVT-0009039,0,normal
EVT-0009040,0,normal
EVT-0009041,0,normal
EVT-0009042,0,normal
EVT-0009043,0,normal
EVT-0009044,0,normal
EVT-0009045,0,normal
EVT-0009046,0,normal
EVT-0009047,0,normal
EVT-0009048,0,normal
EVT-0009049,0,normal
EVT-0009050,0,normal
EVT-0009051,0,normal
EVT-0009052,1,impossible_travel
EVT-0009053,0,normal
EVT-0009054,0,normal
EVT-0009055,0,normal
EVT-0009056,0,normal
EVT-0009057,0,normal
EVT-0009058,0,normal
EVT-0009059,0,normal
EVT-0009060,0,normal
EVT-0009061,0,normal
EVT-0009062,0,normal
EVT-0009063,0,normal
EVT-0009064,0,normal
EVT-0009065,0,normal
EVT-0009066,0,normal
EVT-0009067,0,normal
EVT-0009068,0,normal
EVT-0009069,0,normal
EVT-0009070,0,normal
EVT-0009071,0,normal
EVT-0009072,0,normal
EVT-0009073,0,normal
EVT-0009074,0,normal
EVT-0009075,0,normal
EVT-0009076,0,normal
EVT-0009077,0,normal
EVT-0009078,0,normal
EVT-0009079,0,normal
EVT-0009080,0,normal
EVT-0009081,0,normal
EVT-0009082,0,normal
EVT-0009083,0,normal
EVT-0009084,0,normal
EVT-0009085,0,normal
EVT-0009086,0,normal
EVT-0009087,0,normal
EVT-0009088,0,normal
EVT-0009089,0,normal
EVT-0009090,0,normal
EVT-0009091,0,normal
EVT-0009092,0,normal
EVT-0009093,0,normal
EVT-0009094,0,normal
EVT-0009095,0,normal
EVT-0009096,0,normal
EVT-0009097,0,normal
EVT-0009098,0,normal
EVT-0009099,0,normal
EVT-0009100,0,normal
EVT-0009101,0,normal
EVT-0009102,0,normal
EVT-0009103,0,normal
EVT-0009104,0,normal
EVT-0009105,0,normal
EVT-0009106,0,normal
EVT-0009107,0,normal
EVT-0009108,0,normal
EVT-0009109,0,normal
EVT-0009110,0,normal
EVT-0009111,0,normal
EVT-0009112,0,normal
EVT-0009113,0,normal
EVT-0009114,0,normal
EVT-0009115,0,normal
EVT-0009116,0,normal
EVT-0009117,0,normal
EVT-0009118,0,normal
EVT-0009119,0,normal
EVT-0009120,0,normal
EVT-0009121,0,normal
EVT-0009122,0,normal
EVT-0009123,0,normal
EVT-0009124,0,normal
EVT-0009125,0,normal
EVT-0009126,0,normal
EVT-0009127,0,normal
EVT-0009128,0,normal
EVT-0009129,0,normal
EVT-0009130,0,normal
EVT-0009131,0,normal
EVT-0009132,0,normal
EVT-0009133,0,normal
EVT-0009134,0,normal
EVT-0009135,0,normal
EVT-0009136,0,normal
EVT-0009137,0,normal
EVT-0009138,0,normal
EVT-0009139,0,normal
EVT-0009140,0,normal
EVT-0009141,0,normal
EVT-0009142,0,normal
EVT-0009143,0,normal
EVT-0009144,0,normal
EVT-0009145,0,normal
EVT-0009146,0,normal
EVT-0009147,0,normal
EVT-0009148,0,normal
EVT-0009149,0,normal
EVT-0009150,0,normal
EVT-0009151,0,normal
EVT-0009152,0,normal
EVT-0009153,0,normal
EVT-0009154,0,normal
EVT-0009155,0,normal
EVT-0009156,0,normal
EVT-0009157,0,normal
EVT-0009158,0,normal
EVT-0009159,0,normal
EVT-0009160,0,normal
EVT-0009161,0,normal
EVT-0009162,0,normal
EVT-0009163,0,normal
EVT-0009164,0,normal
EVT-0009165,0,normal
EVT-0009166,0,normal
EVT-0009167,0,normal
EVT-0009168,0,normal
EVT-0009169,0,normal
EVT-0009170,0,normal
EVT-0009171,0,normal
EVT-0009172,0,normal
EVT-0009173,0,normal
EVT-0009174,0,normal
EVT-0009175,0,normal
EVT-0009176,0,normal
EVT-0009177,0,normal
EVT-0009178,0,normal
EVT-0009179,0,normal
EVT-0009180,0,normal
EVT-0009181,0,normal
EVT-0009182,0,normal
EVT-0009183,0,normal
EVT-0009184,0,normal
EVT-0009185,0,normal
EVT-0009186,0,normal
EVT-0009187,0,normal
EVT-0009188,0,normal
EVT-0009189,0,normal
EVT-0009190,0,normal
EVT-0009191,0,normal
EVT-0009192,0,normal
EVT-0009193,0,normal
EVT-0009194,0,normal
EVT-0009195,0,normal
EVT-0009196,0,normal
EVT-0009197,0,normal
EVT-0009198,0,normal
EVT-0009199,0,normal
EVT-0009200,1,low_slow_exfiltration
EVT-0009201,0,normal
EVT-0009202,0,normal
EVT-0009203,0,normal
EVT-0009204,0,normal
EVT-0009205,0,normal
EVT-0009206,0,normal
EVT-0009207,0,normal
EVT-0009208,0,normal
EVT-0009209,0,normal
EVT-0009210,0,normal
EVT-0009211,0,normal
EVT-0009212,0,normal
EVT-0009213,0,normal
EVT-0009214,0,normal
EVT-0009215,0,normal
EVT-0009216,0,normal
EVT-0009217,0,normal
EVT-0009218,0,normal
EVT-0009219,0,normal
EVT-0009220,0,normal
EVT-0009221,0,normal
EVT-0009222,0,normal
EVT-0009223,0,normal
EVT-0009224,0,normal
EVT-0009225,0,normal
EVT-0009226,0,normal
EVT-0009227,0,normal
EVT-0009228,0,normal
EVT-0009229,0,normal
EVT-0009230,0,normal
EVT-0009231,0,normal
EVT-0009232,0,normal
EVT-0009233,0,normal
EVT-0009234,0,normal
EVT-0009235,0,normal
EVT-0009236,0,normal
EVT-0009237,0,normal
EVT-0009238,0,normal
EVT-0009239,0,normal
EVT-0009240,0,normal
EVT-0009241,0,normal
EVT-0009242,0,normal
EVT-0009243,0,normal
EVT-0009244,0,normal
EVT-0009245,0,normal
EVT-0009246,0,normal
EVT-0009247,0,normal
EVT-0009248,0,normal
EVT-0009249,0,normal
EVT-0009250,0,normal
EVT-0009251,0,normal
EVT-0009252,0,normal
EVT-0009253,0,normal
EVT-0009254,0,normal
EVT-0009255,0,normal
EVT-0009256,0,normal
EVT-0009257,0,normal
EVT-0009258,0,normal
EVT-0009259,0,normal
EVT-0009260,0,normal
EVT-0009261,0,normal
EVT-0009262,0,normal
EVT-0009263,0,normal
EVT-0009264,0,normal
EVT-0009265,0,normal
EVT-0009266,0,normal
EVT-0009267,0,normal
EVT-0009268,0,normal
EVT-0009269,0,normal
EVT-0009270,0,normal
EVT-0009271,0,normal
EVT-0009272,0,normal
EVT-0009273,0,normal
EVT-0009274,0,normal
EVT-0009275,0,normal
EVT-0009276,0,normal
EVT-0009277,0,normal
EVT-0009278,0,normal
EVT-0009279,0,normal
EVT-0009280,0,normal
EVT-0009281,0,normal
EVT-0009282,0,normal
EVT-0009283,0,normal
EVT-0009284,0,normal
EVT-0009285,0,normal
EVT-0009286,0,normal
EVT-0009287,0,normal
EVT-0009288,0,normal
EVT-0009289,0,normal
EVT-0009290,0,normal
EVT-0009291,0,normal
EVT-0009292,0,normal
EVT-0009293,0,normal
EVT-0009294,0,normal
EVT-0009295,0,normal
EVT-0009296,0,normal
EVT-0009297,0,normal
EVT-0009298,0,normal
EVT-0009299,0,normal
EVT-0009300,0,normal
EVT-0009301,0,normal
EVT-0009302,0,normal
EVT-0009303,0,normal
EVT-0009304,0,normal
EVT-0009305,0,normal
EVT-0009306,0,normal
EVT-0009307,0,normal
EVT-0009308,0,normal
EVT-0009309,0,normal
EVT-0009310,0,normal
EVT-0009311,0,normal
EVT-0009312,0,normal
EVT-0009313,0,normal
EVT-0009314,0,normal
EVT-0009315,0,normal
EVT-0009316,0,normal
EVT-0009317,1,device_spoofing
EVT-0009318,0,normal
EVT-0009319,0,normal
EVT-0009320,0,normal
EVT-0009321,0,normal
EVT-0009322,0,normal
EVT-0009323,0,normal
EVT-0009324,0,normal
EVT-0009325,0,normal
EVT-0009326,0,normal
EVT-0009327,0,normal
EVT-0009328,0,normal
EVT-0009329,0,normal
EVT-0009330,0,normal
EVT-0009331,0,normal
EVT-0009332,0,normal
EVT-0009333,0,normal
EVT-0009334,0,normal
EVT-0009335,0,normal
EVT-0009336,0,normal
EVT-0009337,0,normal
EVT-0009338,0,normal
EVT-0009339,0,normal
EVT-0009340,0,normal
EVT-0009341,0,normal
EVT-0009342,0,normal
EVT-0009343,0,normal
EVT-0009344,0,normal
EVT-0009345,0,normal
EVT-0009346,0,normal
EVT-0009347,0,normal
EVT-0009348,0,normal
EVT-0009349,0,normal
EVT-0009350,0,normal
EVT-0009351,0,normal
EVT-0009352,0,normal
EVT-0009353,0,normal
EVT-0009354,0,normal
EVT-0009355,0,normal
EVT-0009356,0,normal
EVT-0009357,0,normal
EVT-0009358,0,normal
EVT-0009359,0,normal
EVT-0009360,0,normal
EVT-0009361,0,normal
EVT-0009362,0,normal
EVT-0009363,0,normal
EVT-0009364,0,normal
EVT-0009365,0,normal
EVT-0009366,0,normal
EVT-0009367,0,normal
EVT-0009368,0,normal
EVT-0009369,0,normal
EVT-0009370,0,normal
EVT-0009371,0,normal
EVT-0009372,0,normal
EVT-0009373,0,normal
EVT-0009374,0,normal
EVT-0009375,0,normal
EVT-0009376,0,normal
EVT-0009377,0,normal
EVT-0009378,0,normal
EVT-0009379,0,normal
EVT-0009380,0,normal
EVT-0009381,0,normal
EVT-0009382,0,normal
EVT-0009383,0,normal
EVT-0009384,0,normal
EVT-0009385,0,normal
EVT-0009386,0,normal
EVT-0009387,0,normal
EVT-0009388,0,normal
EVT-0009389,0,normal
EVT-0009390,0,normal
EVT-0009391,0,normal
EVT-0009392,0,normal
EVT-0009393,0,normal
EVT-0009394,0,normal
EVT-0009395,0,normal
EVT-0009396,0,normal
EVT-0009397,0,normal
EVT-0009398,0,normal
EVT-0009399,0,normal
EVT-0009400,0,normal
EVT-0009401,0,normal
EVT-0009402,0,normal
EVT-0009403,0,normal
EVT-0009404,0,normal
EVT-0009405,0,normal
EVT-0009406,0,normal
EVT-0009407,0,normal
EVT-0009408,0,normal
EVT-0009409,0,normal
EVT-0009410,0,normal
EVT-0009411,0,normal
EVT-0009412,0,normal
EVT-0009413,0,normal
EVT-0009414,0,normal
EVT-0009415,0,normal
EVT-0009416,0,normal
EVT-0009417,0,normal
EVT-0009418,0,normal
EVT-0009419,0,normal
EVT-0009420,0,normal
EVT-0009421,0,normal
EVT-0009422,0,normal
EVT-0009423,0,normal
EVT-0009424,0,normal
EVT-0009425,0,normal
EVT-0009426,0,normal
EVT-0009427,0,normal
EVT-0009428,0,normal
EVT-0009429,0,normal
EVT-0009430,0,normal
EVT-0009431,0,normal
EVT-0009432,0,normal
EVT-0009433,0,normal
EVT-0009434,0,normal
EVT-0009435,0,normal
EVT-0009436,0,normal
EVT-0009437,0,normal
EVT-0009438,0,normal
EVT-0009439,0,normal
EVT-0009440,0,normal
EVT-0009441,0,normal
EVT-0009442,0,normal
EVT-0009443,0,normal
EVT-0009444,0,normal
EVT-0009445,0,normal
EVT-0009446,0,normal
EVT-0009447,0,normal
EVT-0009448,0,normal
EVT-0009449,0,normal
EVT-0009450,0,normal
EVT-0009451,0,normal
EVT-0009452,0,normal
EVT-0009453,0,normal
EVT-0009454,0,normal
EVT-0009455,0,normal
EVT-0009456,0,normal
EVT-0009457,0,normal
EVT-0009458,0,normal
EVT-0009459,0,normal
EVT-0009460,0,normal
EVT-0009461,0,normal
EVT-0009462,0,normal
EVT-0009463,0,normal
EVT-0009464,0,normal
EVT-0009465,0,normal
EVT-0009466,0,normal
EVT-0009467,0,normal
EVT-0009468,0,normal
EVT-0009469,0,normal
EVT-0009470,0,normal
EVT-0009471,0,normal
EVT-0009472,0,normal
EVT-0009473,0,normal
EVT-0009474,0,normal
EVT-0009475,0,normal
EVT-0009476,0,normal
EVT-0009477,1,device_spoofing
EVT-0009478,0,normal
EVT-0009479,0,normal
EVT-0009480,0,normal
EVT-0009481,0,normal
EVT-0009482,0,normal
EVT-0009483,0,normal
EVT-0009484,0,normal
EVT-0009485,0,normal
EVT-0009486,0,normal
EVT-0009487,0,normal
EVT-0009488,0,normal
EVT-0009489,0,normal
EVT-0009490,0,normal
EVT-0009491,0,normal
EVT-0009492,0,normal
EVT-0009493,0,normal
EVT-0009494,0,normal
EVT-0009495,0,normal
EVT-0009496,0,normal
EVT-0009497,0,normal
EVT-0009498,0,normal
EVT-0009499,0,normal
EVT-0009500,0,normal
EVT-0009501,0,normal
EVT-0009502,0,normal
EVT-0009503,0,normal
EVT-0009504,0,normal
EVT-0009505,0,normal
EVT-0009506,0,normal
EVT-0009507,0,normal
EVT-0009508,0,normal
EVT-0009509,0,normal
EVT-0009510,0,normal
EVT-0009511,0,normal
EVT-0009512,0,normal
EVT-0009513,0,normal
EVT-0009514,0,normal
EVT-0009515,0,normal
EVT-0009516,0,normal
EVT-0009517,0,normal
EVT-0009518,0,normal
EVT-0009519,0,normal
EVT-0009520,0,normal
EVT-0009521,0,normal
EVT-0009522,0,normal
EVT-0009523,0,normal
EVT-0009524,0,normal
EVT-0009525,0,normal
EVT-0009526,0,normal
EVT-0009527,0,normal
EVT-0009528,0,normal
EVT-0009529,0,normal
EVT-0009530,0,normal
EVT-0009531,0,normal
EVT-0009532,0,normal
EVT-0009533,0,normal
EVT-0009534,0,normal
EVT-0009535,0,normal
EVT-0009536,0,normal
EVT-0009537,0,normal
EVT-0009538,0,normal
EVT-0009539,0,normal
EVT-0009540,0,normal
EVT-0009541,0,normal
EVT-0009542,0,normal
EVT-0009543,0,normal
EVT-0009544,0,normal
EVT-0009545,0,normal
EVT-0009546,0,normal
EVT-0009547,0,normal
EVT-0009548,0,normal
EVT-0009549,0,normal
EVT-0009550,0,normal
EVT-0009551,0,normal
EVT-0009552,0,normal
EVT-0009553,0,normal
EVT-0009554,0,normal
EVT-0009555,0,normal
EVT-0009556,0,normal
EVT-0009557,0,normal
EVT-0009558,0,normal
EVT-0009559,0,normal
EVT-0009560,0,normal
EVT-0009561,0,normal
EVT-0009562,0,normal
EVT-0009563,0,normal
EVT-0009564,0,normal
EVT-0009565,0,normal
EVT-0009566,0,normal
EVT-0009567,0,normal
EVT-0009568,0,normal
EVT-0009569,0,normal
EVT-0009570,0,normal
EVT-0009571,0,normal
EVT-0009572,0,normal
EVT-0009573,0,normal
EVT-0009574,0,normal
EVT-0009575,0,normal
EVT-0009576,0,normal
EVT-0009577,0,normal
EVT-0009578,0,normal
EVT-0009579,0,normal
EVT-0009580,0,normal
EVT-0009581,0,normal
EVT-0009582,0,normal
EVT-0009583,0,normal
EVT-0009584,0,normal
EVT-0009585,0,normal
EVT-0009586,0,normal
EVT-0009587,0,normal
EVT-0009588,0,normal
EVT-0009589,0,normal
EVT-0009590,0,normal
EVT-0009591,0,normal
EVT-0009592,0,normal
EVT-0009593,0,normal
EVT-0009594,0,normal
EVT-0009595,0,normal
EVT-0009596,0,normal
EVT-0009597,0,normal
EVT-0009598,0,normal
EVT-0009599,0,normal
EVT-0009600,0,normal
EVT-0009601,0,normal
EVT-0009602,0,normal
EVT-0009603,0,normal
EVT-0009604,0,normal
EVT-0009605,0,normal
EVT-0009606,0,normal
EVT-0009607,0,normal
EVT-0009608,0,normal
EVT-0009609,0,normal
EVT-0009610,0,normal
EVT-0009611,0,normal
EVT-0009612,0,normal
EVT-0009613,0,normal
EVT-0009614,0,normal
EVT-0009615,0,normal
EVT-0009616,0,normal
EVT-0009617,0,normal
EVT-0009618,0,normal
EVT-0009619,0,normal
EVT-0009620,1,low_slow_exfiltration
EVT-0009621,0,normal
EVT-0009622,0,normal
EVT-0009623,0,normal
EVT-0009624,0,normal
EVT-0009625,0,normal
EVT-0009626,0,normal
EVT-0009627,0,normal
EVT-0009628,0,normal
EVT-0009629,0,normal
EVT-0009630,0,normal
EVT-0009631,0,normal
EVT-0009632,0,normal
EVT-0009633,0,normal
EVT-0009634,0,normal
EVT-0009635,0,normal
EVT-0009636,0,normal
EVT-0009637,0,normal
EVT-0009638,0,normal
EVT-0009639,0,normal
EVT-0009640,0,normal
EVT-0009641,0,normal
EVT-0009642,0,normal
EVT-0009643,0,normal
EVT-0009644,0,normal
EVT-0009645,0,normal
EVT-0009646,0,normal
EVT-0009647,0,normal
EVT-0009648,0,normal
EVT-0009649,0,normal
EVT-0009650,0,normal
EVT-0009651,0,normal
EVT-0009652,1,device_spoofing
EVT-0009653,0,normal
EVT-0009654,0,normal
EVT-0009655,0,normal
EVT-0009656,0,normal
EVT-0009657,0,normal
EVT-0009658,0,normal
EVT-0009659,0,normal
EVT-0009660,0,normal
EVT-0009661,0,normal
EVT-0009662,0,normal
EVT-0009663,0,normal
EVT-0009664,0,normal
EVT-0009665,0,normal
EVT-0009666,0,normal
EVT-0009667,0,normal
EVT-0009668,0,normal
EVT-0009669,0,normal
EVT-0009670,0,normal
EVT-0009671,0,normal
EVT-0009672,0,normal
EVT-0009673,0,normal
EVT-0009674,0,normal
EVT-0009675,0,normal
EVT-0009676,0,normal
EVT-0009677,0,normal
EVT-0009678,0,normal
EVT-0009679,0,normal
EVT-0009680,0,normal
EVT-0009681,0,normal
EVT-0009682,0,normal
EVT-0009683,0,normal
EVT-0009684,0,normal
EVT-0009685,0,normal
EVT-0009686,0,normal
EVT-0009687,0,normal
EVT-0009688,0,normal
EVT-0009689,0,normal
EVT-0009690,0,normal
EVT-0009691,0,normal
EVT-0009692,0,normal
EVT-0009693,0,normal
EVT-0009694,0,normal
EVT-0009695,0,normal
EVT-0009696,0,normal
EVT-0009697,0,normal
EVT-0009698,0,normal
EVT-0009699,0,normal
EVT-0009700,0,normal
EVT-0009701,0,normal
EVT-0009702,0,normal
EVT-0009703,0,normal
EVT-0009704,0,normal
EVT-0009705,0,normal
EVT-0009706,0,normal
EVT-0009707,0,normal
EVT-0009708,0,normal
EVT-0009709,0,normal
EVT-0009710,0,normal
EVT-0009711,0,normal
EVT-0009712,0,normal
EVT-0009713,0,normal
EVT-0009714,0,normal
EVT-0009715,0,normal
EVT-0009716,0,normal
EVT-0009717,0,normal
EVT-0009718,0,normal
EVT-0009719,0,normal
EVT-0009720,0,normal
EVT-0009721,0,normal
EVT-0009722,0,normal
EVT-0009723,0,normal
EVT-0009724,0,normal
EVT-0009725,0,normal
EVT-0009726,0,normal
EVT-0009727,0,normal
EVT-0009728,0,normal
EVT-0009729,0,normal
EVT-0009730,0,normal
EVT-0009731,0,normal
EVT-0009732,0,normal
EVT-0009733,0,normal
EVT-0009734,0,normal
EVT-0009735,0,normal
EVT-0009736,0,normal
EVT-0009737,0,normal
EVT-0009738,0,normal
EVT-0009739,0,normal
EVT-0009740,0,normal
EVT-0009741,0,normal
EVT-0009742,0,normal
EVT-0009743,0,normal
EVT-0009744,0,normal
EVT-0009745,0,normal
EVT-0009746,0,normal
EVT-0009747,0,normal
EVT-0009748,0,normal
EVT-0009749,0,normal
EVT-0009750,0,normal
EVT-0009751,0,normal
EVT-0009752,0,normal
EVT-0009753,0,normal
EVT-0009754,0,normal
EVT-0009755,0,normal
EVT-0009756,0,normal
EVT-0009757,0,normal
EVT-0009758,0,normal
EVT-0009759,0,normal
EVT-0009760,0,normal
EVT-0009761,0,normal
EVT-0009762,0,normal
EVT-0009763,0,normal
EVT-0009764,0,normal
EVT-0009765,0,normal
EVT-0009766,0,normal
EVT-0009767,0,normal
EVT-0009768,0,normal
EVT-0009769,0,normal
EVT-0009770,0,normal
EVT-0009771,0,normal
EVT-0009772,0,normal
EVT-0009773,0,normal
EVT-0009774,0,normal
EVT-0009775,0,normal
EVT-0009776,0,normal
EVT-0009777,0,normal
EVT-0009778,0,normal
EVT-0009779,0,normal
EVT-0009780,0,normal
EVT-0009781,0,normal
EVT-0009782,0,normal
EVT-0009783,0,normal
EVT-0009784,0,normal
EVT-0009785,0,normal
EVT-0009786,0,normal
EVT-0009787,0,normal
EVT-0009788,0,normal
EVT-0009789,0,normal
EVT-0009790,0,normal
EVT-0009791,0,normal
EVT-0009792,0,normal
EVT-0009793,0,normal
EVT-0009794,0,normal
EVT-0009795,0,normal
EVT-0009796,0,normal
EVT-0009797,0,normal
EVT-0009798,0,normal
EVT-0009799,0,normal
EVT-0009800,0,normal
EVT-0009801,0,normal
EVT-0009802,0,normal
EVT-0009803,0,normal
EVT-0009804,0,normal
EVT-0009805,0,normal
EVT-0009806,0,normal
EVT-0009807,0,normal
EVT-0009808,0,normal
EVT-0009809,0,normal
EVT-0009810,0,normal
EVT-0009811,0,normal
EVT-0009812,0,normal
EVT-0009813,0,normal
EVT-0009814,0,normal
EVT-0009815,0,normal
EVT-0009816,0,normal
EVT-0009817,0,normal
EVT-0009818,0,normal
EVT-0009819,0,normal
EVT-0009820,0,normal
EVT-0009821,0,normal
EVT-0009822,0,normal
EVT-0009823,0,normal
EVT-0009824,0,normal
EVT-0009825,0,normal
EVT-0009826,0,normal
EVT-0009827,0,normal
EVT-0009828,0,normal
EVT-0009829,0,normal
EVT-0009830,0,normal
EVT-0009831,0,normal
EVT-0009832,0,normal
EVT-0009833,0,normal
EVT-0009834,0,normal
EVT-0009835,0,normal
EVT-0009836,0,normal
EVT-0009837,0,normal
EVT-0009838,0,normal
EVT-0009839,0,normal
EVT-0009840,0,normal
EVT-0009841,0,normal
EVT-0009842,0,normal
EVT-0009843,0,normal
EVT-0009844,0,normal
EVT-0009845,0,normal
EVT-0009846,0,normal
EVT-0009847,0,normal
EVT-0009848,0,normal
EVT-0009849,0,normal
EVT-0009850,0,normal
EVT-0009851,0,normal
EVT-0009852,0,normal
EVT-0009853,0,normal
EVT-0009854,1,device_spoofing
EVT-0009855,0,normal
EVT-0009856,0,normal
EVT-0009857,0,normal
EVT-0009858,0,normal
EVT-0009859,0,normal
EVT-0009860,0,normal
EVT-0009861,0,normal
EVT-0009862,0,normal
EVT-0009863,0,normal
EVT-0009864,0,normal
EVT-0009865,0,normal
EVT-0009866,0,normal
EVT-0009867,0,normal
EVT-0009868,0,normal
EVT-0009869,0,normal
EVT-0009870,0,normal
EVT-0009871,0,normal
EVT-0009872,0,normal
EVT-0009873,0,normal
EVT-0009874,0,normal
EVT-0009875,0,normal
EVT-0009876,0,normal
EVT-0009877,1,device_spoofing
EVT-0009878,0,normal
EVT-0009879,0,normal
EVT-0009880,0,normal
EVT-0009881,0,normal
EVT-0009882,0,normal
EVT-0009883,0,normal
EVT-0009884,0,normal
EVT-0009885,0,normal
EVT-0009886,0,normal
EVT-0009887,0,normal
EVT-0009888,0,normal
EVT-0009889,0,normal
EVT-0009890,0,normal
EVT-0009891,0,normal
EVT-0009892,0,normal
EVT-0009893,0,normal
EVT-0009894,0,normal
EVT-0009895,0,normal
EVT-0009896,0,normal
EVT-0009897,0,normal
EVT-0009898,0,normal
EVT-0009899,0,normal
EVT-0009900,0,normal
EVT-0009901,0,normal
EVT-0009902,0,normal
EVT-0009903,0,normal
EVT-0009904,0,normal
EVT-0009905,0,normal
EVT-0009906,0,normal
EVT-0009907,0,normal
EVT-0009908,0,normal
EVT-0009909,0,normal
EVT-0009910,0,normal
EVT-0009911,0,normal
EVT-0009912,0,normal
EVT-0009913,0,normal
EVT-0009914,0,normal
EVT-0009915,0,normal
EVT-0009916,0,normal
EVT-0009917,0,normal
EVT-0009918,0,normal
EVT-0009919,0,normal
EVT-0009920,0,normal
EVT-0009921,0,normal
EVT-0009922,0,normal
EVT-0009923,0,normal
EVT-0009924,0,normal
EVT-0009925,0,normal
EVT-0009926,0,normal
EVT-0009927,0,normal
EVT-0009928,0,normal
EVT-0009929,0,normal
EVT-0009930,0,normal
EVT-0009931,0,normal
EVT-0009932,0,normal
EVT-0009933,0,normal
EVT-0009934,0,normal
EVT-0009935,0,normal
EVT-0009936,0,normal
EVT-0009937,0,normal
EVT-0009938,0,normal
EVT-0009939,0,normal
EVT-0009940,0,normal
EVT-0009941,0,normal
EVT-0009942,0,normal
EVT-0009943,0,normal
EVT-0009944,0,normal
EVT-0009945,0,normal
EVT-0009946,0,normal
EVT-0009947,0,normal
EVT-0009948,0,normal
EVT-0009949,0,normal
EVT-0009950,0,normal
EVT-0009951,0,normal
EVT-0009952,0,normal
EVT-0009953,0,normal
EVT-0009954,0,normal
EVT-0009955,0,normal
EVT-0009956,0,normal
EVT-0009957,0,normal
EVT-0009958,0,normal
EVT-0009959,0,normal
EVT-0009960,0,normal
EVT-0009961,0,normal
EVT-0009962,0,normal
EVT-0009963,0,normal
EVT-0009964,0,normal
EVT-0009965,0,normal
EVT-0009966,0,normal
EVT-0009967,0,normal
EVT-0009968,0,normal
EVT-0009969,0,normal
EVT-0009970,0,normal
EVT-0009971,0,normal
EVT-0009972,0,normal
EVT-0009973,0,normal
EVT-0009974,0,normal
EVT-0009975,0,normal
EVT-0009976,0,normal
EVT-0009977,0,normal
EVT-0009978,0,normal
EVT-0009979,0,normal
EVT-0009980,0,normal
EVT-0009981,0,normal
EVT-0009982,0,normal
EVT-0009983,0,normal
EVT-0009984,0,normal
EVT-0009985,0,normal
EVT-0009986,0,normal
EVT-0009987,0,normal
EVT-0009988,0,normal
EVT-0009989,0,normal
EVT-0009990,0,normal
EVT-0009991,0,normal
EVT-0009992,0,normal
EVT-0009993,0,normal
EVT-0009994,0,normal
EVT-0009995,0,normal
EVT-0009996,0,normal
EVT-0009997,0,normal
EVT-0009998,0,normal
EVT-0009999,0,normal
EVT-0010000,0,normal
EVT-0010001,0,normal
EVT-0010002,0,normal
EVT-0010003,0,normal
EVT-0010004,0,normal
EVT-0010005,0,normal
EVT-0010006,0,normal
EVT-0010007,0,normal
EVT-0010008,0,normal
EVT-0010009,0,normal
EVT-0010010,0,normal
EVT-0010011,0,normal
EVT-0010012,0,normal
EVT-0010013,0,normal
EVT-0010014,0,normal
EVT-0010015,0,normal
EVT-0010016,0,normal
EVT-0010017,0,normal
EVT-0010018,0,normal
EVT-0010019,0,normal
EVT-0010020,0,normal
EVT-0010021,0,normal
EVT-0010022,0,normal
EVT-0010023,0,normal
EVT-0010024,0,normal
EVT-0010025,0,normal
EVT-0010026,1,device_spoofing
EVT-0010027,0,normal
EVT-0010028,0,normal
EVT-0010029,0,normal
EVT-0010030,0,normal
EVT-0010031,0,normal
EVT-0010032,0,normal
EVT-0010033,0,normal
EVT-0010034,0,normal
EVT-0010035,0,normal
EVT-0010036,1,credential_stuffing
EVT-0010037,1,credential_stuffing
EVT-0010038,1,credential_stuffing
EVT-0010039,1,credential_stuffing
EVT-0010040,1,credential_stuffing
EVT-0010041,1,credential_stuffing
EVT-0010042,0,normal
EVT-0010043,1,credential_stuffing
EVT-0010044,1,credential_stuffing
EVT-0010045,1,credential_stuffing
EVT-0010046,0,normal
EVT-0010047,0,normal
EVT-0010048,0,normal
EVT-0010049,0,normal
EVT-0010050,0,normal
EVT-0010051,0,normal
EVT-0010052,0,normal
EVT-0010053,0,normal
EVT-0010054,0,normal
EVT-0010055,0,normal
EVT-0010056,0,normal
EVT-0010057,0,normal
EVT-0010058,0,normal
EVT-0010059,0,normal
EVT-0010060,0,normal
EVT-0010061,0,normal
EVT-0010062,0,normal
EVT-0010063,0,normal
EVT-0010064,0,normal
EVT-0010065,0,normal
EVT-0010066,0,normal
EVT-0010067,0,normal
EVT-0010068,0,normal
EVT-0010069,0,normal
EVT-0010070,0,normal
EVT-0010071,0,normal
EVT-0010072,0,normal
EVT-0010073,0,normal
EVT-0010074,0,normal
EVT-0010075,0,normal
EVT-0010076,0,normal
EVT-0010077,0,normal
EVT-0010078,0,normal
EVT-0010079,0,normal
EVT-0010080,0,normal
EVT-0010081,0,normal
EVT-0010082,0,normal
EVT-0010083,0,normal
EVT-0010084,0,normal
EVT-0010085,0,normal
EVT-0010086,0,normal
EVT-0010087,0,normal
EVT-0010088,0,normal
EVT-0010089,0,normal
EVT-0010090,0,normal
EVT-0010091,0,normal
EVT-0010092,0,normal
EVT-0010093,0,normal
EVT-0010094,0,normal
EVT-0010095,0,normal
EVT-0010096,0,normal
EVT-0010097,0,normal
EVT-0010098,0,normal
EVT-0010099,0,normal
EVT-0010100,0,normal
EVT-0010101,0,normal
EVT-0010102,0,normal
EVT-0010103,0,normal
EVT-0010104,0,normal
EVT-0010105,0,normal
EVT-0010106,0,normal
EVT-0010107,0,normal
EVT-0010108,0,normal
EVT-0010109,0,normal
EVT-0010110,0,normal
EVT-0010111,0,normal
EVT-0010112,0,normal
EVT-0010113,0,normal
EVT-0010114,0,normal
EVT-0010115,0,normal
EVT-0010116,1,device_spoofing
EVT-0010117,0,normal
EVT-0010118,0,normal
EVT-0010119,0,normal
EVT-0010120,0,normal
EVT-0010121,0,normal
EVT-0010122,0,normal
EVT-0010123,0,normal
EVT-0010124,0,normal
EVT-0010125,0,normal
EVT-0010126,0,normal
EVT-0010127,0,normal
EVT-0010128,0,normal
EVT-0010129,0,normal
EVT-0010130,0,normal
EVT-0010131,0,normal
EVT-0010132,0,normal
EVT-0010133,0,normal
EVT-0010134,0,normal
EVT-0010135,1,lateral_movement
EVT-0010136,1,lateral_movement
EVT-0010137,0,normal
EVT-0010138,0,normal
EVT-0010139,0,normal
EVT-0010140,0,normal
EVT-0010141,1,lateral_movement
EVT-0010142,0,normal
EVT-0010143,0,normal
EVT-0010144,0,normal
EVT-0010145,0,normal
EVT-0010146,0,normal
EVT-0010147,0,normal
EVT-0010148,0,normal
EVT-0010149,0,normal
EVT-0010150,0,normal
EVT-0010151,0,normal
EVT-0010152,0,normal
EVT-0010153,0,normal
EVT-0010154,0,normal
EVT-0010155,0,normal
EVT-0010156,0,normal
EVT-0010157,0,normal
EVT-0010158,0,normal
EVT-0010159,0,normal
EVT-0010160,0,normal
EVT-0010161,0,normal
EVT-0010162,0,normal
EVT-0010163,0,normal
EVT-0010164,0,normal
EVT-0010165,0,normal
EVT-0010166,0,normal
EVT-0010167,0,normal
EVT-0010168,0,normal
EVT-0010169,0,normal
EVT-0010170,0,normal
EVT-0010171,0,normal
EVT-0010172,0,normal
EVT-0010173,0,normal
EVT-0010174,0,normal
EVT-0010175,0,normal
EVT-0010176,0,normal
EVT-0010177,0,normal
EVT-0010178,0,normal
EVT-0010179,0,normal
EVT-0010180,0,normal
EVT-0010181,0,normal
EVT-0010182,0,normal
EVT-0010183,0,normal
EVT-0010184,0,normal
EVT-0010185,0,normal
EVT-0010186,0,normal
EVT-0010187,0,normal
EVT-0010188,0,normal
EVT-0010189,0,normal
EVT-0010190,0,normal
EVT-0010191,0,normal
EVT-0010192,0,normal
EVT-0010193,0,normal
EVT-0010194,0,normal
EVT-0010195,0,normal
EVT-0010196,0,normal
EVT-0010197,0,normal
EVT-0010198,0,normal
EVT-0010199,0,normal
EVT-0010200,0,normal
EVT-0010201,0,normal
EVT-0010202,0,normal
EVT-0010203,0,normal
EVT-0010204,0,normal
EVT-0010205,0,normal
EVT-0010206,0,normal
EVT-0010207,0,normal
EVT-0010208,0,normal
EVT-0010209,0,normal
EVT-0010210,0,normal
EVT-0010211,0,normal
EVT-0010212,0,normal
EVT-0010213,0,normal
EVT-0010214,0,normal
EVT-0010215,0,normal
EVT-0010216,0,normal
EVT-0010217,0,normal
EVT-0010218,0,normal
EVT-0010219,0,normal
EVT-0010220,0,normal
EVT-0010221,0,normal
EVT-0010222,0,normal
EVT-0010223,0,normal
EVT-0010224,0,normal
EVT-0010225,0,normal
EVT-0010226,0,normal
EVT-0010227,0,normal
EVT-0010228,0,normal
EVT-0010229,0,normal
EVT-0010230,0,normal
EVT-0010231,0,normal
EVT-0010232,0,normal
EVT-0010233,0,normal
EVT-0010234,0,normal
EVT-0010235,0,normal
EVT-0010236,0,normal
EVT-0010237,0,normal
EVT-0010238,0,normal
EVT-0010239,0,normal
EVT-0010240,0,normal
EVT-0010241,0,normal
EVT-0010242,0,normal
EVT-0010243,0,normal
EVT-0010244,0,normal
EVT-0010245,0,normal
EVT-0010246,0,normal
EVT-0010247,0,normal
EVT-0010248,0,normal
EVT-0010249,0,normal
EVT-0010250,0,normal
EVT-0010251,0,normal
EVT-0010252,0,normal
EVT-0010253,0,normal
EVT-0010254,0,normal
EVT-0010255,0,normal
EVT-0010256,0,normal
EVT-0010257,0,normal
EVT-0010258,0,normal
EVT-0010259,0,normal
EVT-0010260,0,normal
EVT-0010261,0,normal
EVT-0010262,0,normal
EVT-0010263,0,normal
EVT-0010264,0,normal
EVT-0010265,0,normal
EVT-0010266,0,normal
EVT-0010267,0,normal
EVT-0010268,0,normal
EVT-0010269,0,normal
EVT-0010270,0,normal
EVT-0010271,0,normal
EVT-0010272,0,normal
EVT-0010273,0,normal
EVT-0010274,0,normal
EVT-0010275,0,normal
EVT-0010276,0,normal
EVT-0010277,0,normal
EVT-0010278,0,normal
EVT-0010279,0,normal
EVT-0010280,0,normal
EVT-0010281,0,normal
EVT-0010282,0,normal
EVT-0010283,0,normal
EVT-0010284,0,normal
EVT-0010285,1,device_spoofing
EVT-0010286,0,normal
EVT-0010287,0,normal
EVT-0010288,0,normal
EVT-0010289,0,normal
EVT-0010290,0,normal
EVT-0010291,0,normal
EVT-0010292,0,normal
EVT-0010293,0,normal
EVT-0010294,0,normal
EVT-0010295,0,normal
EVT-0010296,0,normal
EVT-0010297,0,normal
EVT-0010298,0,normal
EVT-0010299,0,normal
EVT-0010300,0,normal
EVT-0010301,0,normal
EVT-0010302,0,normal
EVT-0010303,0,normal
EVT-0010304,0,normal
EVT-0010305,0,normal
EVT-0010306,0,normal
EVT-0010307,0,normal
EVT-0010308,0,normal
EVT-0010309,0,normal
EVT-0010310,0,normal
EVT-0010311,0,normal
EVT-0010312,0,normal
EVT-0010313,0,normal
EVT-0010314,0,normal
EVT-0010315,0,normal
EVT-0010316,0,normal
EVT-0010317,0,normal
EVT-0010318,0,normal
EVT-0010319,0,normal
EVT-0010320,0,normal
EVT-0010321,0,normal
EVT-0010322,0,normal
EVT-0010323,0,normal
EVT-0010324,0,normal
EVT-0010325,0,normal
EVT-0010326,0,normal
EVT-0010327,0,normal
EVT-0010328,0,normal
EVT-0010329,0,normal
EVT-0010330,0,normal
EVT-0010331,0,normal
EVT-0010332,0,normal
EVT-0010333,0,normal
EVT-0010334,0,normal
EVT-0010335,0,normal
EVT-0010336,0,normal
EVT-0010337,0,normal
EVT-0010338,0,normal
EVT-0010339,0,normal
EVT-0010340,0,normal
EVT-0010341,0,normal
EVT-0010342,0,normal
EVT-0010343,0,normal
EVT-0010344,0,normal
EVT-0010345,0,normal
EVT-0010346,0,normal
EVT-0010347,0,normal
EVT-0010348,0,normal
EVT-0010349,0,normal
EVT-0010350,0,normal
EVT-0010351,0,normal
EVT-0010352,0,normal
EVT-0010353,0,normal
EVT-0010354,0,normal
EVT-0010355,0,normal
EVT-0010356,0,normal
EVT-0010357,0,normal
EVT-0010358,0,normal
EVT-0010359,0,normal
EVT-0010360,0,normal
EVT-0010361,0,normal
EVT-0010362,0,normal
EVT-0010363,0,normal
EVT-0010364,0,normal
EVT-0010365,0,normal
EVT-0010366,0,normal
EVT-0010367,0,normal
EVT-0010368,0,normal
EVT-0010369,0,normal
EVT-0010370,0,normal
EVT-0010371,0,normal
EVT-0010372,0,normal
EVT-0010373,0,normal
EVT-0010374,0,normal
EVT-0010375,0,normal
EVT-0010376,0,normal
EVT-0010377,0,normal
EVT-0010378,0,normal
EVT-0010379,0,normal
EVT-0010380,0,normal
EVT-0010381,0,normal
EVT-0010382,0,normal
EVT-0010383,0,normal
EVT-0010384,0,normal
EVT-0010385,0,normal
EVT-0010386,0,normal
EVT-0010387,0,normal
EVT-0010388,0,normal
EVT-0010389,0,normal
EVT-0010390,0,normal
EVT-0010391,0,normal
EVT-0010392,0,normal
EVT-0010393,0,normal
EVT-0010394,0,normal
EVT-0010395,0,normal
EVT-0010396,0,normal
EVT-0010397,0,normal
EVT-0010398,0,normal
EVT-0010399,0,normal
EVT-0010400,0,normal
EVT-0010401,0,normal
EVT-0010402,0,normal
EVT-0010403,0,normal
EVT-0010404,0,normal
EVT-0010405,0,normal
EVT-0010406,0,normal
EVT-0010407,0,normal
EVT-0010408,0,normal
EVT-0010409,0,normal
EVT-0010410,0,normal
EVT-0010411,0,normal
EVT-0010412,0,normal
EVT-0010413,0,normal
EVT-0010414,0,normal
EVT-0010415,0,normal
EVT-0010416,0,normal
EVT-0010417,0,normal
EVT-0010418,0,normal
EVT-0010419,1,device_spoofing
EVT-0010420,0,normal
EVT-0010421,0,normal
EVT-0010422,0,normal
EVT-0010423,0,normal
EVT-0010424,0,normal
EVT-0010425,0,normal
EVT-0010426,0,normal
EVT-0010427,0,normal
EVT-0010428,0,normal
EVT-0010429,0,normal
EVT-0010430,0,normal
EVT-0010431,0,normal
EVT-0010432,0,normal
EVT-0010433,0,normal
EVT-0010434,0,normal
EVT-0010435,0,normal
EVT-0010436,0,normal
EVT-0010437,0,normal
EVT-0010438,0,normal
EVT-0010439,0,normal
EVT-0010440,0,normal
EVT-0010441,0,normal
EVT-0010442,0,normal
EVT-0010443,0,normal
EVT-0010444,0,normal
EVT-0010445,0,normal
EVT-0010446,0,normal
EVT-0010447,0,normal
EVT-0010448,0,normal
EVT-0010449,0,normal
EVT-0010450,0,normal
EVT-0010451,0,normal
EVT-0010452,0,normal
EVT-0010453,0,normal
EVT-0010454,0,normal
EVT-0010455,0,normal
EVT-0010456,0,normal
EVT-0010457,0,normal
EVT-0010458,0,normal
EVT-0010459,0,normal
EVT-0010460,0,normal
EVT-0010461,0,normal
EVT-0010462,0,normal
EVT-0010463,0,normal
EVT-0010464,0,normal
EVT-0010465,0,normal
EVT-0010466,0,normal
EVT-0010467,0,normal
EVT-0010468,0,normal
EVT-0010469,0,normal
EVT-0010470,0,normal
EVT-0010471,0,normal
EVT-0010472,0,normal
EVT-0010473,0,normal
EVT-0010474,0,normal
EVT-0010475,0,normal
EVT-0010476,0,normal
EVT-0010477,0,normal
EVT-0010478,0,normal
EVT-0010479,0,normal
EVT-0010480,0,normal
EVT-0010481,0,normal
EVT-0010482,0,normal
EVT-0010483,0,normal
EVT-0010484,0,normal
EVT-0010485,0,normal
EVT-0010486,0,normal
EVT-0010487,0,normal
EVT-0010488,0,normal
EVT-0010489,0,normal
EVT-0010490,0,normal
EVT-0010491,0,normal
EVT-0010492,0,normal
EVT-0010493,1,device_spoofing
EVT-0010494,0,normal
EVT-0010495,0,normal
EVT-0010496,0,normal
EVT-0010497,0,normal
EVT-0010498,0,normal
EVT-0010499,0,normal
EVT-0010500,0,normal
EVT-0010501,0,normal
EVT-0010502,0,normal
EVT-0010503,0,normal
EVT-0010504,0,normal
EVT-0010505,0,normal
EVT-0010506,0,normal
EVT-0010507,0,normal
EVT-0010508,0,normal
EVT-0010509,0,normal
EVT-0010510,0,normal
EVT-0010511,0,normal
EVT-0010512,0,normal
EVT-0010513,0,normal
EVT-0010514,0,normal
EVT-0010515,0,normal
EVT-0010516,0,normal
EVT-0010517,0,normal
EVT-0010518,0,normal
EVT-0010519,0,normal
EVT-0010520,0,normal
EVT-0010521,0,normal
EVT-0010522,0,normal
EVT-0010523,0,normal
EVT-0010524,0,normal
EVT-0010525,0,normal
EVT-0010526,0,normal
EVT-0010527,0,normal
EVT-0010528,0,normal
EVT-0010529,0,normal
EVT-0010530,0,normal
EVT-0010531,0,normal
EVT-0010532,0,normal
EVT-0010533,0,normal
EVT-0010534,0,normal
EVT-0010535,0,normal
EVT-0010536,0,normal
EVT-0010537,0,normal
EVT-0010538,0,normal
EVT-0010539,0,normal
EVT-0010540,0,normal
EVT-0010541,0,normal
EVT-0010542,0,normal
EVT-0010543,0,normal
EVT-0010544,0,normal
EVT-0010545,0,normal
EVT-0010546,0,normal
EVT-0010547,0,normal
EVT-0010548,0,normal
EVT-0010549,0,normal
EVT-0010550,0,normal
EVT-0010551,0,normal
EVT-0010552,0,normal
EVT-0010553,0,normal
EVT-0010554,0,normal
EVT-0010555,0,normal
EVT-0010556,0,normal
EVT-0010557,0,normal
EVT-0010558,0,normal
EVT-0010559,0,normal
EVT-0010560,0,normal
EVT-0010561,0,normal
EVT-0010562,0,normal
EVT-0010563,0,normal
EVT-0010564,0,normal
EVT-0010565,0,normal
EVT-0010566,0,normal
EVT-0010567,0,normal
EVT-0010568,0,normal
EVT-0010569,0,normal
EVT-0010570,0,normal
EVT-0010571,0,normal
EVT-0010572,0,normal
EVT-0010573,0,normal
EVT-0010574,0,normal
EVT-0010575,0,normal
EVT-0010576,0,normal
EVT-0010577,0,normal
EVT-0010578,0,normal
EVT-0010579,0,normal
EVT-0010580,0,normal
EVT-0010581,0,normal
EVT-0010582,0,normal
EVT-0010583,0,normal
EVT-0010584,0,normal
EVT-0010585,0,normal
EVT-0010586,0,normal
EVT-0010587,0,normal
EVT-0010588,0,normal
EVT-0010589,0,normal
EVT-0010590,0,normal
EVT-0010591,0,normal
EVT-0010592,0,normal
EVT-0010593,0,normal
EVT-0010594,0,normal
EVT-0010595,0,normal
EVT-0010596,0,normal
EVT-0010597,0,normal
EVT-0010598,0,normal
EVT-0010599,0,normal
EVT-0010600,0,normal
EVT-0010601,0,normal
EVT-0010602,0,normal
EVT-0010603,0,normal
EVT-0010604,0,normal
EVT-0010605,0,normal
EVT-0010606,0,normal
EVT-0010607,0,normal
EVT-0010608,0,normal
EVT-0010609,0,normal
EVT-0010610,0,normal
EVT-0010611,0,normal
EVT-0010612,0,normal
EVT-0010613,0,normal
EVT-0010614,0,normal
EVT-0010615,0,normal
EVT-0010616,0,normal
EVT-0010617,0,normal
EVT-0010618,0,normal
EVT-0010619,0,normal
EVT-0010620,0,normal
EVT-0010621,0,normal
EVT-0010622,0,normal
EVT-0010623,0,normal
EVT-0010624,0,normal
EVT-0010625,0,normal
EVT-0010626,0,normal
EVT-0010627,0,normal
EVT-0010628,0,normal
EVT-0010629,0,normal
EVT-0010630,0,normal
EVT-0010631,0,normal
EVT-0010632,0,normal
EVT-0010633,0,normal
EVT-0010634,0,normal
EVT-0010635,0,normal
EVT-0010636,0,normal
EVT-0010637,0,normal
EVT-0010638,0,normal
EVT-0010639,0,normal
EVT-0010640,0,normal
EVT-0010641,0,normal
EVT-0010642,0,normal
EVT-0010643,0,normal
EVT-0010644,0,normal
EVT-0010645,0,normal
EVT-0010646,0,normal
EVT-0010647,0,normal
EVT-0010648,0,normal
EVT-0010649,0,normal
EVT-0010650,0,normal
EVT-0010651,0,normal
EVT-0010652,0,normal
EVT-0010653,0,normal
EVT-0010654,0,normal
EVT-0010655,0,normal
EVT-0010656,0,normal
EVT-0010657,0,normal
EVT-0010658,0,normal
EVT-0010659,0,normal
EVT-0010660,0,normal
EVT-0010661,0,normal
EVT-0010662,0,normal
EVT-0010663,0,normal
EVT-0010664,0,normal
EVT-0010665,0,normal
EVT-0010666,0,normal
EVT-0010667,0,normal
EVT-0010668,0,normal
EVT-0010669,0,normal
EVT-0010670,0,normal
EVT-0010671,0,normal
EVT-0010672,0,normal
EVT-0010673,0,normal
EVT-0010674,0,normal
EVT-0010675,0,normal
EVT-0010676,0,normal
EVT-0010677,0,normal
EVT-0010678,0,normal
EVT-0010679,0,normal
EVT-0010680,0,normal
EVT-0010681,0,normal
EVT-0010682,0,normal
EVT-0010683,0,normal
EVT-0010684,0,normal
EVT-0010685,0,normal
EVT-0010686,0,normal
EVT-0010687,0,normal
EVT-0010688,0,normal
EVT-0010689,0,normal
EVT-0010690,0,normal
EVT-0010691,0,normal
EVT-0010692,0,normal
EVT-0010693,0,normal
EVT-0010694,0,normal
EVT-0010695,0,normal
EVT-0010696,0,normal
EVT-0010697,0,normal
EVT-0010698,0,normal
EVT-0010699,0,normal
EVT-0010700,0,normal
EVT-0010701,0,normal
EVT-0010702,0,normal
EVT-0010703,0,normal
EVT-0010704,0,normal
EVT-0010705,0,normal
EVT-0010706,0,normal
EVT-0010707,0,normal
EVT-0010708,0,normal
EVT-0010709,0,normal
EVT-0010710,0,normal
EVT-0010711,0,normal
EVT-0010712,0,normal
EVT-0010713,0,normal
EVT-0010714,0,normal
EVT-0010715,0,normal
EVT-0010716,0,normal
EVT-0010717,0,normal
EVT-0010718,0,normal
EVT-0010719,0,normal
EVT-0010720,0,normal
EVT-0010721,0,normal
EVT-0010722,0,normal
EVT-0010723,0,normal
EVT-0010724,0,normal
EVT-0010725,0,normal
EVT-0010726,0,normal
EVT-0010727,0,normal
EVT-0010728,0,normal
EVT-0010729,0,normal
EVT-0010730,0,normal
EVT-0010731,0,normal
EVT-0010732,0,normal
EVT-0010733,0,normal
EVT-0010734,0,normal
EVT-0010735,0,normal
EVT-0010736,0,normal
EVT-0010737,0,normal
EVT-0010738,0,normal
EVT-0010739,0,normal
EVT-0010740,0,normal
EVT-0010741,0,normal
EVT-0010742,0,normal
EVT-0010743,0,normal
EVT-0010744,0,normal
EVT-0010745,0,normal
EVT-0010746,0,normal
EVT-0010747,0,normal
EVT-0010748,0,normal
EVT-0010749,0,normal
EVT-0010750,0,normal
EVT-0010751,0,normal
EVT-0010752,0,normal
EVT-0010753,0,normal
EVT-0010754,0,normal
EVT-0010755,0,normal
EVT-0010756,0,normal
EVT-0010757,0,normal
EVT-0010758,0,normal
EVT-0010759,0,normal
EVT-0010760,0,normal
EVT-0010761,0,normal
EVT-0010762,0,normal
EVT-0010763,0,normal
EVT-0010764,0,normal
EVT-0010765,0,normal
EVT-0010766,0,normal
EVT-0010767,0,normal
EVT-0010768,0,normal
EVT-0010769,0,normal
EVT-0010770,0,normal
EVT-0010771,0,normal
EVT-0010772,1,insider_drift
EVT-0010773,0,normal
EVT-0010774,0,normal
EVT-0010775,0,normal
EVT-0010776,0,normal
EVT-0010777,0,normal
EVT-0010778,0,normal
EVT-0010779,0,normal
EVT-0010780,0,normal
EVT-0010781,0,normal
EVT-0010782,0,normal
EVT-0010783,0,normal
EVT-0010784,0,normal
EVT-0010785,0,normal
EVT-0010786,0,normal
EVT-0010787,0,normal
EVT-0010788,0,normal
EVT-0010789,0,normal
EVT-0010790,0,normal
EVT-0010791,0,normal
EVT-0010792,0,normal
EVT-0010793,0,normal
EVT-0010794,0,normal
EVT-0010795,0,normal
EVT-0010796,0,normal
EVT-0010797,0,normal
EVT-0010798,0,normal
EVT-0010799,0,normal
EVT-0010800,0,normal
EVT-0010801,0,normal
EVT-0010802,0,normal
EVT-0010803,0,normal
EVT-0010804,0,normal
EVT-0010805,0,normal
EVT-0010806,0,normal
EVT-0010807,0,normal
EVT-0010808,0,normal
EVT-0010809,0,normal
EVT-0010810,0,normal
EVT-0010811,0,normal
EVT-0010812,0,normal
EVT-0010813,0,normal
EVT-0010814,0,normal
EVT-0010815,0,normal
EVT-0010816,0,normal
EVT-0010817,0,normal
EVT-0010818,0,normal
EVT-0010819,0,normal
EVT-0010820,0,normal
EVT-0010821,0,normal
EVT-0010822,0,normal
EVT-0010823,0,normal
EVT-0010824,0,normal
EVT-0010825,0,normal
EVT-0010826,0,normal
EVT-0010827,0,normal
EVT-0010828,0,normal
EVT-0010829,0,normal
EVT-0010830,0,normal
EVT-0010831,0,normal
EVT-0010832,0,normal
EVT-0010833,0,normal
EVT-0010834,0,normal
EVT-0010835,0,normal
EVT-0010836,0,normal
EVT-0010837,0,normal
EVT-0010838,0,normal
EVT-0010839,0,normal
EVT-0010840,0,normal
EVT-0010841,0,normal
EVT-0010842,0,normal
EVT-0010843,0,normal
EVT-0010844,0,normal
EVT-0010845,0,normal
EVT-0010846,0,normal
EVT-0010847,0,normal
EVT-0010848,0,normal
EVT-0010849,0,normal
EVT-0010850,0,normal
EVT-0010851,0,normal
EVT-0010852,0,normal
EVT-0010853,0,normal
EVT-0010854,0,normal
EVT-0010855,0,normal
EVT-0010856,0,normal
EVT-0010857,0,normal
EVT-0010858,0,normal
EVT-0010859,0,normal
EVT-0010860,0,normal
EVT-0010861,0,normal
EVT-0010862,0,normal
EVT-0010863,0,normal
EVT-0010864,0,normal
EVT-0010865,0,normal
EVT-0010866,0,normal
EVT-0010867,0,normal
EVT-0010868,0,normal
EVT-0010869,0,normal
EVT-0010870,0,normal
EVT-0010871,0,normal
EVT-0010872,0,normal
EVT-0010873,0,normal
EVT-0010874,0,normal
EVT-0010875,0,normal
EVT-0010876,0,normal
EVT-0010877,0,normal
EVT-0010878,0,normal
EVT-0010879,0,normal
EVT-0010880,0,normal
EVT-0010881,0,normal
EVT-0010882,0,normal
EVT-0010883,0,normal
EVT-0010884,0,normal
EVT-0010885,0,normal
EVT-0010886,0,normal
EVT-0010887,0,normal
EVT-0010888,0,normal
EVT-0010889,0,normal
EVT-0010890,0,normal
EVT-0010891,0,normal
EVT-0010892,0,normal
EVT-0010893,0,normal
EVT-0010894,0,normal
EVT-0010895,0,normal
EVT-0010896,0,normal
EVT-0010897,0,normal
EVT-0010898,0,normal
EVT-0010899,0,normal
EVT-0010900,0,normal
EVT-0010901,0,normal
EVT-0010902,0,normal
EVT-0010903,0,normal
EVT-0010904,0,normal
EVT-0010905,0,normal
EVT-0010906,0,normal
EVT-0010907,0,normal
EVT-0010908,0,normal
EVT-0010909,0,normal
EVT-0010910,0,normal
EVT-0010911,0,normal
EVT-0010912,0,normal
EVT-0010913,0,normal
EVT-0010914,0,normal
EVT-0010915,0,normal
EVT-0010916,0,normal
EVT-0010917,0,normal
EVT-0010918,0,normal
EVT-0010919,0,normal
EVT-0010920,0,normal
EVT-0010921,0,normal
EVT-0010922,0,normal
EVT-0010923,0,normal
EVT-0010924,0,normal
EVT-0010925,0,normal
EVT-0010926,0,normal
EVT-0010927,0,normal
EVT-0010928,0,normal
EVT-0010929,0,normal
EVT-0010930,0,normal
EVT-0010931,0,normal
EVT-0010932,0,normal
EVT-0010933,0,normal
EVT-0010934,0,normal
EVT-0010935,0,normal
EVT-0010936,0,normal
EVT-0010937,0,normal
EVT-0010938,0,normal
EVT-0010939,0,normal
EVT-0010940,0,normal
EVT-0010941,0,normal
EVT-0010942,0,normal
EVT-0010943,0,normal
EVT-0010944,0,normal
EVT-0010945,0,normal
EVT-0010946,0,normal
EVT-0010947,0,normal
EVT-0010948,0,normal
EVT-0010949,0,normal
EVT-0010950,0,normal
EVT-0010951,0,normal
EVT-0010952,0,normal
EVT-0010953,0,normal
EVT-0010954,0,normal
EVT-0010955,0,normal
EVT-0010956,0,normal
EVT-0010957,0,normal
EVT-0010958,0,normal
EVT-0010959,0,normal
EVT-0010960,0,normal
EVT-0010961,0,normal
EVT-0010962,0,normal
EVT-0010963,0,normal
EVT-0010964,0,normal
EVT-0010965,0,normal
EVT-0010966,0,normal
EVT-0010967,0,normal
EVT-0010968,0,normal
EVT-0010969,0,normal
EVT-0010970,0,normal
EVT-0010971,0,normal
EVT-0010972,0,normal
EVT-0010973,0,normal
EVT-0010974,0,normal
EVT-0010975,0,normal
EVT-0010976,0,normal
EVT-0010977,0,normal
EVT-0010978,0,normal
EVT-0010979,0,normal
EVT-0010980,0,normal
EVT-0010981,0,normal
EVT-0010982,0,normal
EVT-0010983,0,normal
EVT-0010984,0,normal
EVT-0010985,0,normal
EVT-0010986,0,normal
EVT-0010987,0,normal
EVT-0010988,0,normal
EVT-0010989,1,impossible_travel
EVT-0010990,0,normal
EVT-0010991,0,normal
EVT-0010992,0,normal
EVT-0010993,0,normal
EVT-0010994,0,normal
EVT-0010995,0,normal
EVT-0010996,0,normal
EVT-0010997,0,normal
EVT-0010998,0,normal
EVT-0010999,0,normal
EVT-0011000,0,normal
EVT-0011001,0,normal
EVT-0011002,0,normal
EVT-0011003,0,normal
EVT-0011004,0,normal
EVT-0011005,0,normal
EVT-0011006,0,normal
EVT-0011007,0,normal
EVT-0011008,0,normal
EVT-0011009,0,normal
EVT-0011010,0,normal
EVT-0011011,1,device_spoofing
EVT-0011012,0,normal
EVT-0011013,0,normal
EVT-0011014,0,normal
EVT-0011015,0,normal
EVT-0011016,0,normal
EVT-0011017,0,normal
EVT-0011018,0,normal
EVT-0011019,0,normal
EVT-0011020,0,normal
EVT-0011021,0,normal
EVT-0011022,0,normal
EVT-0011023,0,normal
EVT-0011024,0,normal
EVT-0011025,0,normal
EVT-0011026,0,normal
EVT-0011027,0,normal
EVT-0011028,0,normal
EVT-0011029,0,normal
EVT-0011030,0,normal
EVT-0011031,0,normal
EVT-0011032,0,normal
EVT-0011033,0,normal
EVT-0011034,0,normal
EVT-0011035,0,normal
EVT-0011036,0,normal
EVT-0011037,0,normal
EVT-0011038,0,normal
EVT-0011039,0,normal
EVT-0011040,0,normal
EVT-0011041,0,normal
EVT-0011042,0,normal
EVT-0011043,0,normal
EVT-0011044,0,normal
EVT-0011045,0,normal
EVT-0011046,1,device_spoofing
EVT-0011047,0,normal
EVT-0011048,0,normal
EVT-0011049,0,normal
EVT-0011050,0,normal
EVT-0011051,0,normal
EVT-0011052,0,normal
EVT-0011053,0,normal
EVT-0011054,0,normal
EVT-0011055,0,normal
EVT-0011056,0,normal
EVT-0011057,0,normal
EVT-0011058,0,normal
EVT-0011059,0,normal
EVT-0011060,0,normal
EVT-0011061,0,normal
EVT-0011062,0,normal
EVT-0011063,0,normal
EVT-0011064,0,normal
EVT-0011065,0,normal
EVT-0011066,0,normal
EVT-0011067,0,normal
EVT-0011068,0,normal
EVT-0011069,0,normal
EVT-0011070,0,normal
EVT-0011071,0,normal
EVT-0011072,0,normal
EVT-0011073,0,normal
EVT-0011074,0,normal
EVT-0011075,0,normal
EVT-0011076,0,normal
EVT-0011077,0,normal
EVT-0011078,0,normal
EVT-0011079,0,normal
EVT-0011080,0,normal
EVT-0011081,0,normal
EVT-0011082,0,normal
EVT-0011083,0,normal
EVT-0011084,0,normal
EVT-0011085,0,normal
EVT-0011086,0,normal
EVT-0011087,0,normal
EVT-0011088,0,normal
EVT-0011089,0,normal
EVT-0011090,0,normal
EVT-0011091,0,normal
EVT-0011092,0,normal
EVT-0011093,0,normal
EVT-0011094,0,normal
EVT-0011095,0,normal
EVT-0011096,0,normal
EVT-0011097,0,normal
EVT-0011098,0,normal
EVT-0011099,0,normal
EVT-0011100,0,normal
EVT-0011101,0,normal
EVT-0011102,0,normal
EVT-0011103,0,normal
EVT-0011104,0,normal
EVT-0011105,0,normal
EVT-0011106,0,normal
EVT-0011107,0,normal
EVT-0011108,0,normal
EVT-0011109,0,normal
EVT-0011110,0,normal
EVT-0011111,0,normal
EVT-0011112,0,normal
EVT-0011113,0,normal
EVT-0011114,0,normal
EVT-0011115,0,normal
EVT-0011116,0,normal
EVT-0011117,0,normal
EVT-0011118,0,normal
EVT-0011119,0,normal
EVT-0011120,0,normal
EVT-0011121,0,normal
EVT-0011122,0,normal
EVT-0011123,0,normal
EVT-0011124,0,normal
EVT-0011125,0,normal
EVT-0011126,0,normal
EVT-0011127,0,normal
EVT-0011128,0,normal
EVT-0011129,0,normal
EVT-0011130,0,normal
EVT-0011131,0,normal
EVT-0011132,0,normal
EVT-0011133,0,normal
EVT-0011134,0,normal
EVT-0011135,0,normal
EVT-0011136,0,normal
EVT-0011137,0,normal
EVT-0011138,0,normal
EVT-0011139,0,normal
EVT-0011140,0,normal
EVT-0011141,0,normal
EVT-0011142,0,normal
EVT-0011143,0,normal
EVT-0011144,0,normal
EVT-0011145,0,normal
EVT-0011146,0,normal
EVT-0011147,0,normal
EVT-0011148,0,normal
EVT-0011149,0,normal
EVT-0011150,0,normal
EVT-0011151,0,normal
EVT-0011152,0,normal
EVT-0011153,0,normal
EVT-0011154,0,normal
EVT-0011155,0,normal
EVT-0011156,0,normal
EVT-0011157,0,normal
EVT-0011158,0,normal
EVT-0011159,0,normal
EVT-0011160,0,normal
EVT-0011161,0,normal
EVT-0011162,0,normal
EVT-0011163,0,normal
EVT-0011164,0,normal
EVT-0011165,0,normal
EVT-0011166,0,normal
EVT-0011167,0,normal
EVT-0011168,0,normal
EVT-0011169,0,normal
EVT-0011170,0,normal
EVT-0011171,0,normal
EVT-0011172,0,normal
EVT-0011173,0,normal
EVT-0011174,0,normal
EVT-0011175,0,normal
EVT-0011176,0,normal
EVT-0011177,0,normal
EVT-0011178,0,normal
EVT-0011179,0,normal
EVT-0011180,0,normal
EVT-0011181,0,normal
EVT-0011182,0,normal
EVT-0011183,0,normal
EVT-0011184,0,normal
EVT-0011185,0,normal
EVT-0011186,0,normal
EVT-0011187,0,normal
EVT-0011188,0,normal
EVT-0011189,0,normal
EVT-0011190,0,normal
EVT-0011191,0,normal
EVT-0011192,0,normal
EVT-0011193,0,normal
EVT-0011194,0,normal
EVT-0011195,0,normal
EVT-0011196,0,normal
EVT-0011197,0,normal
EVT-0011198,0,normal
EVT-0011199,0,normal
EVT-0011200,0,normal
EVT-0011201,0,normal
EVT-0011202,0,normal
EVT-0011203,0,normal
EVT-0011204,0,normal
EVT-0011205,0,normal
EVT-0011206,0,normal
EVT-0011207,0,normal
EVT-0011208,0,normal
EVT-0011209,0,normal
EVT-0011210,0,normal
EVT-0011211,0,normal
EVT-0011212,0,normal
EVT-0011213,0,normal
EVT-0011214,0,normal
EVT-0011215,0,normal
EVT-0011216,0,normal
EVT-0011217,0,normal
EVT-0011218,0,normal
EVT-0011219,0,normal
EVT-0011220,0,normal
EVT-0011221,0,normal
EVT-0011222,0,normal
EVT-0011223,0,normal
EVT-0011224,0,normal
EVT-0011225,0,normal
EVT-0011226,0,normal
EVT-0011227,0,normal
EVT-0011228,0,normal
EVT-0011229,0,normal
EVT-0011230,0,normal
EVT-0011231,0,normal
EVT-0011232,0,normal
EVT-0011233,0,normal
EVT-0011234,0,normal
EVT-0011235,0,normal
EVT-0011236,0,normal
EVT-0011237,0,normal
EVT-0011238,0,normal
EVT-0011239,0,normal
EVT-0011240,0,normal
EVT-0011241,0,normal
EVT-0011242,0,normal
EVT-0011243,0,normal
EVT-0011244,0,normal
EVT-0011245,0,normal
EVT-0011246,0,normal
EVT-0011247,0,normal
EVT-0011248,0,normal
EVT-0011249,0,normal
EVT-0011250,0,normal
EVT-0011251,0,normal
EVT-0011252,0,normal
EVT-0011253,0,normal
EVT-0011254,0,normal
EVT-0011255,0,normal
EVT-0011256,0,normal
EVT-0011257,0,normal
EVT-0011258,0,normal
EVT-0011259,0,normal
EVT-0011260,0,normal
EVT-0011261,0,normal
EVT-0011262,0,normal
EVT-0011263,0,normal
EVT-0011264,0,normal
EVT-0011265,0,normal
EVT-0011266,0,normal
EVT-0011267,0,normal
EVT-0011268,0,normal
EVT-0011269,0,normal
EVT-0011270,0,normal
EVT-0011271,0,normal
EVT-0011272,0,normal
EVT-0011273,0,normal
EVT-0011274,0,normal
EVT-0011275,0,normal
EVT-0011276,0,normal
EVT-0011277,0,normal
EVT-0011278,0,normal
EVT-0011279,0,normal
EVT-0011280,0,normal
EVT-0011281,0,normal
EVT-0011282,0,normal
EVT-0011283,0,normal
EVT-0011284,0,normal
EVT-0011285,0,normal
EVT-0011286,0,normal
EVT-0011287,0,normal
EVT-0011288,0,normal
EVT-0011289,0,normal
EVT-0011290,0,normal
EVT-0011291,0,normal
EVT-0011292,0,normal
EVT-0011293,0,normal
EVT-0011294,0,normal
EVT-0011295,0,normal
EVT-0011296,0,normal
EVT-0011297,0,normal
EVT-0011298,0,normal
EVT-0011299,0,normal
EVT-0011300,0,normal
EVT-0011301,0,normal
EVT-0011302,0,normal
EVT-0011303,0,normal
EVT-0011304,0,normal
EVT-0011305,0,normal
EVT-0011306,0,normal
EVT-0011307,0,normal
EVT-0011308,0,normal
EVT-0011309,0,normal
EVT-0011310,0,normal
EVT-0011311,0,normal
EVT-0011312,0,normal
EVT-0011313,0,normal
EVT-0011314,0,normal
EVT-0011315,0,normal
EVT-0011316,0,normal
EVT-0011317,0,normal
EVT-0011318,0,normal
EVT-0011319,0,normal
EVT-0011320,0,normal
EVT-0011321,0,normal
EVT-0011322,0,normal
EVT-0011323,0,normal
EVT-0011324,0,normal
EVT-0011325,0,normal
EVT-0011326,0,normal
EVT-0011327,0,normal
EVT-0011328,0,normal
EVT-0011329,0,normal
EVT-0011330,0,normal
EVT-0011331,0,normal
EVT-0011332,0,normal
EVT-0011333,0,normal
EVT-0011334,0,normal
EVT-0011335,0,normal
EVT-0011336,0,normal
EVT-0011337,0,normal
EVT-0011338,0,normal
EVT-0011339,0,normal
EVT-0011340,0,normal
EVT-0011341,0,normal
EVT-0011342,0,normal
EVT-0011343,0,normal
EVT-0011344,0,normal
EVT-0011345,0,normal
EVT-0011346,0,normal
EVT-0011347,0,normal
EVT-0011348,0,normal
EVT-0011349,0,normal
EVT-0011350,0,normal
EVT-0011351,0,normal
EVT-0011352,0,normal
EVT-0011353,0,normal
EVT-0011354,0,normal
EVT-0011355,0,normal
EVT-0011356,0,normal
EVT-0011357,0,normal
EVT-0011358,0,normal
EVT-0011359,0,normal
EVT-0011360,0,normal
EVT-0011361,0,normal
EVT-0011362,0,normal
EVT-0011363,0,normal
EVT-0011364,0,normal
EVT-0011365,0,normal
EVT-0011366,0,normal
EVT-0011367,0,normal
EVT-0011368,0,normal
EVT-0011369,0,normal
EVT-0011370,0,normal
EVT-0011371,0,normal
EVT-0011372,0,normal
EVT-0011373,0,normal
EVT-0011374,0,normal
EVT-0011375,0,normal
EVT-0011376,0,normal
EVT-0011377,0,normal
EVT-0011378,0,normal
EVT-0011379,0,normal
EVT-0011380,0,normal
EVT-0011381,0,normal
EVT-0011382,0,normal
EVT-0011383,0,normal
EVT-0011384,0,normal
EVT-0011385,0,normal
EVT-0011386,0,normal
EVT-0011387,0,normal
EVT-0011388,0,normal
EVT-0011389,0,normal
EVT-0011390,0,normal
EVT-0011391,0,normal
EVT-0011392,0,normal
EVT-0011393,0,normal
EVT-0011394,0,normal
EVT-0011395,0,normal
EVT-0011396,0,normal
EVT-0011397,0,normal
EVT-0011398,0,normal
EVT-0011399,0,normal
EVT-0011400,0,normal
EVT-0011401,0,normal
EVT-0011402,0,normal
EVT-0011403,0,normal
EVT-0011404,0,normal
EVT-0011405,0,normal
EVT-0011406,0,normal
EVT-0011407,0,normal
EVT-0011408,0,normal
EVT-0011409,0,normal
EVT-0011410,0,normal
EVT-0011411,0,normal
EVT-0011412,0,normal
EVT-0011413,0,normal
EVT-0011414,0,normal
EVT-0011415,0,normal
EVT-0011416,0,normal
EVT-0011417,0,normal
EVT-0011418,0,normal
EVT-0011419,0,normal
EVT-0011420,0,normal
EVT-0011421,0,normal
EVT-0011422,0,normal
EVT-0011423,0,normal
EVT-0011424,0,normal
EVT-0011425,0,normal
EVT-0011426,0,normal
EVT-0011427,0,normal
EVT-0011428,0,normal
EVT-0011429,0,normal
EVT-0011430,0,normal
EVT-0011431,0,normal
EVT-0011432,0,normal
EVT-0011433,0,normal
EVT-0011434,0,normal
EVT-0011435,0,normal
EVT-0011436,0,normal
EVT-0011437,0,normal
EVT-0011438,0,normal
EVT-0011439,0,normal
EVT-0011440,0,normal
EVT-0011441,0,normal
EVT-0011442,0,normal
EVT-0011443,0,normal
EVT-0011444,1,brute_force
EVT-0011445,1,brute_force
EVT-0011446,1,brute_force
EVT-0011447,1,brute_force
EVT-0011448,1,brute_force
EVT-0011449,0,normal
EVT-0011450,1,brute_force
EVT-0011451,1,brute_force
EVT-0011452,1,brute_force
EVT-0011453,1,brute_force
EVT-0011454,0,normal
EVT-0011455,1,brute_force
EVT-0011456,0,normal
EVT-0011457,1,brute_force
EVT-0011458,0,normal
EVT-0011459,0,normal
EVT-0011460,0,normal
EVT-0011461,0,normal
EVT-0011462,1,insider_drift
EVT-0011463,0,normal
EVT-0011464,0,normal
EVT-0011465,0,normal
EVT-0011466,0,normal
EVT-0011467,0,normal
EVT-0011468,0,normal
EVT-0011469,0,normal
EVT-0011470,0,normal
EVT-0011471,0,normal
EVT-0011472,0,normal
EVT-0011473,0,normal
EVT-0011474,0,normal
EVT-0011475,0,normal
EVT-0011476,0,normal
EVT-0011477,0,normal
EVT-0011478,0,normal
EVT-0011479,0,normal
EVT-0011480,0,normal
EVT-0011481,0,normal
EVT-0011482,0,normal
EVT-0011483,0,normal
EVT-0011484,0,normal
EVT-0011485,0,normal
EVT-0011486,0,normal
EVT-0011487,0,normal
EVT-0011488,0,normal
EVT-0011489,0,normal
EVT-0011490,0,normal
EVT-0011491,0,normal
EVT-0011492,0,normal
EVT-0011493,0,normal
EVT-0011494,0,normal
EVT-0011495,0,normal
EVT-0011496,0,normal
EVT-0011497,0,normal
EVT-0011498,0,normal
EVT-0011499,0,normal
EVT-0011500,0,normal
EVT-0011501,0,normal
EVT-0011502,0,normal
EVT-0011503,0,normal
EVT-0011504,0,normal
EVT-0011505,0,normal
EVT-0011506,0,normal
EVT-0011507,0,normal
EVT-0011508,0,normal
EVT-0011509,0,normal
EVT-0011510,0,normal
EVT-0011511,0,normal
EVT-0011512,0,normal
EVT-0011513,0,normal
EVT-0011514,0,normal
EVT-0011515,0,normal
EVT-0011516,0,normal
EVT-0011517,0,normal
EVT-0011518,0,normal
EVT-0011519,0,normal
EVT-0011520,0,normal
EVT-0011521,0,normal
EVT-0011522,0,normal
EVT-0011523,0,normal
EVT-0011524,0,normal
EVT-0011525,0,normal
EVT-0011526,0,normal
EVT-0011527,0,normal
EVT-0011528,0,normal
EVT-0011529,0,normal
EVT-0011530,0,normal
EVT-0011531,0,normal
EVT-0011532,0,normal
EVT-0011533,0,normal
EVT-0011534,0,normal
EVT-0011535,0,normal
EVT-0011536,0,normal
EVT-0011537,0,normal
EVT-0011538,0,normal
EVT-0011539,0,normal
EVT-0011540,0,normal
EVT-0011541,0,normal
EVT-0011542,0,normal
EVT-0011543,1,impossible_travel
EVT-0011544,0,normal
EVT-0011545,0,normal
EVT-0011546,0,normal
EVT-0011547,0,normal
EVT-0011548,0,normal
EVT-0011549,0,normal
EVT-0011550,0,normal
EVT-0011551,0,normal
EVT-0011552,0,normal
EVT-0011553,0,normal
EVT-0011554,0,normal
EVT-0011555,0,normal
EVT-0011556,0,normal
EVT-0011557,0,normal
EVT-0011558,0,normal
EVT-0011559,0,normal
EVT-0011560,0,normal
EVT-0011561,0,normal
EVT-0011562,0,normal
EVT-0011563,0,normal
EVT-0011564,0,normal
EVT-0011565,0,normal
EVT-0011566,0,normal
EVT-0011567,0,normal
EVT-0011568,0,normal
EVT-0011569,0,normal
EVT-0011570,0,normal
EVT-0011571,0,normal
EVT-0011572,0,normal
EVT-0011573,0,normal
EVT-0011574,0,normal
EVT-0011575,0,normal
EVT-0011576,0,normal
EVT-0011577,0,normal
EVT-0011578,0,normal
EVT-0011579,0,normal
EVT-0011580,0,normal
EVT-0011581,0,normal
EVT-0011582,0,normal
EVT-0011583,0,normal
EVT-0011584,0,normal
EVT-0011585,0,normal
EVT-0011586,0,normal
EVT-0011587,0,normal
EVT-0011588,0,normal
EVT-0011589,0,normal
EVT-0011590,0,normal
EVT-0011591,0,normal
EVT-0011592,0,normal
EVT-0011593,0,normal
EVT-0011594,0,normal
EVT-0011595,1,insider_drift
EVT-0011596,1,impossible_travel
EVT-0011597,0,normal
EVT-0011598,0,normal
EVT-0011599,0,normal
EVT-0011600,0,normal
EVT-0011601,0,normal
EVT-0011602,0,normal
EVT-0011603,0,normal
EVT-0011604,0,normal
EVT-0011605,0,normal
EVT-0011606,0,normal
EVT-0011607,0,normal
EVT-0011608,0,normal
EVT-0011609,0,normal
EVT-0011610,0,normal
EVT-0011611,0,normal
EVT-0011612,0,normal
EVT-0011613,0,normal
EVT-0011614,0,normal
EVT-0011615,0,normal
EVT-0011616,0,normal
EVT-0011617,1,impossible_travel
EVT-0011618,0,normal
EVT-0011619,0,normal
EVT-0011620,0,normal
EVT-0011621,0,normal
EVT-0011622,0,normal
EVT-0011623,0,normal
EVT-0011624,0,normal
EVT-0011625,0,normal
EVT-0011626,0,normal
EVT-0011627,0,normal
EVT-0011628,0,normal
EVT-0011629,0,normal
EVT-0011630,0,normal
EVT-0011631,0,normal
EVT-0011632,0,normal
EVT-0011633,0,normal
EVT-0011634,0,normal
EVT-0011635,0,normal
EVT-0011636,0,normal
EVT-0011637,0,normal
EVT-0011638,0,normal
EVT-0011639,0,normal
EVT-0011640,0,normal
EVT-0011641,0,normal
EVT-0011642,0,normal
EVT-0011643,0,normal
EVT-0011644,0,normal
EVT-0011645,0,normal
EVT-0011646,0,normal
EVT-0011647,1,device_spoofing
EVT-0011648,0,normal
EVT-0011649,0,normal
EVT-0011650,0,normal
EVT-0011651,0,normal
EVT-0011652,0,normal
EVT-0011653,0,normal
EVT-0011654,0,normal
EVT-0011655,0,normal
EVT-0011656,0,normal
EVT-0011657,0,normal
EVT-0011658,0,normal
EVT-0011659,0,normal
EVT-0011660,0,normal
EVT-0011661,0,normal
EVT-0011662,0,normal
EVT-0011663,0,normal
EVT-0011664,0,normal
EVT-0011665,0,normal
EVT-0011666,0,normal
EVT-0011667,0,normal
EVT-0011668,0,normal
EVT-0011669,0,normal
EVT-0011670,0,normal
EVT-0011671,0,normal
EVT-0011672,0,normal
EVT-0011673,0,normal
EVT-0011674,0,normal
EVT-0011675,0,normal
EVT-0011676,0,normal
EVT-0011677,0,normal
EVT-0011678,0,normal
EVT-0011679,0,normal
EVT-0011680,0,normal
EVT-0011681,0,normal
EVT-0011682,0,normal
EVT-0011683,0,normal
EVT-0011684,0,normal
EVT-0011685,0,normal
EVT-0011686,0,normal
EVT-0011687,0,normal
EVT-0011688,0,normal
EVT-0011689,0,normal
EVT-0011690,0,normal
EVT-0011691,0,normal
EVT-0011692,0,normal
EVT-0011693,0,normal
EVT-0011694,0,normal
EVT-0011695,0,normal
EVT-0011696,0,normal
EVT-0011697,0,normal
EVT-0011698,0,normal
EVT-0011699,0,normal
EVT-0011700,0,normal
EVT-0011701,0,normal
EVT-0011702,0,normal
EVT-0011703,0,normal
EVT-0011704,0,normal
EVT-0011705,0,normal
EVT-0011706,0,normal
EVT-0011707,0,normal
EVT-0011708,0,normal
EVT-0011709,0,normal
EVT-0011710,0,normal
EVT-0011711,0,normal
EVT-0011712,0,normal
EVT-0011713,0,normal
EVT-0011714,0,normal
EVT-0011715,0,normal
EVT-0011716,0,normal
EVT-0011717,0,normal
EVT-0011718,0,normal
EVT-0011719,0,normal
EVT-0011720,0,normal
EVT-0011721,0,normal
EVT-0011722,0,normal
EVT-0011723,0,normal
EVT-0011724,0,normal
EVT-0011725,0,normal
EVT-0011726,0,normal
EVT-0011727,0,normal
EVT-0011728,0,normal
EVT-0011729,0,normal
EVT-0011730,0,normal
EVT-0011731,0,normal
EVT-0011732,0,normal
EVT-0011733,0,normal
EVT-0011734,0,normal
EVT-0011735,0,normal
EVT-0011736,0,normal
EVT-0011737,0,normal
EVT-0011738,0,normal
EVT-0011739,0,normal
EVT-0011740,0,normal
EVT-0011741,0,normal
EVT-0011742,0,normal
EVT-0011743,0,normal
EVT-0011744,0,normal
EVT-0011745,0,normal
EVT-0011746,0,normal
EVT-0011747,0,normal
EVT-0011748,0,normal
EVT-0011749,0,normal
EVT-0011750,0,normal
EVT-0011751,0,normal
EVT-0011752,0,normal
EVT-0011753,0,normal
EVT-0011754,0,normal
EVT-0011755,0,normal
EVT-0011756,0,normal
EVT-0011757,0,normal
EVT-0011758,0,normal
EVT-0011759,0,normal
EVT-0011760,0,normal
EVT-0011761,0,normal
EVT-0011762,0,normal
EVT-0011763,0,normal
EVT-0011764,0,normal
EVT-0011765,0,normal
EVT-0011766,0,normal
EVT-0011767,0,normal
EVT-0011768,0,normal
EVT-0011769,0,normal
EVT-0011770,0,normal
EVT-0011771,0,normal
EVT-0011772,0,normal
EVT-0011773,0,normal
EVT-0011774,0,normal
EVT-0011775,0,normal
EVT-0011776,0,normal
EVT-0011777,0,normal
EVT-0011778,0,normal
EVT-0011779,0,normal
EVT-0011780,0,normal
EVT-0011781,0,normal
EVT-0011782,0,normal
EVT-0011783,0,normal
EVT-0011784,0,normal
EVT-0011785,0,normal
EVT-0011786,0,normal
EVT-0011787,0,normal
EVT-0011788,0,normal
EVT-0011789,0,normal
EVT-0011790,0,normal
EVT-0011791,0,normal
EVT-0011792,0,normal
EVT-0011793,0,normal
EVT-0011794,0,normal
EVT-0011795,0,normal
EVT-0011796,0,normal
EVT-0011797,0,normal
EVT-0011798,0,normal
EVT-0011799,0,normal
EVT-0011800,0,normal
EVT-0011801,0,normal
EVT-0011802,0,normal
EVT-0011803,0,normal
EVT-0011804,0,normal
EVT-0011805,0,normal
EVT-0011806,0,normal
EVT-0011807,0,normal
EVT-0011808,0,normal
EVT-0011809,0,normal
EVT-0011810,0,normal
EVT-0011811,0,normal
EVT-0011812,0,normal
EVT-0011813,0,normal
EVT-0011814,0,normal
EVT-0011815,0,normal
EVT-0011816,0,normal
EVT-0011817,0,normal
EVT-0011818,0,normal
EVT-0011819,0,normal
EVT-0011820,0,normal
EVT-0011821,0,normal
EVT-0011822,0,normal
EVT-0011823,0,normal
EVT-0011824,0,normal
EVT-0011825,0,normal
EVT-0011826,0,normal
EVT-0011827,0,normal
EVT-0011828,0,normal
EVT-0011829,0,normal
EVT-0011830,0,normal
EVT-0011831,0,normal
EVT-0011832,0,normal
EVT-0011833,0,normal
EVT-0011834,0,normal
EVT-0011835,0,normal
EVT-0011836,0,normal
EVT-0011837,0,normal
EVT-0011838,0,normal
EVT-0011839,0,normal
EVT-0011840,0,normal
EVT-0011841,0,normal
EVT-0011842,0,normal
EVT-0011843,0,normal
EVT-0011844,0,normal
EVT-0011845,0,normal
EVT-0011846,0,normal
EVT-0011847,0,normal
EVT-0011848,0,normal
EVT-0011849,0,normal
EVT-0011850,0,normal
EVT-0011851,0,normal
EVT-0011852,0,normal
EVT-0011853,0,normal
EVT-0011854,0,normal
EVT-0011855,0,normal
EVT-0011856,0,normal
EVT-0011857,0,normal
EVT-0011858,0,normal
EVT-0011859,0,normal
EVT-0011860,0,normal
EVT-0011861,0,normal
EVT-0011862,0,normal
EVT-0011863,0,normal
EVT-0011864,0,normal
EVT-0011865,0,normal
EVT-0011866,0,normal
EVT-0011867,0,normal
EVT-0011868,1,insider_drift
EVT-0011869,0,normal
EVT-0011870,0,normal
EVT-0011871,0,normal
EVT-0011872,0,normal
EVT-0011873,0,normal
EVT-0011874,0,normal
EVT-0011875,0,normal
EVT-0011876,0,normal
EVT-0011877,0,normal
EVT-0011878,0,normal
EVT-0011879,0,normal
EVT-0011880,0,normal
EVT-0011881,0,normal
EVT-0011882,0,normal
EVT-0011883,0,normal
EVT-0011884,0,normal
EVT-0011885,0,normal
EVT-0011886,0,normal
EVT-0011887,0,normal
EVT-0011888,0,normal
EVT-0011889,0,normal
EVT-0011890,0,normal
EVT-0011891,0,normal
EVT-0011892,0,normal
EVT-0011893,0,normal
EVT-0011894,0,normal
EVT-0011895,0,normal
EVT-0011896,0,normal
EVT-0011897,0,normal
EVT-0011898,0,normal
EVT-0011899,0,normal
EVT-0011900,0,normal
EVT-0011901,0,normal
EVT-0011902,0,normal
EVT-0011903,0,normal
EVT-0011904,0,normal
EVT-0011905,0,normal
EVT-0011906,0,normal
EVT-0011907,0,normal
EVT-0011908,0,normal
EVT-0011909,0,normal
EVT-0011910,0,normal
EVT-0011911,0,normal
EVT-0011912,0,normal
EVT-0011913,0,normal
EVT-0011914,0,normal
EVT-0011915,0,normal
EVT-0011916,0,normal
EVT-0011917,0,normal
EVT-0011918,0,normal
EVT-0011919,0,normal
EVT-0011920,0,normal
EVT-0011921,0,normal
EVT-0011922,0,normal
EVT-0011923,0,normal
EVT-0011924,0,normal
EVT-0011925,0,normal
EVT-0011926,0,normal
EVT-0011927,0,normal
EVT-0011928,0,normal
EVT-0011929,0,normal
EVT-0011930,0,normal
EVT-0011931,0,normal
EVT-0011932,0,normal
EVT-0011933,0,normal
EVT-0011934,0,normal
EVT-0011935,0,normal
EVT-0011936,0,normal
EVT-0011937,0,normal
EVT-0011938,0,normal
EVT-0011939,0,normal
EVT-0011940,0,normal
EVT-0011941,0,normal
EVT-0011942,0,normal
EVT-0011943,0,normal
EVT-0011944,0,normal
EVT-0011945,0,normal
EVT-0011946,0,normal
EVT-0011947,0,normal
EVT-0011948,0,normal
EVT-0011949,0,normal
EVT-0011950,0,normal
EVT-0011951,0,normal
EVT-0011952,0,normal
EVT-0011953,0,normal
EVT-0011954,0,normal
EVT-0011955,0,normal
EVT-0011956,0,normal
EVT-0011957,0,normal
EVT-0011958,0,normal
EVT-0011959,0,normal
EVT-0011960,0,normal
EVT-0011961,0,normal
EVT-0011962,0,normal
EVT-0011963,0,normal
EVT-0011964,0,normal
EVT-0011965,0,normal
EVT-0011966,0,normal
EVT-0011967,0,normal
EVT-0011968,0,normal
EVT-0011969,0,normal
EVT-0011970,0,normal
EVT-0011971,0,normal
EVT-0011972,0,normal
EVT-0011973,0,normal
EVT-0011974,0,normal
EVT-0011975,0,normal
EVT-0011976,0,normal
EVT-0011977,0,normal
EVT-0011978,0,normal
EVT-0011979,0,normal
EVT-0011980,0,normal
EVT-0011981,0,normal
EVT-0011982,0,normal
EVT-0011983,0,normal
EVT-0011984,0,normal
EVT-0011985,0,normal
EVT-0011986,0,normal
EVT-0011987,0,normal
EVT-0011988,0,normal
EVT-0011989,0,normal
EVT-0011990,0,normal
EVT-0011991,0,normal
EVT-0011992,0,normal
EVT-0011993,0,normal
EVT-0011994,0,normal
EVT-0011995,0,normal
EVT-0011996,0,normal
EVT-0011997,0,normal
EVT-0011998,0,normal
EVT-0011999,0,normal
EVT-0012000,0,normal
EVT-0012001,0,normal
EVT-0012002,0,normal
EVT-0012003,0,normal
EVT-0012004,0,normal
EVT-0012005,0,normal
EVT-0012006,0,normal
EVT-0012007,0,normal
EVT-0012008,0,normal
EVT-0012009,0,normal
EVT-0012010,0,normal
EVT-0012011,0,normal
EVT-0012012,0,normal
EVT-0012013,0,normal
EVT-0012014,0,normal
EVT-0012015,0,normal
EVT-0012016,0,normal
EVT-0012017,0,normal
EVT-0012018,0,normal
EVT-0012019,0,normal
EVT-0012020,0,normal
EVT-0012021,0,normal
EVT-0012022,0,normal
EVT-0012023,0,normal
EVT-0012024,0,normal
EVT-0012025,0,normal
EVT-0012026,0,normal
EVT-0012027,0,normal
EVT-0012028,0,normal
EVT-0012029,0,normal
EVT-0012030,0,normal
EVT-0012031,0,normal
EVT-0012032,0,normal
EVT-0012033,0,normal
EVT-0012034,0,normal
EVT-0012035,0,normal
EVT-0012036,0,normal
EVT-0012037,0,normal
EVT-0012038,0,normal
EVT-0012039,0,normal
EVT-0012040,0,normal
EVT-0012041,0,normal
EVT-0012042,0,normal
EVT-0012043,0,normal
EVT-0012044,0,normal
EVT-0012045,0,normal
EVT-0012046,0,normal
EVT-0012047,0,normal
EVT-0012048,0,normal
EVT-0012049,0,normal
EVT-0012050,0,normal
EVT-0012051,0,normal
EVT-0012052,0,normal
EVT-0012053,0,normal
EVT-0012054,0,normal
EVT-0012055,0,normal
EVT-0012056,0,normal
EVT-0012057,0,normal
EVT-0012058,0,normal
EVT-0012059,0,normal
EVT-0012060,0,normal
EVT-0012061,0,normal
EVT-0012062,0,normal
EVT-0012063,0,normal
EVT-0012064,0,normal
EVT-0012065,0,normal
EVT-0012066,0,normal
EVT-0012067,0,normal
EVT-0012068,0,normal
EVT-0012069,0,normal
EVT-0012070,0,normal
EVT-0012071,0,normal
EVT-0012072,1,device_spoofing
EVT-0012073,0,normal
EVT-0012074,0,normal
EVT-0012075,0,normal
EVT-0012076,0,normal
EVT-0012077,0,normal
EVT-0012078,0,normal
EVT-0012079,0,normal
EVT-0012080,0,normal
EVT-0012081,0,normal
EVT-0012082,0,normal
EVT-0012083,0,normal
EVT-0012084,0,normal
EVT-0012085,0,normal
EVT-0012086,0,normal
EVT-0012087,0,normal
EVT-0012088,0,normal
EVT-0012089,0,normal
EVT-0012090,0,normal
EVT-0012091,0,normal
EVT-0012092,0,normal
EVT-0012093,0,normal
EVT-0012094,0,normal
EVT-0012095,0,normal
EVT-0012096,0,normal
EVT-0012097,0,normal
EVT-0012098,0,normal
EVT-0012099,0,normal
EVT-0012100,0,normal
EVT-0012101,0,normal
EVT-0012102,0,normal
EVT-0012103,0,normal
EVT-0012104,0,normal
EVT-0012105,0,normal
EVT-0012106,0,normal
EVT-0012107,0,normal
EVT-0012108,0,normal
EVT-0012109,0,normal
EVT-0012110,0,normal
EVT-0012111,0,normal
EVT-0012112,0,normal
EVT-0012113,0,normal
EVT-0012114,0,normal
EVT-0012115,0,normal
EVT-0012116,0,normal
EVT-0012117,0,normal
EVT-0012118,0,normal
EVT-0012119,0,normal
EVT-0012120,0,normal
EVT-0012121,0,normal
EVT-0012122,0,normal
EVT-0012123,0,normal
EVT-0012124,0,normal
EVT-0012125,0,normal
EVT-0012126,0,normal
EVT-0012127,0,normal
EVT-0012128,0,normal
EVT-0012129,0,normal
EVT-0012130,0,normal
EVT-0012131,0,normal
EVT-0012132,0,normal
EVT-0012133,0,normal
EVT-0012134,0,normal
EVT-0012135,0,normal
EVT-0012136,0,normal
EVT-0012137,0,normal
EVT-0012138,0,normal
EVT-0012139,0,normal
EVT-0012140,0,normal
EVT-0012141,0,normal
EVT-0012142,0,normal
EVT-0012143,0,normal
EVT-0012144,0,normal
EVT-0012145,0,normal
EVT-0012146,0,normal
EVT-0012147,0,normal
EVT-0012148,0,normal
EVT-0012149,0,normal
EVT-0012150,0,normal
EVT-0012151,0,normal
EVT-0012152,0,normal
EVT-0012153,0,normal
EVT-0012154,0,normal
EVT-0012155,0,normal
EVT-0012156,0,normal
EVT-0012157,0,normal
EVT-0012158,0,normal
EVT-0012159,0,normal
EVT-0012160,0,normal
EVT-0012161,0,normal
EVT-0012162,0,normal
EVT-0012163,0,normal
EVT-0012164,0,normal
EVT-0012165,0,normal
EVT-0012166,0,normal
EVT-0012167,0,normal
EVT-0012168,0,normal
EVT-0012169,0,normal
EVT-0012170,0,normal
EVT-0012171,0,normal
EVT-0012172,0,normal
EVT-0012173,0,normal
EVT-0012174,0,normal
EVT-0012175,0,normal
EVT-0012176,0,normal
EVT-0012177,0,normal
EVT-0012178,0,normal
EVT-0012179,0,normal
EVT-0012180,0,normal
EVT-0012181,0,normal
EVT-0012182,0,normal
EVT-0012183,0,normal
EVT-0012184,0,normal
EVT-0012185,0,normal
EVT-0012186,0,normal
EVT-0012187,0,normal
EVT-0012188,0,normal
EVT-0012189,0,normal
EVT-0012190,0,normal
EVT-0012191,0,normal
EVT-0012192,0,normal
EVT-0012193,0,normal
EVT-0012194,0,normal
EVT-0012195,0,normal
EVT-0012196,0,normal
EVT-0012197,0,normal
EVT-0012198,0,normal
EVT-0012199,0,normal
EVT-0012200,0,normal
EVT-0012201,0,normal
EVT-0012202,0,normal
EVT-0012203,0,normal
EVT-0012204,0,normal
EVT-0012205,0,normal
EVT-0012206,0,normal
EVT-0012207,0,normal
EVT-0012208,0,normal
EVT-0012209,0,normal
EVT-0012210,0,normal
EVT-0012211,0,normal
EVT-0012212,0,normal
EVT-0012213,0,normal
EVT-0012214,0,normal
EVT-0012215,0,normal
EVT-0012216,0,normal
EVT-0012217,0,normal
EVT-0012218,0,normal
EVT-0012219,0,normal
EVT-0012220,0,normal
EVT-0012221,0,normal
EVT-0012222,0,normal
EVT-0012223,0,normal
EVT-0012224,0,normal
EVT-0012225,0,normal
EVT-0012226,0,normal
EVT-0012227,0,normal
EVT-0012228,0,normal
EVT-0012229,0,normal
EVT-0012230,0,normal
EVT-0012231,0,normal
EVT-0012232,0,normal
EVT-0012233,0,normal
EVT-0012234,0,normal
EVT-0012235,0,normal
EVT-0012236,0,normal
EVT-0012237,0,normal
EVT-0012238,0,normal
EVT-0012239,0,normal
EVT-0012240,0,normal
EVT-0012241,0,normal
EVT-0012242,0,normal
EVT-0012243,0,normal
EVT-0012244,0,normal
EVT-0012245,0,normal
EVT-0012246,0,normal
EVT-0012247,0,normal
EVT-0012248,0,normal
EVT-0012249,0,normal
EVT-0012250,0,normal
EVT-0012251,0,normal
EVT-0012252,0,normal
EVT-0012253,0,normal
EVT-0012254,0,normal
EVT-0012255,0,normal
EVT-0012256,0,normal
EVT-0012257,0,normal
EVT-0012258,0,normal
EVT-0012259,0,normal
EVT-0012260,0,normal
EVT-0012261,0,normal
EVT-0012262,0,normal
EVT-0012263,0,normal
EVT-0012264,0,normal
EVT-0012265,0,normal
EVT-0012266,0,normal
EVT-0012267,0,normal
EVT-0012268,0,normal
EVT-0012269,0,normal
EVT-0012270,0,normal
EVT-0012271,0,normal
EVT-0012272,0,normal
EVT-0012273,1,impossible_travel
EVT-0012274,0,normal
EVT-0012275,0,normal
EVT-0012276,0,normal
EVT-0012277,0,normal
EVT-0012278,0,normal
EVT-0012279,0,normal
EVT-0012280,1,insider_drift
EVT-0012281,0,normal
EVT-0012282,0,normal
EVT-0012283,0,normal
EVT-0012284,0,normal
EVT-0012285,0,normal
EVT-0012286,0,normal
EVT-0012287,0,normal
EVT-0012288,0,normal
EVT-0012289,0,normal
EVT-0012290,0,normal
EVT-0012291,0,normal
EVT-0012292,0,normal
EVT-0012293,0,normal
EVT-0012294,0,normal
EVT-0012295,0,normal
EVT-0012296,0,normal
EVT-0012297,0,normal
EVT-0012298,0,normal
EVT-0012299,0,normal
EVT-0012300,0,normal
EVT-0012301,0,normal
EVT-0012302,0,normal
EVT-0012303,0,normal
EVT-0012304,0,normal
EVT-0012305,0,normal
EVT-0012306,0,normal
EVT-0012307,0,normal
EVT-0012308,0,normal
EVT-0012309,0,normal
EVT-0012310,0,normal
EVT-0012311,0,normal
EVT-0012312,0,normal
EVT-0012313,0,normal
EVT-0012314,0,normal
EVT-0012315,0,normal
EVT-0012316,0,normal
EVT-0012317,0,normal
EVT-0012318,0,normal
EVT-0012319,0,normal
EVT-0012320,0,normal
EVT-0012321,0,normal
EVT-0012322,0,normal
EVT-0012323,0,normal
EVT-0012324,0,normal
EVT-0012325,0,normal
EVT-0012326,0,normal
EVT-0012327,0,normal
EVT-0012328,0,normal
EVT-0012329,0,normal
EVT-0012330,0,normal
EVT-0012331,0,normal
EVT-0012332,0,normal
EVT-0012333,0,normal
EVT-0012334,0,normal
EVT-0012335,0,normal
EVT-0012336,0,normal
EVT-0012337,0,normal
EVT-0012338,0,normal
EVT-0012339,0,normal
EVT-0012340,0,normal
EVT-0012341,0,normal
EVT-0012342,0,normal
EVT-0012343,0,normal
EVT-0012344,0,normal
EVT-0012345,0,normal
EVT-0012346,0,normal
EVT-0012347,0,normal
EVT-0012348,0,normal
EVT-0012349,0,normal
EVT-0012350,0,normal
EVT-0012351,0,normal
EVT-0012352,0,normal
EVT-0012353,0,normal
EVT-0012354,0,normal
EVT-0012355,0,normal
EVT-0012356,0,normal
EVT-0012357,0,normal
EVT-0012358,0,normal
EVT-0012359,0,normal
EVT-0012360,0,normal
EVT-0012361,0,normal
EVT-0012362,0,normal
EVT-0012363,0,normal
EVT-0012364,0,normal
EVT-0012365,0,normal
EVT-0012366,0,normal
EVT-0012367,0,normal
EVT-0012368,0,normal
EVT-0012369,0,normal
EVT-0012370,0,normal
EVT-0012371,0,normal
EVT-0012372,0,normal
EVT-0012373,0,normal
EVT-0012374,0,normal
EVT-0012375,0,normal
EVT-0012376,0,normal
EVT-0012377,0,normal
EVT-0012378,0,normal
EVT-0012379,0,normal
EVT-0012380,0,normal
EVT-0012381,0,normal
EVT-0012382,0,normal
EVT-0012383,0,normal
EVT-0012384,0,normal
EVT-0012385,0,normal
EVT-0012386,0,normal
EVT-0012387,0,normal
EVT-0012388,0,normal
EVT-0012389,0,normal
EVT-0012390,0,normal
EVT-0012391,0,normal
EVT-0012392,0,normal
EVT-0012393,0,normal
EVT-0012394,0,normal
EVT-0012395,0,normal
EVT-0012396,0,normal
EVT-0012397,0,normal
EVT-0012398,0,normal
EVT-0012399,0,normal
EVT-0012400,0,normal
EVT-0012401,0,normal
EVT-0012402,0,normal
EVT-0012403,0,normal
EVT-0012404,0,normal
EVT-0012405,0,normal
EVT-0012406,0,normal
EVT-0012407,0,normal
EVT-0012408,0,normal
EVT-0012409,0,normal
EVT-0012410,0,normal
EVT-0012411,0,normal
EVT-0012412,0,normal
EVT-0012413,0,normal
EVT-0012414,0,normal
EVT-0012415,0,normal
EVT-0012416,1,insider_drift
EVT-0012417,0,normal
EVT-0012418,0,normal
EVT-0012419,0,normal
EVT-0012420,0,normal
EVT-0012421,0,normal
EVT-0012422,0,normal
EVT-0012423,0,normal
EVT-0012424,0,normal
EVT-0012425,0,normal
EVT-0012426,0,normal
EVT-0012427,0,normal
EVT-0012428,0,normal
EVT-0012429,0,normal
EVT-0012430,0,normal
EVT-0012431,0,normal
EVT-0012432,0,normal
EVT-0012433,0,normal
EVT-0012434,0,normal
EVT-0012435,0,normal
EVT-0012436,0,normal
EVT-0012437,0,normal
EVT-0012438,0,normal
EVT-0012439,0,normal
EVT-0012440,0,normal
EVT-0012441,0,normal
EVT-0012442,0,normal
EVT-0012443,0,normal
EVT-0012444,0,normal
EVT-0012445,0,normal
EVT-0012446,0,normal
EVT-0012447,0,normal
EVT-0012448,0,normal
EVT-0012449,0,normal
EVT-0012450,0,normal
EVT-0012451,0,normal
EVT-0012452,0,normal
EVT-0012453,0,normal
EVT-0012454,0,normal
EVT-0012455,0,normal
EVT-0012456,0,normal
EVT-0012457,0,normal
EVT-0012458,0,normal
EVT-0012459,0,normal
EVT-0012460,0,normal
EVT-0012461,0,normal
EVT-0012462,0,normal
EVT-0012463,0,normal
EVT-0012464,0,normal
EVT-0012465,0,normal
EVT-0012466,0,normal
EVT-0012467,0,normal
EVT-0012468,0,normal
EVT-0012469,0,normal
EVT-0012470,0,normal
EVT-0012471,0,normal
EVT-0012472,0,normal
EVT-0012473,0,normal
EVT-0012474,0,normal
EVT-0012475,0,normal
EVT-0012476,0,normal
EVT-0012477,0,normal
EVT-0012478,0,normal
EVT-0012479,0,normal
EVT-0012480,0,normal
EVT-0012481,0,normal
EVT-0012482,0,normal
EVT-0012483,0,normal
EVT-0012484,0,normal
EVT-0012485,0,normal
EVT-0012486,0,normal
EVT-0012487,0,normal
EVT-0012488,0,normal
EVT-0012489,0,normal
EVT-0012490,0,normal
EVT-0012491,0,normal
EVT-0012492,0,normal
EVT-0012493,0,normal
EVT-0012494,0,normal
EVT-0012495,0,normal
EVT-0012496,0,normal
EVT-0012497,0,normal
EVT-0012498,0,normal
EVT-0012499,0,normal
EVT-0012500,0,normal
EVT-0012501,0,normal
EVT-0012502,0,normal
EVT-0012503,0,normal
EVT-0012504,0,normal
EVT-0012505,0,normal
EVT-0012506,0,normal
EVT-0012507,0,normal
EVT-0012508,0,normal
EVT-0012509,0,normal
EVT-0012510,0,normal
EVT-0012511,0,normal
EVT-0012512,0,normal
EVT-0012513,0,normal
EVT-0012514,0,normal
EVT-0012515,0,normal
EVT-0012516,0,normal
EVT-0012517,0,normal
EVT-0012518,0,normal
EVT-0012519,0,normal
EVT-0012520,0,normal
EVT-0012521,0,normal
EVT-0012522,0,normal
EVT-0012523,0,normal
EVT-0012524,0,normal
EVT-0012525,0,normal
EVT-0012526,0,normal
EVT-0012527,0,normal
EVT-0012528,0,normal
EVT-0012529,0,normal
EVT-0012530,0,normal
EVT-0012531,0,normal
EVT-0012532,0,normal
EVT-0012533,0,normal
EVT-0012534,0,normal
EVT-0012535,0,normal
EVT-0012536,0,normal
EVT-0012537,0,normal
EVT-0012538,0,normal
EVT-0012539,0,normal
EVT-0012540,0,normal
EVT-0012541,0,normal
EVT-0012542,0,normal
EVT-0012543,0,normal
EVT-0012544,0,normal
EVT-0012545,0,normal
EVT-0012546,0,normal
EVT-0012547,0,normal
EVT-0012548,0,normal
EVT-0012549,0,normal
EVT-0012550,0,normal
EVT-0012551,0,normal
EVT-0012552,0,normal
EVT-0012553,0,normal
EVT-0012554,0,normal
EVT-0012555,0,normal
EVT-0012556,0,normal
EVT-0012557,0,normal
EVT-0012558,0,normal
EVT-0012559,0,normal
EVT-0012560,0,normal
EVT-0012561,0,normal
EVT-0012562,0,normal
EVT-0012563,0,normal
EVT-0012564,0,normal
EVT-0012565,0,normal
EVT-0012566,0,normal
EVT-0012567,0,normal
EVT-0012568,0,normal
EVT-0012569,0,normal
EVT-0012570,0,normal
EVT-0012571,0,normal
EVT-0012572,0,normal
EVT-0012573,0,normal
EVT-0012574,0,normal
EVT-0012575,0,normal
EVT-0012576,0,normal
EVT-0012577,1,brute_force
EVT-0012578,1,brute_force
EVT-0012579,1,brute_force
EVT-0012580,0,normal
EVT-0012581,1,brute_force
EVT-0012582,1,brute_force
EVT-0012583,0,normal
EVT-0012584,0,normal
EVT-0012585,1,brute_force
EVT-0012586,0,normal
EVT-0012587,1,brute_force
EVT-0012588,1,brute_force
EVT-0012589,0,normal
EVT-0012590,1,brute_force
EVT-0012591,0,normal
EVT-0012592,0,normal
EVT-0012593,1,brute_force
EVT-0012594,0,normal
EVT-0012595,1,brute_force
EVT-0012596,0,normal
EVT-0012597,0,normal
EVT-0012598,0,normal
EVT-0012599,0,normal
EVT-0012600,0,normal
EVT-0012601,0,normal
EVT-0012602,0,normal
EVT-0012603,0,normal
EVT-0012604,0,normal
EVT-0012605,0,normal
EVT-0012606,0,normal
EVT-0012607,0,normal
EVT-0012608,0,normal
EVT-0012609,0,normal
EVT-0012610,0,normal
EVT-0012611,0,normal
EVT-0012612,0,normal
EVT-0012613,0,normal
EVT-0012614,0,normal
EVT-0012615,0,normal
EVT-0012616,0,normal
EVT-0012617,0,normal
EVT-0012618,0,normal
EVT-0012619,0,normal
EVT-0012620,0,normal
EVT-0012621,0,normal
EVT-0012622,0,normal
EVT-0012623,0,normal
EVT-0012624,0,normal
EVT-0012625,0,normal
EVT-0012626,0,normal
EVT-0012627,0,normal
EVT-0012628,0,normal
EVT-0012629,0,normal
EVT-0012630,0,normal
EVT-0012631,0,normal
EVT-0012632,0,normal
EVT-0012633,0,normal
EVT-0012634,0,normal
EVT-0012635,0,normal
EVT-0012636,0,normal
EVT-0012637,0,normal
EVT-0012638,0,normal
EVT-0012639,0,normal
EVT-0012640,0,normal
EVT-0012641,0,normal
EVT-0012642,0,normal
EVT-0012643,0,normal
EVT-0012644,0,normal
EVT-0012645,0,normal
EVT-0012646,0,normal
EVT-0012647,0,normal
EVT-0012648,0,normal
EVT-0012649,0,normal
EVT-0012650,0,normal
EVT-0012651,0,normal
EVT-0012652,0,normal
EVT-0012653,0,normal
EVT-0012654,0,normal
EVT-0012655,0,normal
EVT-0012656,0,normal
EVT-0012657,0,normal
EVT-0012658,1,device_spoofing
EVT-0012659,0,normal
EVT-0012660,0,normal
EVT-0012661,0,normal
EVT-0012662,0,normal
EVT-0012663,0,normal
EVT-0012664,0,normal
EVT-0012665,0,normal
EVT-0012666,0,normal
EVT-0012667,0,normal
EVT-0012668,0,normal
EVT-0012669,0,normal
EVT-0012670,0,normal
EVT-0012671,0,normal
EVT-0012672,0,normal
EVT-0012673,0,normal
EVT-0012674,0,normal
EVT-0012675,0,normal
EVT-0012676,0,normal
EVT-0012677,0,normal
EVT-0012678,0,normal
EVT-0012679,0,normal
EVT-0012680,0,normal
EVT-0012681,0,normal
EVT-0012682,0,normal
EVT-0012683,1,lateral_movement
EVT-0012684,0,normal
EVT-0012685,1,device_spoofing
EVT-0012686,1,lateral_movement
EVT-0012687,0,normal
EVT-0012688,1,lateral_movement
EVT-0012689,1,lateral_movement
EVT-0012690,0,normal
EVT-0012691,1,lateral_movement
EVT-0012692,0,normal
EVT-0012693,0,normal
EVT-0012694,0,normal
EVT-0012695,0,normal
EVT-0012696,0,normal
EVT-0012697,0,normal
EVT-0012698,0,normal
EVT-0012699,0,normal
EVT-0012700,0,normal
EVT-0012701,0,normal
EVT-0012702,0,normal
EVT-0012703,0,normal
EVT-0012704,0,normal
EVT-0012705,0,normal
EVT-0012706,0,normal
EVT-0012707,0,normal
EVT-0012708,0,normal
EVT-0012709,0,normal
EVT-0012710,0,normal
EVT-0012711,0,normal
EVT-0012712,0,normal
EVT-0012713,0,normal
EVT-0012714,0,normal
EVT-0012715,0,normal
EVT-0012716,0,normal
EVT-0012717,0,normal
EVT-0012718,0,normal
EVT-0012719,0,normal
EVT-0012720,0,normal
EVT-0012721,0,normal
EVT-0012722,0,normal
EVT-0012723,0,normal
EVT-0012724,0,normal
EVT-0012725,0,normal
EVT-0012726,0,normal
EVT-0012727,0,normal
EVT-0012728,0,normal
EVT-0012729,0,normal
EVT-0012730,0,normal
EVT-0012731,0,normal
EVT-0012732,0,normal
EVT-0012733,0,normal
EVT-0012734,0,normal
EVT-0012735,0,normal
EVT-0012736,0,normal
EVT-0012737,0,normal
EVT-0012738,0,normal
EVT-0012739,0,normal
EVT-0012740,0,normal
EVT-0012741,0,normal
EVT-0012742,0,normal
EVT-0012743,0,normal
EVT-0012744,0,normal
EVT-0012745,0,normal
EVT-0012746,0,normal
EVT-0012747,0,normal
EVT-0012748,0,normal
EVT-0012749,1,insider_drift
EVT-0012750,0,normal
EVT-0012751,0,normal
EVT-0012752,0,normal
EVT-0012753,0,normal
EVT-0012754,0,normal
EVT-0012755,0,normal
EVT-0012756,0,normal
EVT-0012757,0,normal
EVT-0012758,0,normal
EVT-0012759,0,normal
EVT-0012760,0,normal
EVT-0012761,0,normal
EVT-0012762,0,normal
EVT-0012763,0,normal
EVT-0012764,0,normal
EVT-0012765,0,normal
EVT-0012766,0,normal
EVT-0012767,0,normal
EVT-0012768,0,normal
EVT-0012769,0,normal
EVT-0012770,0,normal
EVT-0012771,0,normal
EVT-0012772,0,normal
EVT-0012773,0,normal
EVT-0012774,0,normal
EVT-0012775,0,normal
EVT-0012776,0,normal
EVT-0012777,0,normal
EVT-0012778,0,normal
EVT-0012779,0,normal
EVT-0012780,0,normal
EVT-0012781,0,normal
EVT-0012782,0,normal
EVT-0012783,0,normal
EVT-0012784,0,normal
EVT-0012785,0,normal
EVT-0012786,0,normal
EVT-0012787,0,normal
EVT-0012788,0,normal
EVT-0012789,0,normal
EVT-0012790,0,normal
EVT-0012791,0,normal
EVT-0012792,0,normal
EVT-0012793,0,normal
EVT-0012794,0,normal
EVT-0012795,0,normal
EVT-0012796,0,normal
EVT-0012797,0,normal
EVT-0012798,0,normal
EVT-0012799,0,normal
EVT-0012800,0,normal
EVT-0012801,0,normal
EVT-0012802,0,normal
EVT-0012803,0,normal
EVT-0012804,0,normal
EVT-0012805,0,normal
EVT-0012806,0,normal
EVT-0012807,0,normal
EVT-0012808,0,normal
EVT-0012809,0,normal
EVT-0012810,0,normal
EVT-0012811,0,normal
EVT-0012812,0,normal
EVT-0012813,0,normal
EVT-0012814,0,normal
EVT-0012815,0,normal
EVT-0012816,0,normal
EVT-0012817,0,normal
EVT-0012818,0,normal
EVT-0012819,0,normal
EVT-0012820,0,normal
EVT-0012821,0,normal
EVT-0012822,0,normal
EVT-0012823,0,normal
EVT-0012824,0,normal
EVT-0012825,0,normal
EVT-0012826,0,normal
EVT-0012827,0,normal
EVT-0012828,0,normal
EVT-0012829,0,normal
EVT-0012830,0,normal
EVT-0012831,0,normal
EVT-0012832,0,normal
EVT-0012833,0,normal
EVT-0012834,0,normal
EVT-0012835,0,normal
EVT-0012836,0,normal
EVT-0012837,0,normal
EVT-0012838,0,normal
EVT-0012839,0,normal
EVT-0012840,0,normal
EVT-0012841,0,normal
EVT-0012842,0,normal
EVT-0012843,0,normal
EVT-0012844,0,normal
EVT-0012845,0,normal
EVT-0012846,0,normal
EVT-0012847,0,normal
EVT-0012848,0,normal
EVT-0012849,0,normal
EVT-0012850,0,normal
EVT-0012851,0,normal
EVT-0012852,0,normal
EVT-0012853,0,normal
EVT-0012854,0,normal
EVT-0012855,0,normal
EVT-0012856,0,normal
EVT-0012857,0,normal
EVT-0012858,0,normal
EVT-0012859,0,normal
EVT-0012860,0,normal
EVT-0012861,0,normal
EVT-0012862,0,normal
EVT-0012863,0,normal
EVT-0012864,0,normal
EVT-0012865,0,normal
EVT-0012866,0,normal
EVT-0012867,0,normal
EVT-0012868,0,normal
EVT-0012869,0,normal
EVT-0012870,0,normal
EVT-0012871,0,normal
EVT-0012872,0,normal
EVT-0012873,0,normal
EVT-0012874,0,normal
EVT-0012875,0,normal
EVT-0012876,0,normal
EVT-0012877,0,normal
EVT-0012878,0,normal
EVT-0012879,0,normal
EVT-0012880,0,normal
EVT-0012881,0,normal
EVT-0012882,0,normal
EVT-0012883,0,normal
EVT-0012884,0,normal
EVT-0012885,0,normal
EVT-0012886,0,normal
EVT-0012887,0,normal
EVT-0012888,0,normal
EVT-0012889,0,normal
EVT-0012890,0,normal
EVT-0012891,0,normal
EVT-0012892,0,normal
EVT-0012893,0,normal
EVT-0012894,0,normal
EVT-0012895,0,normal
EVT-0012896,0,normal
EVT-0012897,0,normal
EVT-0012898,0,normal
EVT-0012899,0,normal
EVT-0012900,0,normal
EVT-0012901,0,normal
EVT-0012902,0,normal
EVT-0012903,0,normal
EVT-0012904,0,normal
EVT-0012905,0,normal
EVT-0012906,0,normal
EVT-0012907,0,normal
EVT-0012908,0,normal
EVT-0012909,0,normal
EVT-0012910,0,normal
EVT-0012911,0,normal
EVT-0012912,0,normal
EVT-0012913,0,normal
EVT-0012914,0,normal
EVT-0012915,0,normal
EVT-0012916,0,normal
EVT-0012917,0,normal
EVT-0012918,0,normal
EVT-0012919,0,normal
EVT-0012920,0,normal
EVT-0012921,0,normal
EVT-0012922,0,normal
EVT-0012923,0,normal
EVT-0012924,0,normal
EVT-0012925,0,normal
EVT-0012926,0,normal
EVT-0012927,0,normal
EVT-0012928,0,normal
EVT-0012929,0,normal
EVT-0012930,0,normal
EVT-0012931,0,normal
EVT-0012932,0,normal
EVT-0012933,0,normal
EVT-0012934,0,normal
EVT-0012935,0,normal
EVT-0012936,0,normal
EVT-0012937,0,normal
EVT-0012938,0,normal
EVT-0012939,0,normal
EVT-0012940,0,normal
EVT-0012941,0,normal
EVT-0012942,0,normal
EVT-0012943,0,normal
EVT-0012944,0,normal
EVT-0012945,0,normal
EVT-0012946,0,normal
EVT-0012947,0,normal
EVT-0012948,0,normal
EVT-0012949,0,normal
EVT-0012950,0,normal
EVT-0012951,0,normal
EVT-0012952,0,normal
EVT-0012953,0,normal
EVT-0012954,0,normal
EVT-0012955,0,normal
EVT-0012956,0,normal
EVT-0012957,0,normal
EVT-0012958,0,normal
EVT-0012959,0,normal
EVT-0012960,0,normal
EVT-0012961,0,normal
EVT-0012962,0,normal
EVT-0012963,0,normal
EVT-0012964,0,normal
EVT-0012965,0,normal
EVT-0012966,0,normal
EVT-0012967,0,normal
EVT-0012968,0,normal
EVT-0012969,0,normal
EVT-0012970,0,normal
EVT-0012971,0,normal
EVT-0012972,0,normal
EVT-0012973,0,normal
EVT-0012974,0,normal
EVT-0012975,0,normal
EVT-0012976,0,normal
EVT-0012977,0,normal
EVT-0012978,0,normal
EVT-0012979,0,normal
EVT-0012980,0,normal
EVT-0012981,0,normal
EVT-0012982,0,normal
EVT-0012983,0,normal
EVT-0012984,0,normal
EVT-0012985,0,normal
EVT-0012986,0,normal
EVT-0012987,0,normal
EVT-0012988,0,normal
EVT-0012989,0,normal
EVT-0012990,0,normal
EVT-0012991,0,normal
EVT-0012992,0,normal
EVT-0012993,0,normal
EVT-0012994,1,low_slow_exfiltration
EVT-0012995,0,normal
EVT-0012996,0,normal
EVT-0012997,0,normal
EVT-0012998,0,normal
EVT-0012999,0,normal
EVT-0013000,0,normal
EVT-0013001,0,normal
EVT-0013002,0,normal
EVT-0013003,0,normal
EVT-0013004,0,normal
EVT-0013005,0,normal
EVT-0013006,0,normal
EVT-0013007,0,normal
EVT-0013008,0,normal
EVT-0013009,0,normal
EVT-0013010,0,normal
EVT-0013011,0,normal
EVT-0013012,0,normal
EVT-0013013,0,normal
EVT-0013014,0,normal
EVT-0013015,0,normal
EVT-0013016,0,normal
EVT-0013017,0,normal
EVT-0013018,0,normal
EVT-0013019,0,normal
EVT-0013020,0,normal
EVT-0013021,0,normal
EVT-0013022,0,normal
EVT-0013023,0,normal
EVT-0013024,0,normal
EVT-0013025,0,normal
EVT-0013026,0,normal
EVT-0013027,0,normal
EVT-0013028,0,normal
EVT-0013029,0,normal
EVT-0013030,0,normal
EVT-0013031,0,normal
EVT-0013032,0,normal
EVT-0013033,0,normal
EVT-0013034,0,normal
EVT-0013035,0,normal
EVT-0013036,0,normal
EVT-0013037,0,normal
EVT-0013038,0,normal
EVT-0013039,0,normal
EVT-0013040,0,normal
EVT-0013041,0,normal
EVT-0013042,0,normal
EVT-0013043,0,normal
EVT-0013044,0,normal
EVT-0013045,0,normal
EVT-0013046,0,normal
EVT-0013047,0,normal
EVT-0013048,0,normal
EVT-0013049,0,normal
EVT-0013050,0,normal
EVT-0013051,0,normal
EVT-0013052,0,normal
EVT-0013053,0,normal
EVT-0013054,0,normal
EVT-0013055,0,normal
EVT-0013056,0,normal
EVT-0013057,0,normal
EVT-0013058,0,normal
EVT-0013059,0,normal
EVT-0013060,0,normal
EVT-0013061,0,normal
EVT-0013062,0,normal
EVT-0013063,0,normal
EVT-0013064,0,normal
EVT-0013065,0,normal
EVT-0013066,0,normal
EVT-0013067,0,normal
EVT-0013068,0,normal
EVT-0013069,0,normal
EVT-0013070,0,normal
EVT-0013071,0,normal
EVT-0013072,0,normal
EVT-0013073,0,normal
EVT-0013074,0,normal
EVT-0013075,0,normal
EVT-0013076,0,normal
EVT-0013077,0,normal
EVT-0013078,0,normal
EVT-0013079,0,normal
EVT-0013080,0,normal
EVT-0013081,0,normal
EVT-0013082,0,normal
EVT-0013083,0,normal
EVT-0013084,0,normal
EVT-0013085,0,normal
EVT-0013086,0,normal
EVT-0013087,1,insider_drift
EVT-0013088,0,normal
EVT-0013089,0,normal
EVT-0013090,0,normal
EVT-0013091,0,normal
EVT-0013092,0,normal
EVT-0013093,0,normal
EVT-0013094,0,normal
EVT-0013095,0,normal
EVT-0013096,0,normal
EVT-0013097,0,normal
EVT-0013098,0,normal
EVT-0013099,0,normal
EVT-0013100,0,normal
EVT-0013101,0,normal
EVT-0013102,0,normal
EVT-0013103,0,normal
EVT-0013104,0,normal
EVT-0013105,0,normal
EVT-0013106,0,normal
EVT-0013107,0,normal
EVT-0013108,0,normal
EVT-0013109,0,normal
EVT-0013110,0,normal
EVT-0013111,0,normal
EVT-0013112,0,normal
EVT-0013113,0,normal
EVT-0013114,0,normal
EVT-0013115,0,normal
EVT-0013116,0,normal
EVT-0013117,0,normal
EVT-0013118,0,normal
EVT-0013119,0,normal
EVT-0013120,0,normal
EVT-0013121,0,normal
EVT-0013122,0,normal
EVT-0013123,0,normal
EVT-0013124,0,normal
EVT-0013125,0,normal
EVT-0013126,0,normal
EVT-0013127,0,normal
EVT-0013128,0,normal
EVT-0013129,0,normal
EVT-0013130,0,normal
EVT-0013131,0,normal
EVT-0013132,0,normal
EVT-0013133,0,normal
EVT-0013134,0,normal
EVT-0013135,0,normal
EVT-0013136,0,normal
EVT-0013137,0,normal
EVT-0013138,0,normal
EVT-0013139,0,normal
EVT-0013140,0,normal
EVT-0013141,0,normal
EVT-0013142,0,normal
EVT-0013143,0,normal
EVT-0013144,0,normal
EVT-0013145,0,normal
EVT-0013146,0,normal
EVT-0013147,0,normal
EVT-0013148,0,normal
EVT-0013149,0,normal
EVT-0013150,0,normal
EVT-0013151,0,normal
EVT-0013152,0,normal
EVT-0013153,0,normal
EVT-0013154,0,normal
EVT-0013155,0,normal
EVT-0013156,0,normal
EVT-0013157,0,normal
EVT-0013158,0,normal
EVT-0013159,0,normal
EVT-0013160,0,normal
EVT-0013161,0,normal
EVT-0013162,0,normal
EVT-0013163,0,normal
EVT-0013164,0,normal
EVT-0013165,0,normal
EVT-0013166,0,normal
EVT-0013167,0,normal
EVT-0013168,0,normal
EVT-0013169,0,normal
EVT-0013170,0,normal
EVT-0013171,0,normal
EVT-0013172,0,normal
EVT-0013173,0,normal
EVT-0013174,0,normal
EVT-0013175,0,normal
EVT-0013176,0,normal
EVT-0013177,0,normal
EVT-0013178,0,normal
EVT-0013179,0,normal
EVT-0013180,0,normal
EVT-0013181,0,normal
EVT-0013182,0,normal
EVT-0013183,0,normal
EVT-0013184,0,normal
EVT-0013185,0,normal
EVT-0013186,0,normal
EVT-0013187,0,normal
EVT-0013188,0,normal
EVT-0013189,0,normal
EVT-0013190,0,normal
EVT-0013191,0,normal
EVT-0013192,0,normal
EVT-0013193,0,normal
EVT-0013194,0,normal
EVT-0013195,0,normal
EVT-0013196,0,normal
EVT-0013197,0,normal
EVT-0013198,0,normal
EVT-0013199,0,normal
EVT-0013200,0,normal
EVT-0013201,0,normal
EVT-0013202,0,normal
EVT-0013203,0,normal
EVT-0013204,0,normal
EVT-0013205,0,normal
EVT-0013206,0,normal
EVT-0013207,0,normal
EVT-0013208,0,normal
EVT-0013209,0,normal
EVT-0013210,0,normal
EVT-0013211,0,normal
EVT-0013212,0,normal
EVT-0013213,0,normal
EVT-0013214,0,normal
EVT-0013215,0,normal
EVT-0013216,0,normal
EVT-0013217,0,normal
EVT-0013218,0,normal
EVT-0013219,0,normal
EVT-0013220,0,normal
EVT-0013221,0,normal
EVT-0013222,0,normal
EVT-0013223,0,normal
EVT-0013224,0,normal
EVT-0013225,0,normal
EVT-0013226,0,normal
EVT-0013227,0,normal
EVT-0013228,0,normal
EVT-0013229,0,normal
EVT-0013230,0,normal
EVT-0013231,0,normal
EVT-0013232,0,normal
EVT-0013233,0,normal
EVT-0013234,0,normal
EVT-0013235,0,normal
EVT-0013236,0,normal
EVT-0013237,0,normal
EVT-0013238,0,normal
EVT-0013239,0,normal
EVT-0013240,0,normal
EVT-0013241,0,normal
EVT-0013242,0,normal
EVT-0013243,0,normal
EVT-0013244,0,normal
EVT-0013245,0,normal
EVT-0013246,0,normal
EVT-0013247,0,normal
EVT-0013248,0,normal
EVT-0013249,0,normal
EVT-0013250,0,normal
EVT-0013251,1,insider_drift
EVT-0013252,0,normal
EVT-0013253,0,normal
EVT-0013254,0,normal
EVT-0013255,0,normal
EVT-0013256,0,normal
EVT-0013257,0,normal
EVT-0013258,0,normal
EVT-0013259,0,normal
EVT-0013260,0,normal
EVT-0013261,0,normal
EVT-0013262,0,normal
EVT-0013263,0,normal
EVT-0013264,0,normal
EVT-0013265,0,normal
EVT-0013266,0,normal
EVT-0013267,0,normal
EVT-0013268,0,normal
EVT-0013269,0,normal
EVT-0013270,0,normal
EVT-0013271,0,normal
EVT-0013272,0,normal
EVT-0013273,0,normal
EVT-0013274,0,normal
EVT-0013275,0,normal
EVT-0013276,1,credential_stuffing
EVT-0013277,1,credential_stuffing
EVT-0013278,0,normal
EVT-0013279,0,normal
EVT-0013280,0,normal
EVT-0013281,0,normal
EVT-0013282,0,normal
EVT-0013283,0,normal
EVT-0013284,0,normal
EVT-0013285,1,insider_drift
EVT-0013286,0,normal
EVT-0013287,0,normal
EVT-0013288,0,normal
EVT-0013289,0,normal
EVT-0013290,0,normal
EVT-0013291,0,normal
EVT-0013292,0,normal
EVT-0013293,0,normal
EVT-0013294,0,normal
EVT-0013295,0,normal
EVT-0013296,0,normal
EVT-0013297,0,normal
EVT-0013298,0,normal
EVT-0013299,0,normal
EVT-0013300,0,normal
EVT-0013301,0,normal
EVT-0013302,0,normal
EVT-0013303,0,normal
EVT-0013304,0,normal
EVT-0013305,0,normal
EVT-0013306,0,normal
EVT-0013307,0,normal
EVT-0013308,0,normal
EVT-0013309,0,normal
EVT-0013310,0,normal
EVT-0013311,0,normal
EVT-0013312,0,normal
EVT-0013313,0,normal
EVT-0013314,0,normal
EVT-0013315,0,normal
EVT-0013316,0,normal
EVT-0013317,0,normal
EVT-0013318,0,normal
EVT-0013319,0,normal
EVT-0013320,1,device_spoofing
EVT-0013321,0,normal
EVT-0013322,0,normal
EVT-0013323,0,normal
EVT-0013324,0,normal
EVT-0013325,0,normal
EVT-0013326,0,normal
EVT-0013327,0,normal
EVT-0013328,0,normal
EVT-0013329,0,normal
EVT-0013330,0,normal
EVT-0013331,0,normal
EVT-0013332,0,normal
EVT-0013333,0,normal
EVT-0013334,0,normal
EVT-0013335,0,normal
EVT-0013336,0,normal
EVT-0013337,0,normal
EVT-0013338,0,normal
EVT-0013339,0,normal
EVT-0013340,0,normal
EVT-0013341,0,normal
EVT-0013342,0,normal
EVT-0013343,0,normal
EVT-0013344,0,normal
EVT-0013345,0,normal
EVT-0013346,0,normal
EVT-0013347,0,normal
EVT-0013348,0,normal
EVT-0013349,0,normal
EVT-0013350,0,normal
EVT-0013351,0,normal
EVT-0013352,0,normal
EVT-0013353,0,normal
EVT-0013354,0,normal
EVT-0013355,0,normal
EVT-0013356,1,insider_drift
EVT-0013357,0,normal
EVT-0013358,0,normal
EVT-0013359,0,normal
EVT-0013360,0,normal
EVT-0013361,0,normal
EVT-0013362,0,normal
EVT-0013363,0,normal
EVT-0013364,0,normal
EVT-0013365,0,normal
EVT-0013366,0,normal
EVT-0013367,0,normal
EVT-0013368,0,normal
EVT-0013369,0,normal
EVT-0013370,0,normal
EVT-0013371,0,normal
EVT-0013372,0,normal
EVT-0013373,0,normal
EVT-0013374,0,normal
EVT-0013375,0,normal
EVT-0013376,0,normal
EVT-0013377,0,normal
EVT-0013378,0,normal
EVT-0013379,0,normal
EVT-0013380,0,normal
EVT-0013381,0,normal
EVT-0013382,0,normal
EVT-0013383,0,normal
EVT-0013384,0,normal
EVT-0013385,0,normal
EVT-0013386,0,normal
EVT-0013387,0,normal
EVT-0013388,0,normal
EVT-0013389,0,normal
EVT-0013390,0,normal
EVT-0013391,0,normal
EVT-0013392,0,normal
EVT-0013393,0,normal
EVT-0013394,0,normal
EVT-0013395,0,normal
EVT-0013396,0,normal
EVT-0013397,0,normal
EVT-0013398,0,normal
EVT-0013399,0,normal
EVT-0013400,0,normal
EVT-0013401,0,normal
EVT-0013402,0,normal
EVT-0013403,0,normal
EVT-0013404,0,normal
EVT-0013405,0,normal
EVT-0013406,0,normal
EVT-0013407,0,normal
EVT-0013408,0,normal
EVT-0013409,0,normal
EVT-0013410,0,normal
EVT-0013411,0,normal
EVT-0013412,0,normal
EVT-0013413,0,normal
EVT-0013414,0,normal
EVT-0013415,0,normal
EVT-0013416,0,normal
EVT-0013417,0,normal
EVT-0013418,0,normal
EVT-0013419,0,normal
EVT-0013420,0,normal
EVT-0013421,0,normal
EVT-0013422,0,normal
EVT-0013423,0,normal
EVT-0013424,0,normal
EVT-0013425,0,normal
EVT-0013426,0,normal
EVT-0013427,0,normal
EVT-0013428,0,normal
EVT-0013429,0,normal
EVT-0013430,0,normal
EVT-0013431,0,normal
EVT-0013432,0,normal
EVT-0013433,0,normal
EVT-0013434,0,normal
EVT-0013435,0,normal
EVT-0013436,0,normal
EVT-0013437,0,normal
EVT-0013438,0,normal
EVT-0013439,1,low_slow_exfiltration
EVT-0013440,0,normal
EVT-0013441,0,normal
EVT-0013442,0,normal
EVT-0013443,0,normal
EVT-0013444,0,normal
EVT-0013445,0,normal
EVT-0013446,0,normal
EVT-0013447,0,normal
EVT-0013448,0,normal
EVT-0013449,0,normal
EVT-0013450,0,normal
EVT-0013451,0,normal
EVT-0013452,0,normal
EVT-0013453,0,normal
EVT-0013454,0,normal
EVT-0013455,0,normal
EVT-0013456,0,normal
EVT-0013457,0,normal
EVT-0013458,0,normal
EVT-0013459,0,normal
EVT-0013460,0,normal
EVT-0013461,0,normal
EVT-0013462,0,normal
EVT-0013463,0,normal
EVT-0013464,0,normal
EVT-0013465,0,normal
EVT-0013466,0,normal
EVT-0013467,0,normal
EVT-0013468,0,normal
EVT-0013469,0,normal
EVT-0013470,0,normal
EVT-0013471,0,normal
EVT-0013472,0,normal
EVT-0013473,0,normal
EVT-0013474,0,normal
EVT-0013475,0,normal
EVT-0013476,0,normal
EVT-0013477,0,normal
EVT-0013478,0,normal
EVT-0013479,0,normal
EVT-0013480,0,normal
EVT-0013481,1,insider_drift
EVT-0013482,0,normal
EVT-0013483,0,normal
EVT-0013484,0,normal
EVT-0013485,0,normal
EVT-0013486,0,normal
EVT-0013487,0,normal
EVT-0013488,0,normal
EVT-0013489,0,normal
EVT-0013490,0,normal
EVT-0013491,1,insider_drift
EVT-0013492,0,normal
EVT-0013493,0,normal
EVT-0013494,0,normal
EVT-0013495,0,normal
EVT-0013496,0,normal
EVT-0013497,0,normal
EVT-0013498,0,normal
EVT-0013499,0,normal
EVT-0013500,0,normal
EVT-0013501,0,normal
EVT-0013502,0,normal
EVT-0013503,0,normal
EVT-0013504,0,normal
EVT-0013505,0,normal
EVT-0013506,0,normal
EVT-0013507,0,normal
EVT-0013508,0,normal
EVT-0013509,0,normal
EVT-0013510,0,normal
EVT-0013511,0,normal
EVT-0013512,0,normal
EVT-0013513,0,normal
EVT-0013514,0,normal
EVT-0013515,0,normal
EVT-0013516,0,normal
EVT-0013517,0,normal
EVT-0013518,0,normal
EVT-0013519,0,normal
EVT-0013520,0,normal
EVT-0013521,0,normal
EVT-0013522,0,normal
EVT-0013523,1,insider_drift
EVT-0013524,0,normal
EVT-0013525,0,normal
EVT-0013526,0,normal
EVT-0013527,0,normal
EVT-0013528,0,normal
EVT-0013529,0,normal
EVT-0013530,0,normal
EVT-0013531,0,normal
EVT-0013532,0,normal
EVT-0013533,0,normal
EVT-0013534,0,normal
EVT-0013535,0,normal
EVT-0013536,0,normal
EVT-0013537,0,normal
EVT-0013538,0,normal
EVT-0013539,0,normal
EVT-0013540,0,normal
EVT-0013541,0,normal
EVT-0013542,0,normal
EVT-0013543,0,normal
EVT-0013544,0,normal
EVT-0013545,0,normal
EVT-0013546,0,normal
EVT-0013547,0,normal
EVT-0013548,0,normal
EVT-0013549,0,normal
EVT-0013550,0,normal
EVT-0013551,0,normal
EVT-0013552,0,normal
EVT-0013553,0,normal
EVT-0013554,0,normal
EVT-0013555,0,normal
EVT-0013556,0,normal
EVT-0013557,0,normal
EVT-0013558,0,normal
EVT-0013559,0,normal
EVT-0013560,0,normal
EVT-0013561,0,normal
EVT-0013562,0,normal
EVT-0013563,0,normal
EVT-0013564,0,normal
EVT-0013565,0,normal
EVT-0013566,0,normal
EVT-0013567,0,normal
EVT-0013568,0,normal
EVT-0013569,0,normal
EVT-0013570,0,normal
EVT-0013571,0,normal
EVT-0013572,0,normal
EVT-0013573,0,normal
EVT-0013574,0,normal
EVT-0013575,0,normal
EVT-0013576,0,normal
EVT-0013577,0,normal
EVT-0013578,0,normal
EVT-0013579,0,normal
EVT-0013580,0,normal
EVT-0013581,0,normal
EVT-0013582,0,normal
EVT-0013583,0,normal
EVT-0013584,0,normal
EVT-0013585,0,normal
EVT-0013586,0,normal
EVT-0013587,0,normal
EVT-0013588,0,normal
EVT-0013589,0,normal
EVT-0013590,0,normal
EVT-0013591,0,normal
EVT-0013592,0,normal
EVT-0013593,0,normal
EVT-0013594,0,normal
EVT-0013595,0,normal
EVT-0013596,0,normal
EVT-0013597,0,normal
EVT-0013598,0,normal
EVT-0013599,0,normal
EVT-0013600,0,normal
EVT-0013601,0,normal
EVT-0013602,0,normal
EVT-0013603,0,normal
EVT-0013604,0,normal
EVT-0013605,0,normal
EVT-0013606,0,normal
EVT-0013607,0,normal
EVT-0013608,0,normal
EVT-0013609,0,normal
EVT-0013610,0,normal
EVT-0013611,0,normal
EVT-0013612,0,normal
EVT-0013613,0,normal
EVT-0013614,0,normal
EVT-0013615,0,normal
EVT-0013616,0,normal
EVT-0013617,0,normal
EVT-0013618,0,normal
EVT-0013619,0,normal
EVT-0013620,0,normal
EVT-0013621,0,normal
EVT-0013622,0,normal
EVT-0013623,0,normal
EVT-0013624,0,normal
EVT-0013625,0,normal
EVT-0013626,0,normal
EVT-0013627,0,normal
EVT-0013628,0,normal
EVT-0013629,0,normal
EVT-0013630,0,normal
EVT-0013631,0,normal
EVT-0013632,0,normal
EVT-0013633,0,normal
EVT-0013634,0,normal
EVT-0013635,0,normal
EVT-0013636,0,normal
EVT-0013637,0,normal
EVT-0013638,0,normal
EVT-0013639,0,normal
EVT-0013640,0,normal
EVT-0013641,0,normal
EVT-0013642,0,normal
EVT-0013643,0,normal
EVT-0013644,0,normal
EVT-0013645,0,normal
EVT-0013646,0,normal
EVT-0013647,0,normal
EVT-0013648,0,normal
EVT-0013649,0,normal
EVT-0013650,0,normal
EVT-0013651,0,normal
EVT-0013652,0,normal
EVT-0013653,0,normal
EVT-0013654,0,normal
EVT-0013655,0,normal
EVT-0013656,0,normal
EVT-0013657,0,normal
EVT-0013658,0,normal
EVT-0013659,0,normal
EVT-0013660,0,normal
EVT-0013661,0,normal
EVT-0013662,0,normal
EVT-0013663,0,normal
EVT-0013664,0,normal
EVT-0013665,0,normal
EVT-0013666,0,normal
EVT-0013667,0,normal
EVT-0013668,0,normal
EVT-0013669,0,normal
EVT-0013670,0,normal
EVT-0013671,0,normal
EVT-0013672,0,normal
EVT-0013673,0,normal
EVT-0013674,0,normal
EVT-0013675,0,normal
EVT-0013676,0,normal
EVT-0013677,0,normal
EVT-0013678,1,insider_drift
EVT-0013679,0,normal
EVT-0013680,0,normal
EVT-0013681,0,normal
EVT-0013682,0,normal
EVT-0013683,0,normal
EVT-0013684,0,normal
EVT-0013685,0,normal
EVT-0013686,0,normal
EVT-0013687,0,normal
EVT-0013688,0,normal
EVT-0013689,0,normal
EVT-0013690,0,normal
EVT-0013691,0,normal
EVT-0013692,0,normal
EVT-0013693,0,normal
EVT-0013694,1,lateral_movement
EVT-0013695,1,lateral_movement
EVT-0013696,1,lateral_movement
EVT-0013697,1,lateral_movement
EVT-0013698,1,lateral_movement
EVT-0013699,1,lateral_movement
EVT-0013700,0,normal
EVT-0013701,0,normal
EVT-0013702,0,normal
EVT-0013703,0,normal
EVT-0013704,0,normal
EVT-0013705,0,normal
EVT-0013706,0,normal
EVT-0013707,0,normal
EVT-0013708,0,normal
EVT-0013709,1,insider_drift
EVT-0013710,0,normal
EVT-0013711,0,normal
EVT-0013712,0,normal
EVT-0013713,0,normal
EVT-0013714,0,normal
EVT-0013715,0,normal
EVT-0013716,1,insider_drift
EVT-0013717,0,normal
EVT-0013718,0,normal
EVT-0013719,0,normal
EVT-0013720,0,normal
EVT-0013721,0,normal
EVT-0013722,0,normal
EVT-0013723,0,normal
EVT-0013724,0,normal
EVT-0013725,0,normal
EVT-0013726,0,normal
EVT-0013727,0,normal
EVT-0013728,0,normal
EVT-0013729,0,normal
EVT-0013730,0,normal
EVT-0013731,0,normal
EVT-0013732,0,normal
EVT-0013733,0,normal
EVT-0013734,0,normal
EVT-0013735,0,normal
EVT-0013736,0,normal
EVT-0013737,0,normal
EVT-0013738,0,normal
EVT-0013739,0,normal
EVT-0013740,0,normal
EVT-0013741,0,normal
EVT-0013742,0,normal
EVT-0013743,0,normal
EVT-0013744,0,normal
EVT-0013745,0,normal
EVT-0013746,0,normal
EVT-0013747,0,normal
EVT-0013748,0,normal
EVT-0013749,0,normal
EVT-0013750,0,normal
EVT-0013751,0,normal
EVT-0013752,0,normal
EVT-0013753,0,normal
EVT-0013754,0,normal
EVT-0013755,0,normal
EVT-0013756,0,normal
EVT-0013757,0,normal
EVT-0013758,0,normal
EVT-0013759,0,normal
EVT-0013760,0,normal
EVT-0013761,0,normal
EVT-0013762,0,normal
EVT-0013763,0,normal
EVT-0013764,0,normal
EVT-0013765,0,normal
EVT-0013766,0,normal
EVT-0013767,0,normal
EVT-0013768,0,normal
EVT-0013769,0,normal
EVT-0013770,0,normal
EVT-0013771,0,normal
EVT-0013772,0,normal
EVT-0013773,0,normal
EVT-0013774,0,normal
EVT-0013775,0,normal
EVT-0013776,0,normal
EVT-0013777,0,normal
EVT-0013778,0,normal
EVT-0013779,0,normal
EVT-0013780,0,normal
EVT-0013781,0,normal
EVT-0013782,0,normal
EVT-0013783,0,normal
EVT-0013784,0,normal
EVT-0013785,0,normal
EVT-0013786,0,normal
EVT-0013787,0,normal
EVT-0013788,0,normal
EVT-0013789,0,normal
EVT-0013790,0,normal
EVT-0013791,0,normal
EVT-0013792,0,normal
EVT-0013793,0,normal
EVT-0013794,0,normal
EVT-0013795,0,normal
EVT-0013796,0,normal
EVT-0013797,0,normal
EVT-0013798,0,normal
EVT-0013799,0,normal
EVT-0013800,0,normal
EVT-0013801,0,normal
EVT-0013802,0,normal
EVT-0013803,0,normal
EVT-0013804,0,normal
EVT-0013805,0,normal
EVT-0013806,0,normal
EVT-0013807,0,normal
EVT-0013808,0,normal
EVT-0013809,0,normal
EVT-0013810,0,normal
EVT-0013811,0,normal
EVT-0013812,0,normal
EVT-0013813,0,normal
EVT-0013814,0,normal
EVT-0013815,0,normal
EVT-0013816,0,normal
EVT-0013817,0,normal
EVT-0013818,0,normal
EVT-0013819,0,normal
EVT-0013820,0,normal
EVT-0013821,0,normal
EVT-0013822,0,normal
EVT-0013823,0,normal
EVT-0013824,0,normal
EVT-0013825,0,normal
EVT-0013826,0,normal
EVT-0013827,0,normal
EVT-0013828,0,normal
EVT-0013829,0,normal
EVT-0013830,0,normal
EVT-0013831,0,normal
EVT-0013832,0,normal
EVT-0013833,0,normal
EVT-0013834,0,normal
EVT-0013835,0,normal
EVT-0013836,0,normal
EVT-0013837,0,normal
EVT-0013838,0,normal
EVT-0013839,0,normal
EVT-0013840,0,normal
EVT-0013841,0,normal
EVT-0013842,0,normal
EVT-0013843,0,normal
EVT-0013844,0,normal
EVT-0013845,0,normal
EVT-0013846,0,normal
EVT-0013847,0,normal
EVT-0013848,0,normal
EVT-0013849,0,normal
EVT-0013850,0,normal
EVT-0013851,0,normal
EVT-0013852,0,normal
EVT-0013853,0,normal
EVT-0013854,0,normal
EVT-0013855,0,normal
EVT-0013856,0,normal
EVT-0013857,0,normal
EVT-0013858,0,normal
EVT-0013859,0,normal
EVT-0013860,0,normal
EVT-0013861,0,normal
EVT-0013862,0,normal
EVT-0013863,0,normal
EVT-0013864,0,normal
EVT-0013865,0,normal
EVT-0013866,0,normal
EVT-0013867,0,normal
EVT-0013868,0,normal
EVT-0013869,0,normal
EVT-0013870,0,normal
EVT-0013871,0,normal
EVT-0013872,0,normal
EVT-0013873,0,normal
EVT-0013874,0,normal
EVT-0013875,0,normal
EVT-0013876,0,normal
EVT-0013877,0,normal
EVT-0013878,0,normal
EVT-0013879,0,normal
EVT-0013880,0,normal
EVT-0013881,0,normal
EVT-0013882,0,normal
EVT-0013883,0,normal
EVT-0013884,0,normal
EVT-0013885,0,normal
EVT-0013886,0,normal
EVT-0013887,0,normal
EVT-0013888,0,normal
EVT-0013889,0,normal
EVT-0013890,0,normal
EVT-0013891,0,normal
EVT-0013892,0,normal
EVT-0013893,0,normal
EVT-0013894,0,normal
EVT-0013895,0,normal
EVT-0013896,0,normal
EVT-0013897,0,normal
EVT-0013898,0,normal
EVT-0013899,0,normal
EVT-0013900,0,normal
EVT-0013901,0,normal
EVT-0013902,0,normal
EVT-0013903,0,normal
EVT-0013904,0,normal
EVT-0013905,0,normal
EVT-0013906,0,normal
EVT-0013907,0,normal
EVT-0013908,0,normal
EVT-0013909,0,normal
EVT-0013910,0,normal
EVT-0013911,0,normal
EVT-0013912,0,normal
EVT-0013913,0,normal
EVT-0013914,0,normal
EVT-0013915,0,normal
EVT-0013916,0,normal
EVT-0013917,0,normal
EVT-0013918,0,normal
EVT-0013919,0,normal
EVT-0013920,0,normal
EVT-0013921,0,normal
EVT-0013922,0,normal
EVT-0013923,0,normal
EVT-0013924,0,normal
EVT-0013925,0,normal
EVT-0013926,0,normal
EVT-0013927,0,normal
EVT-0013928,0,normal
EVT-0013929,0,normal
EVT-0013930,0,normal
EVT-0013931,0,normal
EVT-0013932,0,normal
EVT-0013933,0,normal
EVT-0013934,0,normal
EVT-0013935,0,normal
EVT-0013936,0,normal
EVT-0013937,0,normal
EVT-0013938,0,normal
EVT-0013939,0,normal
EVT-0013940,0,normal
EVT-0013941,0,normal
EVT-0013942,0,normal
EVT-0013943,0,normal
EVT-0013944,0,normal
EVT-0013945,0,normal
EVT-0013946,0,normal
EVT-0013947,0,normal
EVT-0013948,0,normal
EVT-0013949,0,normal
EVT-0013950,0,normal
EVT-0013951,0,normal
EVT-0013952,0,normal
EVT-0013953,0,normal
EVT-0013954,0,normal
EVT-0013955,0,normal
EVT-0013956,0,normal
EVT-0013957,0,normal
EVT-0013958,0,normal
EVT-0013959,0,normal
EVT-0013960,0,normal
EVT-0013961,0,normal
EVT-0013962,0,normal
EVT-0013963,0,normal
EVT-0013964,0,normal
EVT-0013965,0,normal
EVT-0013966,0,normal
EVT-0013967,0,normal
EVT-0013968,0,normal
EVT-0013969,0,normal
EVT-0013970,0,normal
EVT-0013971,0,normal
EVT-0013972,0,normal
EVT-0013973,0,normal
EVT-0013974,0,normal
EVT-0013975,0,normal
EVT-0013976,0,normal
EVT-0013977,0,normal
EVT-0013978,0,normal
EVT-0013979,0,normal
EVT-0013980,0,normal
EVT-0013981,0,normal
EVT-0013982,0,normal
EVT-0013983,0,normal
EVT-0013984,0,normal
EVT-0013985,0,normal
EVT-0013986,0,normal
EVT-0013987,0,normal
EVT-0013988,0,normal
EVT-0013989,0,normal
EVT-0013990,0,normal
EVT-0013991,0,normal
EVT-0013992,0,normal
EVT-0013993,0,normal
EVT-0013994,0,normal
EVT-0013995,0,normal
EVT-0013996,0,normal
EVT-0013997,0,normal
EVT-0013998,0,normal
EVT-0013999,0,normal
EVT-0014000,0,normal
EVT-0014001,0,normal
EVT-0014002,0,normal
EVT-0014003,0,normal
EVT-0014004,0,normal
EVT-0014005,0,normal
EVT-0014006,0,normal
EVT-0014007,0,normal
EVT-0014008,0,normal
EVT-0014009,0,normal
EVT-0014010,0,normal
EVT-0014011,0,normal
EVT-0014012,0,normal
EVT-0014013,0,normal
EVT-0014014,0,normal
EVT-0014015,0,normal
EVT-0014016,0,normal
EVT-0014017,0,normal
EVT-0014018,0,normal
EVT-0014019,0,normal
EVT-0014020,0,normal
EVT-0014021,0,normal
EVT-0014022,0,normal
EVT-0014023,0,normal
EVT-0014024,0,normal
EVT-0014025,0,normal
EVT-0014026,0,normal
EVT-0014027,0,normal
EVT-0014028,0,normal
EVT-0014029,0,normal
EVT-0014030,0,normal
EVT-0014031,0,normal
EVT-0014032,1,impossible_travel
EVT-0014033,0,normal
EVT-0014034,0,normal
EVT-0014035,0,normal
EVT-0014036,0,normal
EVT-0014037,0,normal
EVT-0014038,0,normal
EVT-0014039,0,normal
EVT-0014040,0,normal
EVT-0014041,0,normal
EVT-0014042,0,normal
EVT-0014043,0,normal
EVT-0014044,0,normal
EVT-0014045,0,normal
EVT-0014046,0,normal
EVT-0014047,0,normal
EVT-0014048,0,normal
EVT-0014049,0,normal
EVT-0014050,0,normal
EVT-0014051,0,normal
EVT-0014052,0,normal
EVT-0014053,0,normal
EVT-0014054,0,normal
EVT-0014055,0,normal
EVT-0014056,0,normal
EVT-0014057,0,normal
EVT-0014058,0,normal
EVT-0014059,0,normal
EVT-0014060,0,normal
EVT-0014061,0,normal
EVT-0014062,0,normal
EVT-0014063,0,normal
EVT-0014064,0,normal
EVT-0014065,0,normal
EVT-0014066,0,normal
EVT-0014067,0,normal
EVT-0014068,0,normal
EVT-0014069,0,normal
EVT-0014070,0,normal
EVT-0014071,0,normal
EVT-0014072,0,normal
EVT-0014073,0,normal
EVT-0014074,0,normal
EVT-0014075,0,normal
EVT-0014076,0,normal
EVT-0014077,0,normal
EVT-0014078,0,normal
EVT-0014079,0,normal
EVT-0014080,1,lateral_movement
EVT-0014081,0,normal
EVT-0014082,0,normal
EVT-0014083,1,lateral_movement
EVT-0014084,0,normal
EVT-0014085,0,normal
EVT-0014086,0,normal
EVT-0014087,1,lateral_movement
EVT-0014088,0,normal
EVT-0014089,0,normal
EVT-0014090,0,normal
EVT-0014091,0,normal
EVT-0014092,0,normal
EVT-0014093,0,normal
EVT-0014094,0,normal
EVT-0014095,0,normal
EVT-0014096,0,normal
EVT-0014097,0,normal
EVT-0014098,0,normal
EVT-0014099,0,normal
EVT-0014100,0,normal
EVT-0014101,0,normal
EVT-0014102,0,normal
EVT-0014103,1,insider_drift
EVT-0014104,0,normal
EVT-0014105,0,normal
EVT-0014106,0,normal
EVT-0014107,0,normal
EVT-0014108,0,normal
EVT-0014109,0,normal
EVT-0014110,0,normal
EVT-0014111,0,normal
EVT-0014112,0,normal
EVT-0014113,0,normal
EVT-0014114,0,normal
EVT-0014115,0,normal
EVT-0014116,1,low_slow_exfiltration
EVT-0014117,0,normal
EVT-0014118,0,normal
EVT-0014119,0,normal
EVT-0014120,0,normal
EVT-0014121,0,normal
EVT-0014122,0,normal
EVT-0014123,0,normal
EVT-0014124,0,normal
EVT-0014125,0,normal
EVT-0014126,0,normal
EVT-0014127,0,normal
EVT-0014128,0,normal
EVT-0014129,0,normal
EVT-0014130,0,normal
EVT-0014131,0,normal
EVT-0014132,0,normal
EVT-0014133,0,normal
EVT-0014134,0,normal
EVT-0014135,0,normal
EVT-0014136,0,normal
EVT-0014137,0,normal
EVT-0014138,0,normal
EVT-0014139,0,normal
EVT-0014140,0,normal
EVT-0014141,0,normal
EVT-0014142,0,normal
EVT-0014143,0,normal
EVT-0014144,0,normal
EVT-0014145,0,normal
EVT-0014146,0,normal
EVT-0014147,0,normal
EVT-0014148,0,normal
EVT-0014149,0,normal
EVT-0014150,0,normal
EVT-0014151,0,normal
EVT-0014152,0,normal
EVT-0014153,0,normal
EVT-0014154,0,normal
EVT-0014155,0,normal
EVT-0014156,0,normal
EVT-0014157,0,normal
EVT-0014158,0,normal
EVT-0014159,0,normal
EVT-0014160,0,normal
EVT-0014161,0,normal
EVT-0014162,0,normal
EVT-0014163,0,normal
EVT-0014164,0,normal
EVT-0014165,0,normal
EVT-0014166,0,normal
EVT-0014167,0,normal
EVT-0014168,0,normal
EVT-0014169,0,normal
EVT-0014170,0,normal
EVT-0014171,0,normal
EVT-0014172,0,normal
EVT-0014173,0,normal
EVT-0014174,0,normal
EVT-0014175,0,normal
EVT-0014176,0,normal
EVT-0014177,0,normal
EVT-0014178,0,normal
EVT-0014179,0,normal
EVT-0014180,0,normal
EVT-0014181,0,normal
EVT-0014182,0,normal
EVT-0014183,0,normal
EVT-0014184,0,normal
EVT-0014185,0,normal
EVT-0014186,0,normal
EVT-0014187,0,normal
EVT-0014188,0,normal
EVT-0014189,0,normal
EVT-0014190,0,normal
EVT-0014191,0,normal
EVT-0014192,0,normal
EVT-0014193,0,normal
EVT-0014194,0,normal
EVT-0014195,0,normal
EVT-0014196,0,normal
EVT-0014197,0,normal
EVT-0014198,0,normal
EVT-0014199,0,normal
EVT-0014200,0,normal
EVT-0014201,0,normal
EVT-0014202,0,normal
EVT-0014203,0,normal
EVT-0014204,0,normal
EVT-0014205,0,normal
EVT-0014206,0,normal
EVT-0014207,0,normal
EVT-0014208,0,normal
EVT-0014209,0,normal
EVT-0014210,0,normal
EVT-0014211,0,normal
EVT-0014212,0,normal
EVT-0014213,0,normal
EVT-0014214,0,normal
EVT-0014215,0,normal
EVT-0014216,0,normal
EVT-0014217,0,normal
EVT-0014218,0,normal
EVT-0014219,0,normal
EVT-0014220,0,normal
EVT-0014221,0,normal
EVT-0014222,0,normal
EVT-0014223,0,normal
EVT-0014224,0,normal
EVT-0014225,0,normal
EVT-0014226,0,normal
EVT-0014227,0,normal
EVT-0014228,0,normal
EVT-0014229,0,normal
EVT-0014230,0,normal
EVT-0014231,0,normal
EVT-0014232,0,normal
EVT-0014233,0,normal
EVT-0014234,0,normal
EVT-0014235,0,normal
EVT-0014236,0,normal
EVT-0014237,0,normal
EVT-0014238,0,normal
EVT-0014239,0,normal
EVT-0014240,0,normal
EVT-0014241,0,normal
EVT-0014242,0,normal
EVT-0014243,0,normal
EVT-0014244,0,normal
EVT-0014245,0,normal
EVT-0014246,0,normal
EVT-0014247,0,normal
EVT-0014248,0,normal
EVT-0014249,0,normal
EVT-0014250,0,normal
EVT-0014251,0,normal
EVT-0014252,0,normal
EVT-0014253,0,normal
EVT-0014254,0,normal
EVT-0014255,0,normal
EVT-0014256,0,normal
EVT-0014257,0,normal
EVT-0014258,0,normal
EVT-0014259,0,normal
EVT-0014260,0,normal
EVT-0014261,0,normal
EVT-0014262,0,normal
EVT-0014263,0,normal
EVT-0014264,0,normal
EVT-0014265,0,normal
EVT-0014266,0,normal
EVT-0014267,0,normal
EVT-0014268,0,normal
EVT-0014269,0,normal
EVT-0014270,0,normal
EVT-0014271,0,normal
EVT-0014272,0,normal
EVT-0014273,0,normal
EVT-0014274,0,normal
EVT-0014275,0,normal
EVT-0014276,0,normal
EVT-0014277,0,normal
EVT-0014278,0,normal
EVT-0014279,0,normal
EVT-0014280,0,normal
EVT-0014281,0,normal
EVT-0014282,0,normal
EVT-0014283,0,normal
EVT-0014284,0,normal
EVT-0014285,0,normal
EVT-0014286,0,normal
EVT-0014287,0,normal
EVT-0014288,0,normal
EVT-0014289,0,normal
EVT-0014290,0,normal
EVT-0014291,0,normal
EVT-0014292,0,normal
EVT-0014293,0,normal
EVT-0014294,0,normal
EVT-0014295,0,normal
EVT-0014296,0,normal
EVT-0014297,0,normal
EVT-0014298,0,normal
EVT-0014299,0,normal
EVT-0014300,0,normal
EVT-0014301,0,normal
EVT-0014302,0,normal
EVT-0014303,0,normal
EVT-0014304,0,normal
EVT-0014305,0,normal
EVT-0014306,0,normal
EVT-0014307,0,normal
EVT-0014308,0,normal
EVT-0014309,0,normal
EVT-0014310,0,normal
EVT-0014311,0,normal
EVT-0014312,0,normal
EVT-0014313,0,normal
EVT-0014314,0,normal
EVT-0014315,0,normal
EVT-0014316,0,normal
EVT-0014317,0,normal
EVT-0014318,0,normal
EVT-0014319,0,normal
EVT-0014320,1,low_slow_exfiltration
EVT-0014321,0,normal
EVT-0014322,0,normal
EVT-0014323,0,normal
EVT-0014324,0,normal
EVT-0014325,0,normal
EVT-0014326,0,normal
EVT-0014327,0,normal
EVT-0014328,0,normal
EVT-0014329,0,normal
EVT-0014330,0,normal
EVT-0014331,0,normal
EVT-0014332,0,normal
EVT-0014333,0,normal
EVT-0014334,0,normal
EVT-0014335,0,normal
EVT-0014336,0,normal
EVT-0014337,0,normal
EVT-0014338,0,normal
EVT-0014339,0,normal
EVT-0014340,0,normal
EVT-0014341,0,normal
EVT-0014342,0,normal
EVT-0014343,0,normal
EVT-0014344,0,normal
EVT-0014345,0,normal
EVT-0014346,0,normal
EVT-0014347,0,normal
EVT-0014348,0,normal
EVT-0014349,0,normal
EVT-0014350,0,normal
EVT-0014351,0,normal
EVT-0014352,0,normal
EVT-0014353,0,normal
EVT-0014354,0,normal
EVT-0014355,0,normal
EVT-0014356,0,normal
EVT-0014357,0,normal
EVT-0014358,0,normal
EVT-0014359,0,normal
EVT-0014360,0,normal
EVT-0014361,0,normal
EVT-0014362,0,normal
EVT-0014363,0,normal
EVT-0014364,0,normal
EVT-0014365,0,normal
EVT-0014366,0,normal
EVT-0014367,0,normal
EVT-0014368,0,normal
EVT-0014369,0,normal
EVT-0014370,0,normal
EVT-0014371,0,normal
EVT-0014372,0,normal
EVT-0014373,0,normal
EVT-0014374,0,normal
EVT-0014375,0,normal
EVT-0014376,0,normal
EVT-0014377,0,normal
EVT-0014378,0,normal
EVT-0014379,0,normal
EVT-0014380,0,normal
EVT-0014381,0,normal
EVT-0014382,0,normal
EVT-0014383,0,normal
EVT-0014384,0,normal
EVT-0014385,0,normal
EVT-0014386,0,normal
EVT-0014387,0,normal
EVT-0014388,0,normal
EVT-0014389,0,normal
EVT-0014390,0,normal
EVT-0014391,0,normal
EVT-0014392,0,normal
EVT-0014393,0,normal
EVT-0014394,0,normal
EVT-0014395,0,normal
EVT-0014396,0,normal
EVT-0014397,0,normal
EVT-0014398,0,normal
EVT-0014399,0,normal
EVT-0014400,0,normal
EVT-0014401,0,normal
EVT-0014402,0,normal
EVT-0014403,0,normal
EVT-0014404,0,normal
EVT-0014405,0,normal
EVT-0014406,0,normal
EVT-0014407,0,normal
EVT-0014408,0,normal
EVT-0014409,0,normal
EVT-0014410,0,normal
EVT-0014411,0,normal
EVT-0014412,0,normal
EVT-0014413,0,normal
EVT-0014414,0,normal
EVT-0014415,0,normal
EVT-0014416,0,normal
EVT-0014417,0,normal
EVT-0014418,0,normal
EVT-0014419,1,device_spoofing
EVT-0014420,0,normal
EVT-0014421,0,normal
EVT-0014422,0,normal
EVT-0014423,0,normal
EVT-0014424,0,normal
EVT-0014425,0,normal
EVT-0014426,0,normal
EVT-0014427,0,normal
EVT-0014428,0,normal
EVT-0014429,0,normal
EVT-0014430,0,normal
EVT-0014431,0,normal
EVT-0014432,0,normal
EVT-0014433,0,normal
EVT-0014434,0,normal
EVT-0014435,0,normal
EVT-0014436,0,normal
EVT-0014437,0,normal
EVT-0014438,0,normal
EVT-0014439,0,normal
EVT-0014440,0,normal
EVT-0014441,0,normal
EVT-0014442,0,normal
EVT-0014443,0,normal
EVT-0014444,0,normal
EVT-0014445,0,normal
EVT-0014446,0,normal
EVT-0014447,0,normal
EVT-0014448,0,normal
EVT-0014449,0,normal
EVT-0014450,0,normal
EVT-0014451,0,normal
EVT-0014452,0,normal
EVT-0014453,0,normal
EVT-0014454,0,normal
EVT-0014455,0,normal
EVT-0014456,0,normal
EVT-0014457,0,normal
EVT-0014458,0,normal
EVT-0014459,0,normal
EVT-0014460,0,normal
EVT-0014461,0,normal
EVT-0014462,0,normal
EVT-0014463,0,normal
EVT-0014464,0,normal
EVT-0014465,0,normal
EVT-0014466,0,normal
EVT-0014467,0,normal
EVT-0014468,0,normal
EVT-0014469,0,normal
EVT-0014470,0,normal
EVT-0014471,0,normal
EVT-0014472,0,normal
EVT-0014473,0,normal
EVT-0014474,0,normal
EVT-0014475,0,normal
EVT-0014476,0,normal
EVT-0014477,0,normal
EVT-0014478,0,normal
EVT-0014479,1,insider_drift
EVT-0014480,0,normal
EVT-0014481,0,normal
EVT-0014482,0,normal
EVT-0014483,0,normal
EVT-0014484,0,normal
EVT-0014485,0,normal
EVT-0014486,0,normal
EVT-0014487,0,normal
EVT-0014488,0,normal
EVT-0014489,0,normal
EVT-0014490,0,normal
EVT-0014491,0,normal
EVT-0014492,0,normal
EVT-0014493,0,normal
EVT-0014494,0,normal
EVT-0014495,0,normal
EVT-0014496,0,normal
EVT-0014497,0,normal
EVT-0014498,0,normal
EVT-0014499,0,normal
EVT-0014500,0,normal
EVT-0014501,0,normal
EVT-0014502,0,normal
EVT-0014503,0,normal
EVT-0014504,0,normal
EVT-0014505,1,impossible_travel
EVT-0014506,0,normal
EVT-0014507,0,normal
EVT-0014508,0,normal
EVT-0014509,0,normal
EVT-0014510,0,normal
EVT-0014511,0,normal
EVT-0014512,0,normal
EVT-0014513,0,normal
EVT-0014514,0,normal
EVT-0014515,0,normal
EVT-0014516,0,normal
EVT-0014517,0,normal
EVT-0014518,0,normal
EVT-0014519,0,normal
EVT-0014520,0,normal
EVT-0014521,0,normal
EVT-0014522,0,normal
EVT-0014523,0,normal
EVT-0014524,0,normal
EVT-0014525,0,normal
EVT-0014526,0,normal
EVT-0014527,0,normal
EVT-0014528,0,normal
EVT-0014529,0,normal
EVT-0014530,0,normal
EVT-0014531,0,normal
EVT-0014532,0,normal
EVT-0014533,0,normal
EVT-0014534,1,lateral_movement
EVT-0014535,1,lateral_movement
EVT-0014536,1,lateral_movement
EVT-0014537,1,lateral_movement
EVT-0014538,0,normal
EVT-0014539,1,lateral_movement
EVT-0014540,1,lateral_movement
EVT-0014541,1,insider_drift
EVT-0014542,1,insider_drift
EVT-0014543,0,normal
EVT-0014544,1,lateral_movement
EVT-0014545,1,lateral_movement
EVT-0014546,1,lateral_movement
EVT-0014547,1,lateral_movement
EVT-0014548,1,lateral_movement
EVT-0014549,0,normal
EVT-0014550,0,normal
EVT-0014551,0,normal
EVT-0014552,0,normal
EVT-0014553,0,normal
EVT-0014554,0,normal
EVT-0014555,0,normal
EVT-0014556,0,normal
EVT-0014557,0,normal
EVT-0014558,0,normal
EVT-0014559,0,normal
EVT-0014560,0,normal
EVT-0014561,0,normal
EVT-0014562,0,normal
EVT-0014563,0,normal
EVT-0014564,0,normal
EVT-0014565,0,normal
EVT-0014566,0,normal
EVT-0014567,0,normal
EVT-0014568,0,normal
EVT-0014569,0,normal
EVT-0014570,0,normal
EVT-0014571,0,normal
EVT-0014572,0,normal
EVT-0014573,0,normal
EVT-0014574,0,normal
EVT-0014575,0,normal
EVT-0014576,0,normal
EVT-0014577,0,normal
EVT-0014578,0,normal
EVT-0014579,0,normal
EVT-0014580,0,normal
EVT-0014581,0,normal
EVT-0014582,0,normal
EVT-0014583,0,normal
EVT-0014584,0,normal
EVT-0014585,0,normal
EVT-0014586,0,normal
EVT-0014587,0,normal
EVT-0014588,0,normal
EVT-0014589,0,normal
EVT-0014590,0,normal
EVT-0014591,1,credential_stuffing
EVT-0014592,1,credential_stuffing
EVT-0014593,1,credential_stuffing
EVT-0014594,1,credential_stuffing
EVT-0014595,1,credential_stuffing
EVT-0014596,1,credential_stuffing
EVT-0014597,1,credential_stuffing
EVT-0014598,1,credential_stuffing
EVT-0014599,1,credential_stuffing
EVT-0014600,1,credential_stuffing
EVT-0014601,1,credential_stuffing
EVT-0014602,1,credential_stuffing
EVT-0014603,1,credential_stuffing
EVT-0014604,1,credential_stuffing
EVT-0014605,0,normal
EVT-0014606,0,normal
EVT-0014607,0,normal
EVT-0014608,0,normal
EVT-0014609,0,normal
EVT-0014610,0,normal
EVT-0014611,0,normal
EVT-0014612,0,normal
EVT-0014613,0,normal
EVT-0014614,0,normal
EVT-0014615,0,normal
EVT-0014616,0,normal
EVT-0014617,0,normal
EVT-0014618,0,normal
EVT-0014619,0,normal
EVT-0014620,0,normal
EVT-0014621,0,normal
EVT-0014622,0,normal
EVT-0014623,0,normal
EVT-0014624,0,normal
EVT-0014625,0,normal
EVT-0014626,0,normal
EVT-0014627,0,normal
EVT-0014628,0,normal
EVT-0014629,0,normal
EVT-0014630,0,normal
EVT-0014631,0,normal
EVT-0014632,0,normal
EVT-0014633,0,normal
EVT-0014634,0,normal
EVT-0014635,0,normal
EVT-0014636,0,normal
EVT-0014637,0,normal
EVT-0014638,0,normal
EVT-0014639,0,normal
EVT-0014640,0,normal
EVT-0014641,0,normal
EVT-0014642,0,normal
EVT-0014643,0,normal
EVT-0014644,0,normal
EVT-0014645,0,normal
EVT-0014646,0,normal
EVT-0014647,0,normal
EVT-0014648,0,normal
EVT-0014649,0,normal
EVT-0014650,0,normal
EVT-0014651,0,normal
EVT-0014652,0,normal
EVT-0014653,0,normal
EVT-0014654,0,normal
EVT-0014655,0,normal
EVT-0014656,0,normal
EVT-0014657,0,normal
EVT-0014658,0,normal
EVT-0014659,0,normal
EVT-0014660,0,normal
EVT-0014661,0,normal
EVT-0014662,0,normal
EVT-0014663,0,normal
EVT-0014664,0,normal
EVT-0014665,0,normal
EVT-0014666,0,normal
EVT-0014667,0,normal
EVT-0014668,0,normal
EVT-0014669,0,normal
EVT-0014670,0,normal
EVT-0014671,0,normal
EVT-0014672,0,normal
EVT-0014673,0,normal
EVT-0014674,0,normal
EVT-0014675,0,normal
EVT-0014676,0,normal
EVT-0014677,0,normal
EVT-0014678,0,normal
EVT-0014679,0,normal
EVT-0014680,0,normal
EVT-0014681,0,normal
EVT-0014682,0,normal
EVT-0014683,0,normal
EVT-0014684,0,normal
EVT-0014685,0,normal
EVT-0014686,0,normal
EVT-0014687,0,normal
EVT-0014688,1,device_spoofing
EVT-0014689,0,normal
EVT-0014690,0,normal
EVT-0014691,0,normal
EVT-0014692,0,normal
EVT-0014693,0,normal
EVT-0014694,0,normal
EVT-0014695,0,normal
EVT-0014696,0,normal
EVT-0014697,0,normal
EVT-0014698,0,normal
EVT-0014699,0,normal
EVT-0014700,0,normal
EVT-0014701,0,normal
EVT-0014702,0,normal
EVT-0014703,0,normal
EVT-0014704,0,normal
EVT-0014705,0,normal
EVT-0014706,0,normal
EVT-0014707,0,normal
EVT-0014708,0,normal
EVT-0014709,0,normal
EVT-0014710,0,normal
EVT-0014711,0,normal
EVT-0014712,0,normal
EVT-0014713,0,normal
EVT-0014714,0,normal
EVT-0014715,0,normal
EVT-0014716,0,normal
EVT-0014717,0,normal
EVT-0014718,0,normal
EVT-0014719,0,normal
EVT-0014720,0,normal
EVT-0014721,0,normal
EVT-0014722,0,normal
EVT-0014723,0,normal
EVT-0014724,0,normal
EVT-0014725,0,normal
EVT-0014726,0,normal
EVT-0014727,0,normal
EVT-0014728,0,normal
EVT-0014729,0,normal
EVT-0014730,0,normal
EVT-0014731,0,normal
EVT-0014732,0,normal
EVT-0014733,0,normal
EVT-0014734,0,normal
EVT-0014735,0,normal
EVT-0014736,0,normal
EVT-0014737,0,normal
EVT-0014738,0,normal
EVT-0014739,0,normal
EVT-0014740,0,normal
EVT-0014741,0,normal
EVT-0014742,0,normal
EVT-0014743,0,normal
EVT-0014744,0,normal
EVT-0014745,0,normal
EVT-0014746,0,normal
EVT-0014747,0,normal
EVT-0014748,0,normal
EVT-0014749,0,normal
EVT-0014750,0,normal
EVT-0014751,0,normal
EVT-0014752,0,normal
EVT-0014753,0,normal
EVT-0014754,0,normal
EVT-0014755,0,normal
EVT-0014756,0,normal
EVT-0014757,0,normal
EVT-0014758,0,normal
EVT-0014759,0,normal
EVT-0014760,0,normal
EVT-0014761,0,normal
EVT-0014762,0,normal
EVT-0014763,0,normal
EVT-0014764,0,normal
EVT-0014765,0,normal
EVT-0014766,0,normal
EVT-0014767,0,normal
EVT-0014768,0,normal
EVT-0014769,0,normal
EVT-0014770,0,normal
EVT-0014771,0,normal
EVT-0014772,0,normal
EVT-0014773,0,normal
EVT-0014774,0,normal
EVT-0014775,0,normal
EVT-0014776,0,normal
EVT-0014777,0,normal
EVT-0014778,0,normal
EVT-0014779,0,normal
EVT-0014780,0,normal
EVT-0014781,0,normal
EVT-0014782,0,normal
EVT-0014783,0,normal
EVT-0014784,0,normal
EVT-0014785,0,normal
EVT-0014786,0,normal
EVT-0014787,0,normal
EVT-0014788,0,normal
EVT-0014789,0,normal
EVT-0014790,0,normal
EVT-0014791,0,normal
EVT-0014792,0,normal
EVT-0014793,0,normal
EVT-0014794,0,normal
EVT-0014795,0,normal
EVT-0014796,0,normal
EVT-0014797,0,normal
EVT-0014798,0,normal
EVT-0014799,0,normal
EVT-0014800,0,normal
EVT-0014801,0,normal
EVT-0014802,1,device_spoofing
EVT-0014803,0,normal
EVT-0014804,0,normal
EVT-0014805,0,normal
EVT-0014806,0,normal
EVT-0014807,0,normal
EVT-0014808,0,normal
EVT-0014809,0,normal
EVT-0014810,0,normal
EVT-0014811,0,normal
EVT-0014812,0,normal
EVT-0014813,0,normal
EVT-0014814,0,normal
EVT-0014815,0,normal
EVT-0014816,0,normal
EVT-0014817,0,normal
EVT-0014818,0,normal
EVT-0014819,0,normal
EVT-0014820,0,normal
EVT-0014821,0,normal
EVT-0014822,0,normal
EVT-0014823,0,normal
EVT-0014824,0,normal
EVT-0014825,0,normal
EVT-0014826,0,normal
EVT-0014827,0,normal
EVT-0014828,0,normal
EVT-0014829,0,normal
EVT-0014830,0,normal
EVT-0014831,0,normal
EVT-0014832,0,normal
EVT-0014833,0,normal
EVT-0014834,0,normal
EVT-0014835,0,normal
EVT-0014836,0,normal
EVT-0014837,0,normal
EVT-0014838,0,normal
EVT-0014839,0,normal
EVT-0014840,0,normal
EVT-0014841,0,normal
EVT-0014842,0,normal
EVT-0014843,0,normal
EVT-0014844,0,normal
EVT-0014845,0,normal
EVT-0014846,0,normal
EVT-0014847,0,normal
EVT-0014848,0,normal
EVT-0014849,0,normal
EVT-0014850,0,normal
EVT-0014851,0,normal
EVT-0014852,0,normal
EVT-0014853,0,normal
EVT-0014854,0,normal
EVT-0014855,0,normal
EVT-0014856,0,normal
EVT-0014857,0,normal
EVT-0014858,0,normal
EVT-0014859,0,normal
EVT-0014860,0,normal
EVT-0014861,0,normal
EVT-0014862,0,normal
EVT-0014863,0,normal
EVT-0014864,0,normal
EVT-0014865,0,normal
EVT-0014866,0,normal
EVT-0014867,0,normal
EVT-0014868,0,normal
EVT-0014869,0,normal
EVT-0014870,0,normal
EVT-0014871,0,normal
EVT-0014872,0,normal
EVT-0014873,0,normal
EVT-0014874,0,normal
EVT-0014875,0,normal
EVT-0014876,0,normal
EVT-0014877,0,normal
EVT-0014878,0,normal
EVT-0014879,0,normal
EVT-0014880,0,normal
EVT-0014881,0,normal
EVT-0014882,0,normal
EVT-0014883,0,normal
EVT-0014884,0,normal
EVT-0014885,0,normal
EVT-0014886,0,normal
EVT-0014887,0,normal
EVT-0014888,0,normal
EVT-0014889,0,normal
EVT-0014890,0,normal
EVT-0014891,0,normal
EVT-0014892,0,normal
EVT-0014893,0,normal
EVT-0014894,0,normal
EVT-0014895,0,normal
EVT-0014896,0,normal
EVT-0014897,0,normal
EVT-0014898,0,normal
EVT-0014899,0,normal
EVT-0014900,0,normal
EVT-0014901,0,normal
EVT-0014902,0,normal
EVT-0014903,0,normal
EVT-0014904,0,normal
EVT-0014905,0,normal
EVT-0014906,0,normal
EVT-0014907,0,normal
EVT-0014908,0,normal
EVT-0014909,0,normal
EVT-0014910,0,normal
EVT-0014911,0,normal
EVT-0014912,0,normal
EVT-0014913,0,normal
EVT-0014914,0,normal
EVT-0014915,0,normal
EVT-0014916,0,normal
EVT-0014917,0,normal
EVT-0014918,0,normal
EVT-0014919,0,normal
EVT-0014920,0,normal
EVT-0014921,0,normal
EVT-0014922,0,normal
EVT-0014923,0,normal
EVT-0014924,0,normal
EVT-0014925,0,normal
EVT-0014926,0,normal
EVT-0014927,0,normal
EVT-0014928,0,normal
EVT-0014929,0,normal
EVT-0014930,0,normal
EVT-0014931,0,normal
EVT-0014932,0,normal
EVT-0014933,0,normal
EVT-0014934,0,normal
EVT-0014935,0,normal
EVT-0014936,0,normal
EVT-0014937,0,normal
EVT-0014938,0,normal
EVT-0014939,0,normal
EVT-0014940,0,normal
EVT-0014941,0,normal
EVT-0014942,0,normal
EVT-0014943,0,normal
EVT-0014944,0,normal
EVT-0014945,0,normal
EVT-0014946,0,normal
EVT-0014947,0,normal
EVT-0014948,0,normal
EVT-0014949,0,normal
EVT-0014950,0,normal
EVT-0014951,0,normal
EVT-0014952,0,normal
EVT-0014953,0,normal
EVT-0014954,0,normal
EVT-0014955,1,low_slow_exfiltration
EVT-0014956,0,normal
EVT-0014957,0,normal
EVT-0014958,0,normal
EVT-0014959,0,normal
EVT-0014960,0,normal
EVT-0014961,0,normal
EVT-0014962,0,normal
EVT-0014963,0,normal
EVT-0014964,0,normal
EVT-0014965,0,normal
EVT-0014966,0,normal
EVT-0014967,0,normal
EVT-0014968,0,normal
EVT-0014969,0,normal
EVT-0014970,0,normal
EVT-0014971,0,normal
EVT-0014972,0,normal
EVT-0014973,0,normal
EVT-0014974,0,normal
EVT-0014975,0,normal
EVT-0014976,0,normal
EVT-0014977,0,normal
EVT-0014978,0,normal
EVT-0014979,0,normal
EVT-0014980,0,normal
EVT-0014981,0,normal
EVT-0014982,0,normal
EVT-0014983,0,normal
EVT-0014984,0,normal
EVT-0014985,0,normal
EVT-0014986,0,normal
EVT-0014987,0,normal
EVT-0014988,0,normal
EVT-0014989,0,normal
EVT-0014990,0,normal
EVT-0014991,0,normal
EVT-0014992,0,normal
EVT-0014993,0,normal
EVT-0014994,0,normal
EVT-0014995,0,normal
EVT-0014996,0,normal
EVT-0014997,0,normal
EVT-0014998,0,normal
EVT-0014999,0,normal
EVT-0015000,0,normal
EVT-0015001,0,normal
EVT-0015002,0,normal
EVT-0015003,0,normal
EVT-0015004,0,normal
EVT-0015005,0,normal
EVT-0015006,0,normal
EVT-0015007,0,normal
EVT-0015008,0,normal
EVT-0015009,0,normal
EVT-0015010,0,normal
EVT-0015011,0,normal
EVT-0015012,0,normal
EVT-0015013,0,normal
EVT-0015014,0,normal
EVT-0015015,0,normal
EVT-0015016,0,normal
EVT-0015017,0,normal
EVT-0015018,0,normal
EVT-0015019,0,normal
EVT-0015020,0,normal
EVT-0015021,0,normal
EVT-0015022,0,normal
EVT-0015023,0,normal
EVT-0015024,0,normal
EVT-0015025,0,normal
EVT-0015026,0,normal
EVT-0015027,0,normal
EVT-0015028,0,normal
EVT-0015029,0,normal
EVT-0015030,0,normal
EVT-0015031,0,normal
EVT-0015032,0,normal
EVT-0015033,0,normal
EVT-0015034,1,insider_drift
EVT-0015035,0,normal
EVT-0015036,0,normal
EVT-0015037,0,normal
EVT-0015038,0,normal
EVT-0015039,0,normal
EVT-0015040,0,normal
EVT-0015041,0,normal
EVT-0015042,0,normal
EVT-0015043,0,normal
EVT-0015044,0,normal
EVT-0015045,0,normal
EVT-0015046,0,normal
EVT-0015047,0,normal
EVT-0015048,0,normal
EVT-0015049,0,normal
EVT-0015050,0,normal
EVT-0015051,0,normal
EVT-0015052,0,normal
EVT-0015053,0,normal
EVT-0015054,0,normal
EVT-0015055,0,normal
EVT-0015056,1,low_slow_exfiltration
EVT-0015057,0,normal
EVT-0015058,0,normal
EVT-0015059,0,normal
EVT-0015060,0,normal
EVT-0015061,0,normal
EVT-0015062,0,normal
EVT-0015063,0,normal
EVT-0015064,0,normal
EVT-0015065,0,normal
EVT-0015066,0,normal
EVT-0015067,0,normal
EVT-0015068,0,normal
EVT-0015069,0,normal
EVT-0015070,0,normal
EVT-0015071,0,normal
EVT-0015072,0,normal
EVT-0015073,0,normal
EVT-0015074,0,normal
EVT-0015075,0,normal
EVT-0015076,0,normal
EVT-0015077,0,normal
EVT-0015078,0,normal
EVT-0015079,0,normal
EVT-0015080,0,normal
EVT-0015081,0,normal
EVT-0015082,0,normal
EVT-0015083,0,normal
EVT-0015084,0,normal
EVT-0015085,0,normal
EVT-0015086,0,normal
EVT-0015087,0,normal
EVT-0015088,0,normal
EVT-0015089,0,normal
EVT-0015090,0,normal
EVT-0015091,0,normal
EVT-0015092,0,normal
EVT-0015093,0,normal
EVT-0015094,0,normal
EVT-0015095,0,normal
EVT-0015096,0,normal
EVT-0015097,0,normal
EVT-0015098,0,normal
EVT-0015099,0,normal
EVT-0015100,0,normal
EVT-0015101,0,normal
EVT-0015102,0,normal
EVT-0015103,0,normal
EVT-0015104,0,normal
EVT-0015105,0,normal
EVT-0015106,0,normal
EVT-0015107,0,normal
EVT-0015108,0,normal
EVT-0015109,0,normal
EVT-0015110,0,normal
EVT-0015111,0,normal
EVT-0015112,0,normal
EVT-0015113,0,normal
EVT-0015114,0,normal
EVT-0015115,0,normal
EVT-0015116,0,normal
EVT-0015117,0,normal
EVT-0015118,0,normal
EVT-0015119,0,normal
EVT-0015120,0,normal
EVT-0015121,0,normal
EVT-0015122,0,normal
EVT-0015123,0,normal
EVT-0015124,0,normal
EVT-0015125,0,normal
EVT-0015126,0,normal
EVT-0015127,0,normal
EVT-0015128,0,normal
EVT-0015129,0,normal
EVT-0015130,0,normal
EVT-0015131,0,normal
EVT-0015132,0,normal
EVT-0015133,0,normal
EVT-0015134,0,normal
EVT-0015135,0,normal
EVT-0015136,0,normal
EVT-0015137,0,normal
EVT-0015138,0,normal
EVT-0015139,0,normal
EVT-0015140,0,normal
EVT-0015141,0,normal
EVT-0015142,0,normal
EVT-0015143,0,normal
EVT-0015144,0,normal
EVT-0015145,0,normal
EVT-0015146,0,normal
EVT-0015147,0,normal
EVT-0015148,0,normal
EVT-0015149,0,normal
EVT-0015150,0,normal
EVT-0015151,0,normal
EVT-0015152,0,normal
EVT-0015153,0,normal
EVT-0015154,0,normal
EVT-0015155,0,normal
EVT-0015156,0,normal
EVT-0015157,0,normal
EVT-0015158,0,normal
EVT-0015159,0,normal
EVT-0015160,0,normal
EVT-0015161,0,normal
EVT-0015162,0,normal
EVT-0015163,0,normal
EVT-0015164,0,normal
EVT-0015165,0,normal
EVT-0015166,0,normal
EVT-0015167,0,normal
EVT-0015168,0,normal
EVT-0015169,0,normal
EVT-0015170,0,normal
EVT-0015171,0,normal
EVT-0015172,0,normal
EVT-0015173,0,normal
EVT-0015174,0,normal
EVT-0015175,0,normal
EVT-0015176,0,normal
EVT-0015177,0,normal
EVT-0015178,0,normal
EVT-0015179,0,normal
EVT-0015180,0,normal
EVT-0015181,0,normal
EVT-0015182,0,normal
EVT-0015183,0,normal
EVT-0015184,0,normal
EVT-0015185,0,normal
EVT-0015186,1,low_slow_exfiltration
EVT-0015187,0,normal
EVT-0015188,0,normal
EVT-0015189,0,normal
EVT-0015190,0,normal
EVT-0015191,0,normal
EVT-0015192,0,normal
EVT-0015193,0,normal
EVT-0015194,0,normal
EVT-0015195,0,normal
EVT-0015196,0,normal
EVT-0015197,0,normal
EVT-0015198,0,normal
EVT-0015199,0,normal
EVT-0015200,0,normal
EVT-0015201,0,normal
EVT-0015202,0,normal
EVT-0015203,0,normal
EVT-0015204,0,normal
EVT-0015205,0,normal
EVT-0015206,0,normal
EVT-0015207,0,normal
EVT-0015208,0,normal
EVT-0015209,0,normal
EVT-0015210,0,normal
EVT-0015211,0,normal
EVT-0015212,0,normal
EVT-0015213,0,normal
EVT-0015214,0,normal
EVT-0015215,0,normal
EVT-0015216,0,normal
EVT-0015217,0,normal
EVT-0015218,0,normal
EVT-0015219,0,normal
EVT-0015220,0,normal
EVT-0015221,0,normal
EVT-0015222,0,normal
EVT-0015223,0,normal
EVT-0015224,0,normal
EVT-0015225,0,normal
EVT-0015226,0,normal
EVT-0015227,0,normal
EVT-0015228,0,normal
EVT-0015229,0,normal
EVT-0015230,0,normal
EVT-0015231,0,normal
EVT-0015232,0,normal
EVT-0015233,0,normal
EVT-0015234,0,normal
EVT-0015235,0,normal
EVT-0015236,0,normal
EVT-0015237,0,normal
EVT-0015238,0,normal
EVT-0015239,0,normal
EVT-0015240,0,normal
EVT-0015241,0,normal
EVT-0015242,0,normal
EVT-0015243,0,normal
EVT-0015244,0,normal
EVT-0015245,0,normal
EVT-0015246,0,normal
EVT-0015247,0,normal
EVT-0015248,0,normal
EVT-0015249,0,normal
EVT-0015250,0,normal
EVT-0015251,0,normal
EVT-0015252,0,normal
EVT-0015253,0,normal
EVT-0015254,0,normal
EVT-0015255,0,normal
EVT-0015256,0,normal
EVT-0015257,0,normal
EVT-0015258,0,normal
EVT-0015259,0,normal
EVT-0015260,0,normal
EVT-0015261,0,normal
EVT-0015262,0,normal
EVT-0015263,0,normal
EVT-0015264,0,normal
EVT-0015265,0,normal
EVT-0015266,0,normal
EVT-0015267,0,normal
EVT-0015268,0,normal
EVT-0015269,0,normal
EVT-0015270,0,normal
EVT-0015271,0,normal
EVT-0015272,0,normal
EVT-0015273,0,normal
EVT-0015274,0,normal
EVT-0015275,0,normal
EVT-0015276,0,normal
EVT-0015277,0,normal
EVT-0015278,0,normal
EVT-0015279,0,normal
EVT-0015280,0,normal
EVT-0015281,0,normal
EVT-0015282,0,normal
EVT-0015283,0,normal
EVT-0015284,0,normal
EVT-0015285,0,normal
EVT-0015286,0,normal
EVT-0015287,0,normal
EVT-0015288,0,normal
EVT-0015289,0,normal
EVT-0015290,0,normal
EVT-0015291,0,normal
EVT-0015292,0,normal
EVT-0015293,0,normal
EVT-0015294,0,normal
EVT-0015295,0,normal
EVT-0015296,0,normal
EVT-0015297,0,normal
EVT-0015298,0,normal
EVT-0015299,0,normal
EVT-0015300,0,normal
EVT-0015301,0,normal
EVT-0015302,0,normal
EVT-0015303,0,normal
EVT-0015304,0,normal
EVT-0015305,0,normal
EVT-0015306,0,normal
EVT-0015307,0,normal
EVT-0015308,0,normal
EVT-0015309,0,normal
EVT-0015310,0,normal
EVT-0015311,0,normal
EVT-0015312,0,normal
EVT-0015313,0,normal
EVT-0015314,0,normal
EVT-0015315,0,normal
EVT-0015316,1,insider_drift
EVT-0015317,0,normal
EVT-0015318,0,normal
EVT-0015319,0,normal
EVT-0015320,0,normal
EVT-0015321,0,normal
EVT-0015322,0,normal
EVT-0015323,0,normal
EVT-0015324,0,normal
EVT-0015325,0,normal
EVT-0015326,0,normal
EVT-0015327,0,normal
EVT-0015328,0,normal
EVT-0015329,0,normal
EVT-0015330,0,normal
EVT-0015331,0,normal
EVT-0015332,0,normal
EVT-0015333,0,normal
EVT-0015334,0,normal
EVT-0015335,0,normal
EVT-0015336,0,normal
EVT-0015337,0,normal
EVT-0015338,0,normal
EVT-0015339,0,normal
EVT-0015340,0,normal
EVT-0015341,0,normal
EVT-0015342,0,normal
EVT-0015343,0,normal
EVT-0015344,0,normal
EVT-0015345,1,impossible_travel
EVT-0015346,0,normal
EVT-0015347,0,normal
EVT-0015348,0,normal
EVT-0015349,0,normal
EVT-0015350,0,normal
EVT-0015351,0,normal
EVT-0015352,0,normal
EVT-0015353,0,normal
EVT-0015354,0,normal
EVT-0015355,0,normal
EVT-0015356,0,normal
EVT-0015357,0,normal
EVT-0015358,0,normal
EVT-0015359,0,normal
EVT-0015360,0,normal
EVT-0015361,0,normal
EVT-0015362,0,normal
EVT-0015363,0,normal
EVT-0015364,0,normal
EVT-0015365,0,normal
EVT-0015366,0,normal
EVT-0015367,0,normal
EVT-0015368,0,normal
EVT-0015369,0,normal
EVT-0015370,0,normal
EVT-0015371,0,normal
EVT-0015372,0,normal
EVT-0015373,0,normal
EVT-0015374,0,normal
EVT-0015375,0,normal
EVT-0015376,0,normal
EVT-0015377,0,normal
EVT-0015378,0,normal
EVT-0015379,0,normal
EVT-0015380,0,normal
EVT-0015381,0,normal
EVT-0015382,0,normal
EVT-0015383,0,normal
EVT-0015384,0,normal
EVT-0015385,0,normal
EVT-0015386,0,normal
EVT-0015387,0,normal
EVT-0015388,0,normal
EVT-0015389,0,normal
EVT-0015390,0,normal
EVT-0015391,0,normal
EVT-0015392,0,normal
EVT-0015393,0,normal
EVT-0015394,0,normal
EVT-0015395,1,device_spoofing
EVT-0015396,0,normal
EVT-0015397,0,normal
EVT-0015398,0,normal
EVT-0015399,0,normal
EVT-0015400,0,normal
EVT-0015401,0,normal
EVT-0015402,0,normal
EVT-0015403,0,normal
EVT-0015404,0,normal
EVT-0015405,0,normal
EVT-0015406,0,normal
EVT-0015407,0,normal
EVT-0015408,0,normal
EVT-0015409,0,normal
EVT-0015410,0,normal
EVT-0015411,0,normal
EVT-0015412,0,normal
EVT-0015413,0,normal
EVT-0015414,0,normal
EVT-0015415,0,normal
EVT-0015416,0,normal
EVT-0015417,0,normal
EVT-0015418,0,normal
EVT-0015419,0,normal
EVT-0015420,0,normal
EVT-0015421,0,normal
EVT-0015422,0,normal
EVT-0015423,0,normal
EVT-0015424,0,normal
EVT-0015425,0,normal
EVT-0015426,0,normal
EVT-0015427,0,normal
EVT-0015428,0,normal
EVT-0015429,0,normal
EVT-0015430,0,normal
EVT-0015431,0,normal
EVT-0015432,0,normal
EVT-0015433,0,normal
EVT-0015434,0,normal
EVT-0015435,0,normal
EVT-0015436,0,normal
EVT-0015437,0,normal
EVT-0015438,0,normal
EVT-0015439,0,normal
EVT-0015440,0,normal
EVT-0015441,0,normal
EVT-0015442,0,normal
EVT-0015443,0,normal
EVT-0015444,0,normal
EVT-0015445,0,normal
EVT-0015446,0,normal
EVT-0015447,0,normal
EVT-0015448,0,normal
EVT-0015449,0,normal
EVT-0015450,0,normal
EVT-0015451,0,normal
EVT-0015452,0,normal
EVT-0015453,0,normal
EVT-0015454,0,normal
EVT-0015455,0,normal
EVT-0015456,0,normal
EVT-0015457,0,normal
EVT-0015458,0,normal
EVT-0015459,0,normal
EVT-0015460,0,normal
EVT-0015461,0,normal
EVT-0015462,0,normal
EVT-0015463,0,normal
EVT-0015464,0,normal
EVT-0015465,0,normal
EVT-0015466,0,normal
EVT-0015467,0,normal
EVT-0015468,0,normal
EVT-0015469,0,normal
EVT-0015470,0,normal
EVT-0015471,0,normal
EVT-0015472,0,normal
EVT-0015473,0,normal
EVT-0015474,0,normal
EVT-0015475,0,normal
EVT-0015476,0,normal
EVT-0015477,0,normal
EVT-0015478,0,normal
EVT-0015479,0,normal
EVT-0015480,0,normal
EVT-0015481,0,normal
EVT-0015482,0,normal
EVT-0015483,0,normal
EVT-0015484,0,normal
EVT-0015485,0,normal
EVT-0015486,0,normal
EVT-0015487,0,normal
EVT-0015488,0,normal
EVT-0015489,0,normal
EVT-0015490,0,normal
EVT-0015491,0,normal
EVT-0015492,0,normal
EVT-0015493,0,normal
EVT-0015494,0,normal
EVT-0015495,0,normal
EVT-0015496,0,normal
EVT-0015497,0,normal
EVT-0015498,0,normal
EVT-0015499,0,normal
EVT-0015500,0,normal
EVT-0015501,0,normal
EVT-0015502,0,normal
EVT-0015503,0,normal
EVT-0015504,0,normal
EVT-0015505,0,normal
EVT-0015506,0,normal
EVT-0015507,0,normal
EVT-0015508,0,normal
EVT-0015509,0,normal
EVT-0015510,0,normal
EVT-0015511,0,normal
EVT-0015512,0,normal
EVT-0015513,0,normal
EVT-0015514,0,normal
EVT-0015515,0,normal
EVT-0015516,0,normal
EVT-0015517,0,normal
EVT-0015518,0,normal
EVT-0015519,0,normal
EVT-0015520,0,normal
EVT-0015521,0,normal
EVT-0015522,0,normal
EVT-0015523,0,normal
EVT-0015524,0,normal
EVT-0015525,0,normal
EVT-0015526,0,normal
EVT-0015527,0,normal
EVT-0015528,0,normal
EVT-0015529,0,normal
EVT-0015530,0,normal
EVT-0015531,0,normal
EVT-0015532,0,normal
EVT-0015533,0,normal
EVT-0015534,0,normal
EVT-0015535,0,normal
EVT-0015536,0,normal
EVT-0015537,0,normal
EVT-0015538,0,normal
EVT-0015539,0,normal
EVT-0015540,1,impossible_travel
EVT-0015541,0,normal
EVT-0015542,0,normal
EVT-0015543,0,normal
EVT-0015544,0,normal
EVT-0015545,0,normal
EVT-0015546,0,normal
EVT-0015547,0,normal
EVT-0015548,0,normal
EVT-0015549,0,normal
EVT-0015550,0,normal
EVT-0015551,1,low_slow_exfiltration
EVT-0015552,0,normal
EVT-0015553,0,normal
EVT-0015554,0,normal
EVT-0015555,0,normal
EVT-0015556,0,normal
EVT-0015557,0,normal
EVT-0015558,0,normal
EVT-0015559,0,normal
EVT-0015560,0,normal
EVT-0015561,0,normal
EVT-0015562,0,normal
EVT-0015563,0,normal
EVT-0015564,0,normal
EVT-0015565,0,normal
EVT-0015566,1,impossible_travel
EVT-0015567,0,normal
EVT-0015568,0,normal
EVT-0015569,0,normal
EVT-0015570,0,normal
EVT-0015571,0,normal
EVT-0015572,0,normal
EVT-0015573,0,normal
EVT-0015574,0,normal
EVT-0015575,0,normal
EVT-0015576,0,normal
EVT-0015577,0,normal
EVT-0015578,0,normal
EVT-0015579,0,normal
EVT-0015580,0,normal
EVT-0015581,0,normal
EVT-0015582,0,normal
EVT-0015583,0,normal
EVT-0015584,0,normal
EVT-0015585,0,normal
EVT-0015586,0,normal
EVT-0015587,0,normal
EVT-0015588,0,normal
EVT-0015589,1,device_spoofing
EVT-0015590,0,normal
EVT-0015591,0,normal
EVT-0015592,0,normal
EVT-0015593,0,normal
EVT-0015594,0,normal
EVT-0015595,0,normal
EVT-0015596,0,normal
EVT-0015597,0,normal
EVT-0015598,0,normal
EVT-0015599,0,normal
EVT-0015600,0,normal
EVT-0015601,0,normal
EVT-0015602,0,normal
EVT-0015603,0,normal
EVT-0015604,0,normal
EVT-0015605,0,normal
EVT-0015606,0,normal
EVT-0015607,0,normal
EVT-0015608,0,normal
EVT-0015609,0,normal
EVT-0015610,0,normal
EVT-0015611,0,normal
EVT-0015612,0,normal
EVT-0015613,0,normal
EVT-0015614,0,normal
EVT-0015615,0,normal
EVT-0015616,0,normal
EVT-0015617,0,normal
EVT-0015618,0,normal
EVT-0015619,0,normal
EVT-0015620,0,normal
EVT-0015621,0,normal
EVT-0015622,0,normal
EVT-0015623,0,normal
EVT-0015624,0,normal
EVT-0015625,0,normal
EVT-0015626,0,normal
EVT-0015627,0,normal
EVT-0015628,0,normal
EVT-0015629,0,normal
EVT-0015630,0,normal
EVT-0015631,0,normal
EVT-0015632,0,normal
EVT-0015633,0,normal
EVT-0015634,0,normal
EVT-0015635,0,normal
EVT-0015636,0,normal
EVT-0015637,0,normal
EVT-0015638,0,normal
EVT-0015639,0,normal
EVT-0015640,0,normal
EVT-0015641,0,normal
EVT-0015642,0,normal
EVT-0015643,0,normal
EVT-0015644,1,impossible_travel
EVT-0015645,0,normal
EVT-0015646,0,normal
EVT-0015647,0,normal
EVT-0015648,0,normal
EVT-0015649,0,normal
EVT-0015650,0,normal
EVT-0015651,0,normal
EVT-0015652,0,normal
EVT-0015653,0,normal
EVT-0015654,0,normal
EVT-0015655,0,normal
EVT-0015656,0,normal
EVT-0015657,0,normal
EVT-0015658,0,normal
EVT-0015659,0,normal
EVT-0015660,0,normal
EVT-0015661,0,normal
EVT-0015662,0,normal
EVT-0015663,0,normal
EVT-0015664,0,normal
EVT-0015665,0,normal
EVT-0015666,0,normal
EVT-0015667,0,normal
EVT-0015668,0,normal
EVT-0015669,0,normal
EVT-0015670,0,normal
EVT-0015671,0,normal
EVT-0015672,0,normal
EVT-0015673,0,normal
EVT-0015674,0,normal
EVT-0015675,0,normal
EVT-0015676,0,normal
EVT-0015677,0,normal
EVT-0015678,0,normal
EVT-0015679,0,normal
EVT-0015680,1,device_spoofing
EVT-0015681,1,device_spoofing
EVT-0015682,0,normal
EVT-0015683,0,normal
EVT-0015684,0,normal
EVT-0015685,0,normal
EVT-0015686,0,normal
EVT-0015687,0,normal
EVT-0015688,0,normal
EVT-0015689,0,normal
EVT-0015690,0,normal
EVT-0015691,0,normal
EVT-0015692,0,normal
EVT-0015693,0,normal
EVT-0015694,0,normal
EVT-0015695,0,normal
EVT-0015696,0,normal
EVT-0015697,0,normal
EVT-0015698,0,normal
EVT-0015699,0,normal
EVT-0015700,0,normal
EVT-0015701,0,normal
EVT-0015702,0,normal
EVT-0015703,0,normal
EVT-0015704,0,normal
EVT-0015705,0,normal
EVT-0015706,0,normal
EVT-0015707,0,normal
EVT-0015708,0,normal
EVT-0015709,0,normal
EVT-0015710,0,normal
EVT-0015711,0,normal
EVT-0015712,0,normal
EVT-0015713,0,normal
EVT-0015714,0,normal
EVT-0015715,0,normal
EVT-0015716,0,normal
EVT-0015717,0,normal
EVT-0015718,0,normal
EVT-0015719,0,normal
EVT-0015720,0,normal
EVT-0015721,0,normal
EVT-0015722,0,normal
EVT-0015723,0,normal
EVT-0015724,0,normal
EVT-0015725,0,normal
EVT-0015726,0,normal
EVT-0015727,0,normal
EVT-0015728,0,normal
EVT-0015729,0,normal
EVT-0015730,0,normal
EVT-0015731,0,normal
EVT-0015732,0,normal
EVT-0015733,0,normal
EVT-0015734,0,normal
EVT-0015735,0,normal
EVT-0015736,0,normal
EVT-0015737,0,normal
EVT-0015738,0,normal
EVT-0015739,0,normal
EVT-0015740,0,normal
EVT-0015741,0,normal
EVT-0015742,0,normal
EVT-0015743,0,normal
EVT-0015744,0,normal
EVT-0015745,0,normal
EVT-0015746,0,normal
EVT-0015747,0,normal
EVT-0015748,0,normal
EVT-0015749,0,normal
EVT-0015750,0,normal
EVT-0015751,0,normal
EVT-0015752,0,normal
EVT-0015753,1,impossible_travel
EVT-0015754,0,normal
EVT-0015755,0,normal
EVT-0015756,0,normal
EVT-0015757,0,normal
EVT-0015758,0,normal
EVT-0015759,0,normal
EVT-0015760,0,normal
EVT-0015761,0,normal
EVT-0015762,0,normal
EVT-0015763,0,normal
EVT-0015764,0,normal
EVT-0015765,0,normal
EVT-0015766,0,normal
EVT-0015767,0,normal
EVT-0015768,0,normal
EVT-0015769,0,normal
EVT-0015770,0,normal
EVT-0015771,0,normal
EVT-0015772,0,normal
EVT-0015773,0,normal
EVT-0015774,0,normal
EVT-0015775,0,normal
EVT-0015776,0,normal
EVT-0015777,0,normal
EVT-0015778,0,normal
EVT-0015779,0,normal
EVT-0015780,0,normal
EVT-0015781,0,normal
EVT-0015782,0,normal
EVT-0015783,0,normal
EVT-0015784,0,normal
EVT-0015785,0,normal
EVT-0015786,0,normal
EVT-0015787,0,normal
EVT-0015788,0,normal
EVT-0015789,0,normal
EVT-0015790,0,normal
EVT-0015791,0,normal
EVT-0015792,0,normal
EVT-0015793,0,normal
EVT-0015794,0,normal
EVT-0015795,0,normal
EVT-0015796,0,normal
EVT-0015797,0,normal
EVT-0015798,0,normal
EVT-0015799,0,normal
EVT-0015800,0,normal
EVT-0015801,0,normal
EVT-0015802,0,normal
EVT-0015803,0,normal
EVT-0015804,0,normal
EVT-0015805,0,normal
EVT-0015806,0,normal
EVT-0015807,0,normal
EVT-0015808,0,normal
EVT-0015809,0,normal
EVT-0015810,0,normal
EVT-0015811,0,normal
EVT-0015812,0,normal
EVT-0015813,0,normal
EVT-0015814,0,normal
EVT-0015815,0,normal
EVT-0015816,0,normal
EVT-0015817,0,normal
EVT-0015818,0,normal
EVT-0015819,0,normal
EVT-0015820,0,normal
EVT-0015821,0,normal
EVT-0015822,0,normal
EVT-0015823,0,normal
EVT-0015824,0,normal
EVT-0015825,0,normal
EVT-0015826,0,normal
EVT-0015827,0,normal
EVT-0015828,0,normal
EVT-0015829,0,normal
EVT-0015830,0,normal
EVT-0015831,0,normal
EVT-0015832,0,normal
EVT-0015833,0,normal
EVT-0015834,0,normal
EVT-0015835,0,normal
EVT-0015836,0,normal
EVT-0015837,0,normal
EVT-0015838,0,normal
EVT-0015839,0,normal
EVT-0015840,0,normal
EVT-0015841,0,normal
EVT-0015842,0,normal
EVT-0015843,0,normal
EVT-0015844,0,normal
EVT-0015845,0,normal
EVT-0015846,0,normal
EVT-0015847,0,normal
EVT-0015848,0,normal
EVT-0015849,0,normal
EVT-0015850,0,normal
EVT-0015851,0,normal
EVT-0015852,0,normal
EVT-0015853,0,normal
EVT-0015854,0,normal
EVT-0015855,0,normal
EVT-0015856,0,normal
EVT-0015857,0,normal
EVT-0015858,0,normal
EVT-0015859,0,normal
EVT-0015860,0,normal
EVT-0015861,0,normal
EVT-0015862,0,normal
EVT-0015863,0,normal
EVT-0015864,0,normal
EVT-0015865,0,normal
EVT-0015866,0,normal
EVT-0015867,0,normal
EVT-0015868,0,normal
EVT-0015869,0,normal
EVT-0015870,0,normal
EVT-0015871,0,normal
EVT-0015872,0,normal
EVT-0015873,0,normal
EVT-0015874,0,normal
EVT-0015875,0,normal
EVT-0015876,0,normal
EVT-0015877,0,normal
EVT-0015878,0,normal
EVT-0015879,0,normal
EVT-0015880,0,normal
EVT-0015881,0,normal
EVT-0015882,0,normal
EVT-0015883,0,normal
EVT-0015884,0,normal
EVT-0015885,0,normal
EVT-0015886,0,normal
EVT-0015887,0,normal
EVT-0015888,0,normal
EVT-0015889,0,normal
EVT-0015890,0,normal
EVT-0015891,0,normal
EVT-0015892,0,normal
EVT-0015893,1,insider_drift
EVT-0015894,0,normal
EVT-0015895,0,normal
EVT-0015896,0,normal
EVT-0015897,0,normal
EVT-0015898,0,normal
EVT-0015899,0,normal
EVT-0015900,0,normal
EVT-0015901,0,normal
EVT-0015902,1,brute_force
EVT-0015903,1,brute_force
EVT-0015904,1,brute_force
EVT-0015905,1,brute_force
EVT-0015906,1,brute_force
EVT-0015907,1,brute_force
EVT-0015908,0,normal
EVT-0015909,0,normal
EVT-0015910,1,brute_force
EVT-0015911,0,normal
EVT-0015912,1,brute_force
EVT-0015913,1,brute_force
EVT-0015914,0,normal
EVT-0015915,0,normal
EVT-0015916,1,brute_force
EVT-0015917,1,brute_force
EVT-0015918,0,normal
EVT-0015919,0,normal
EVT-0015920,0,normal
EVT-0015921,0,normal
EVT-0015922,0,normal
EVT-0015923,0,normal
EVT-0015924,0,normal
EVT-0015925,0,normal
EVT-0015926,0,normal
EVT-0015927,0,normal
EVT-0015928,0,normal
EVT-0015929,0,normal
EVT-0015930,0,normal
EVT-0015931,0,normal
EVT-0015932,0,normal
EVT-0015933,0,normal
EVT-0015934,0,normal
EVT-0015935,0,normal
EVT-0015936,0,normal
EVT-0015937,0,normal
EVT-0015938,0,normal
EVT-0015939,0,normal
EVT-0015940,0,normal
EVT-0015941,0,normal
EVT-0015942,0,normal
EVT-0015943,0,normal
EVT-0015944,0,normal
EVT-0015945,0,normal
EVT-0015946,0,normal
EVT-0015947,0,normal
EVT-0015948,0,normal
EVT-0015949,0,normal
EVT-0015950,0,normal
EVT-0015951,0,normal
EVT-0015952,0,normal
EVT-0015953,0,normal
EVT-0015954,0,normal
EVT-0015955,0,normal
EVT-0015956,0,normal
EVT-0015957,0,normal
EVT-0015958,0,normal
EVT-0015959,0,normal
EVT-0015960,0,normal
EVT-0015961,0,normal
EVT-0015962,0,normal
EVT-0015963,0,normal
EVT-0015964,0,normal
EVT-0015965,0,normal
EVT-0015966,0,normal
EVT-0015967,0,normal
EVT-0015968,0,normal
EVT-0015969,0,normal
EVT-0015970,0,normal
EVT-0015971,0,normal
EVT-0015972,0,normal
EVT-0015973,0,normal
EVT-0015974,0,normal
EVT-0015975,1,device_spoofing
EVT-0015976,0,normal
EVT-0015977,0,normal
EVT-0015978,0,normal
EVT-0015979,0,normal
EVT-0015980,0,normal
EVT-0015981,0,normal
EVT-0015982,0,normal
EVT-0015983,0,normal
EVT-0015984,0,normal
EVT-0015985,0,normal
EVT-0015986,0,normal
EVT-0015987,0,normal
EVT-0015988,0,normal
EVT-0015989,0,normal
EVT-0015990,0,normal
EVT-0015991,0,normal
EVT-0015992,0,normal
EVT-0015993,0,normal
EVT-0015994,0,normal
EVT-0015995,0,normal
EVT-0015996,0,normal
EVT-0015997,0,normal
EVT-0015998,0,normal
EVT-0015999,0,normal
EVT-0016000,0,normal
EVT-0016001,0,normal
EVT-0016002,0,normal
EVT-0016003,0,normal
EVT-0016004,0,normal
EVT-0016005,0,normal
EVT-0016006,0,normal
EVT-0016007,0,normal
EVT-0016008,0,normal
EVT-0016009,0,normal
EVT-0016010,0,normal
EVT-0016011,0,normal
EVT-0016012,0,normal
EVT-0016013,0,normal
EVT-0016014,0,normal
EVT-0016015,0,normal
EVT-0016016,0,normal
EVT-0016017,0,normal
EVT-0016018,0,normal
EVT-0016019,0,normal
EVT-0016020,0,normal
EVT-0016021,0,normal
EVT-0016022,0,normal
EVT-0016023,0,normal
EVT-0016024,0,normal
EVT-0016025,0,normal
EVT-0016026,0,normal
EVT-0016027,0,normal
EVT-0016028,0,normal
EVT-0016029,0,normal
EVT-0016030,0,normal
EVT-0016031,0,normal
EVT-0016032,0,normal
EVT-0016033,0,normal
EVT-0016034,0,normal
EVT-0016035,0,normal
EVT-0016036,0,normal
EVT-0016037,0,normal
EVT-0016038,0,normal
EVT-0016039,0,normal
EVT-0016040,0,normal
EVT-0016041,0,normal
EVT-0016042,0,normal
EVT-0016043,0,normal
EVT-0016044,0,normal
EVT-0016045,0,normal
EVT-0016046,0,normal
EVT-0016047,0,normal
EVT-0016048,0,normal
EVT-0016049,0,normal
EVT-0016050,0,normal
EVT-0016051,0,normal
EVT-0016052,0,normal
EVT-0016053,0,normal
EVT-0016054,0,normal
EVT-0016055,0,normal
EVT-0016056,0,normal
EVT-0016057,0,normal
EVT-0016058,0,normal
EVT-0016059,0,normal
EVT-0016060,0,normal
EVT-0016061,0,normal
EVT-0016062,0,normal
EVT-0016063,0,normal
EVT-0016064,0,normal
EVT-0016065,0,normal
EVT-0016066,0,normal
EVT-0016067,0,normal
EVT-0016068,0,normal
EVT-0016069,0,normal
EVT-0016070,0,normal
EVT-0016071,0,normal
EVT-0016072,0,normal
EVT-0016073,0,normal
EVT-0016074,0,normal
EVT-0016075,0,normal
EVT-0016076,0,normal
EVT-0016077,0,normal
EVT-0016078,0,normal
EVT-0016079,0,normal
EVT-0016080,0,normal
EVT-0016081,0,normal
EVT-0016082,0,normal
EVT-0016083,0,normal
EVT-0016084,0,normal
EVT-0016085,0,normal
EVT-0016086,0,normal
EVT-0016087,0,normal
EVT-0016088,0,normal
EVT-0016089,0,normal
EVT-0016090,0,normal
EVT-0016091,0,normal
EVT-0016092,0,normal
EVT-0016093,0,normal
EVT-0016094,0,normal
EVT-0016095,0,normal
EVT-0016096,0,normal
EVT-0016097,0,normal
EVT-0016098,0,normal
EVT-0016099,0,normal
EVT-0016100,0,normal
EVT-0016101,0,normal
EVT-0016102,0,normal
EVT-0016103,0,normal
EVT-0016104,0,normal
EVT-0016105,0,normal
EVT-0016106,0,normal
EVT-0016107,0,normal
EVT-0016108,0,normal
EVT-0016109,0,normal
EVT-0016110,0,normal
EVT-0016111,0,normal
EVT-0016112,0,normal
EVT-0016113,0,normal
EVT-0016114,0,normal
EVT-0016115,0,normal
EVT-0016116,0,normal
EVT-0016117,0,normal
EVT-0016118,0,normal
EVT-0016119,0,normal
EVT-0016120,0,normal
EVT-0016121,0,normal
EVT-0016122,0,normal
EVT-0016123,0,normal
EVT-0016124,0,normal
EVT-0016125,0,normal
EVT-0016126,0,normal
EVT-0016127,0,normal
EVT-0016128,0,normal
EVT-0016129,0,normal
EVT-0016130,0,normal
EVT-0016131,0,normal
EVT-0016132,0,normal
EVT-0016133,0,normal
EVT-0016134,0,normal
EVT-0016135,0,normal
EVT-0016136,0,normal
EVT-0016137,0,normal
EVT-0016138,0,normal
EVT-0016139,0,normal
EVT-0016140,0,normal
EVT-0016141,0,normal
EVT-0016142,0,normal
EVT-0016143,0,normal
EVT-0016144,0,normal
EVT-0016145,0,normal
EVT-0016146,0,normal
EVT-0016147,0,normal
EVT-0016148,0,normal
EVT-0016149,0,normal
EVT-0016150,0,normal
EVT-0016151,0,normal
EVT-0016152,0,normal
EVT-0016153,0,normal
EVT-0016154,0,normal
EVT-0016155,0,normal
EVT-0016156,0,normal
EVT-0016157,0,normal
EVT-0016158,0,normal
EVT-0016159,0,normal
EVT-0016160,0,normal
EVT-0016161,0,normal
EVT-0016162,0,normal
EVT-0016163,0,normal
EVT-0016164,0,normal
EVT-0016165,0,normal
EVT-0016166,0,normal
EVT-0016167,0,normal
EVT-0016168,1,brute_force
EVT-0016169,1,brute_force
EVT-0016170,1,brute_force
EVT-0016171,1,brute_force
EVT-0016172,1,brute_force
EVT-0016173,1,brute_force
EVT-0016174,0,normal
EVT-0016175,0,normal
EVT-0016176,0,normal
EVT-0016177,0,normal
EVT-0016178,0,normal
EVT-0016179,0,normal
EVT-0016180,0,normal
EVT-0016181,0,normal
EVT-0016182,0,normal
EVT-0016183,0,normal
EVT-0016184,0,normal
EVT-0016185,0,normal
EVT-0016186,0,normal
EVT-0016187,0,normal
EVT-0016188,0,normal
EVT-0016189,0,normal
EVT-0016190,0,normal
EVT-0016191,0,normal
EVT-0016192,0,normal
EVT-0016193,0,normal
EVT-0016194,0,normal
EVT-0016195,0,normal
EVT-0016196,0,normal
EVT-0016197,0,normal
EVT-0016198,0,normal
EVT-0016199,0,normal
EVT-0016200,0,normal
EVT-0016201,0,normal
EVT-0016202,0,normal
EVT-0016203,0,normal
EVT-0016204,0,normal
EVT-0016205,0,normal
EVT-0016206,0,normal
EVT-0016207,0,normal
EVT-0016208,0,normal
EVT-0016209,0,normal
EVT-0016210,0,normal
EVT-0016211,0,normal
EVT-0016212,0,normal
EVT-0016213,0,normal
EVT-0016214,0,normal
EVT-0016215,0,normal
EVT-0016216,0,normal
EVT-0016217,0,normal
EVT-0016218,0,normal
EVT-0016219,0,normal
EVT-0016220,0,normal
EVT-0016221,0,normal
EVT-0016222,0,normal
EVT-0016223,0,normal
EVT-0016224,0,normal
EVT-0016225,0,normal
EVT-0016226,0,normal
EVT-0016227,0,normal
EVT-0016228,0,normal
EVT-0016229,0,normal
EVT-0016230,0,normal
EVT-0016231,0,normal
EVT-0016232,0,normal
EVT-0016233,0,normal
EVT-0016234,0,normal
EVT-0016235,0,normal
EVT-0016236,0,normal
EVT-0016237,0,normal
EVT-0016238,0,normal
EVT-0016239,0,normal
EVT-0016240,0,normal
EVT-0016241,0,normal
EVT-0016242,0,normal
EVT-0016243,0,normal
EVT-0016244,0,normal
EVT-0016245,0,normal
EVT-0016246,0,normal
EVT-0016247,0,normal
EVT-0016248,0,normal
EVT-0016249,0,normal
EVT-0016250,0,normal
EVT-0016251,0,normal
EVT-0016252,0,normal
EVT-0016253,0,normal
EVT-0016254,0,normal
EVT-0016255,0,normal
EVT-0016256,0,normal
EVT-0016257,0,normal
EVT-0016258,0,normal
EVT-0016259,0,normal
EVT-0016260,0,normal
EVT-0016261,0,normal
EVT-0016262,0,normal
EVT-0016263,0,normal
EVT-0016264,0,normal
EVT-0016265,0,normal
EVT-0016266,0,normal
EVT-0016267,0,normal
EVT-0016268,0,normal
EVT-0016269,0,normal
EVT-0016270,0,normal
EVT-0016271,0,normal
EVT-0016272,0,normal
EVT-0016273,0,normal
EVT-0016274,0,normal
EVT-0016275,0,normal
EVT-0016276,0,normal
EVT-0016277,0,normal
EVT-0016278,0,normal
EVT-0016279,0,normal
EVT-0016280,0,normal
EVT-0016281,0,normal
EVT-0016282,0,normal
EVT-0016283,0,normal
EVT-0016284,0,normal
EVT-0016285,0,normal
EVT-0016286,0,normal
EVT-0016287,0,normal
EVT-0016288,0,normal
EVT-0016289,0,normal
EVT-0016290,0,normal
EVT-0016291,0,normal
EVT-0016292,0,normal
EVT-0016293,0,normal
EVT-0016294,0,normal
EVT-0016295,0,normal
EVT-0016296,0,normal
EVT-0016297,0,normal
EVT-0016298,0,normal
EVT-0016299,0,normal
EVT-0016300,0,normal
EVT-0016301,0,normal
EVT-0016302,0,normal
EVT-0016303,0,normal
EVT-0016304,0,normal
EVT-0016305,0,normal
EVT-0016306,0,normal
EVT-0016307,0,normal
EVT-0016308,0,normal
EVT-0016309,0,normal
EVT-0016310,0,normal
EVT-0016311,0,normal
EVT-0016312,0,normal
EVT-0016313,0,normal
EVT-0016314,0,normal
EVT-0016315,0,normal
EVT-0016316,0,normal
EVT-0016317,1,insider_drift
EVT-0016318,0,normal
EVT-0016319,0,normal
EVT-0016320,0,normal
EVT-0016321,0,normal
EVT-0016322,0,normal
EVT-0016323,0,normal
EVT-0016324,0,normal
EVT-0016325,0,normal
EVT-0016326,0,normal
EVT-0016327,0,normal
EVT-0016328,0,normal
EVT-0016329,1,device_spoofing
EVT-0016330,0,normal
EVT-0016331,0,normal
EVT-0016332,0,normal
EVT-0016333,0,normal
EVT-0016334,0,normal
EVT-0016335,0,normal
EVT-0016336,0,normal
EVT-0016337,0,normal
EVT-0016338,0,normal
EVT-0016339,0,normal
EVT-0016340,0,normal
EVT-0016341,0,normal
EVT-0016342,0,normal
EVT-0016343,0,normal
EVT-0016344,0,normal
EVT-0016345,0,normal
EVT-0016346,0,normal
EVT-0016347,0,normal
EVT-0016348,0,normal
EVT-0016349,0,normal
EVT-0016350,0,normal
EVT-0016351,0,normal
EVT-0016352,0,normal
EVT-0016353,0,normal
EVT-0016354,0,normal
EVT-0016355,0,normal
EVT-0016356,0,normal
EVT-0016357,0,normal
EVT-0016358,0,normal
EVT-0016359,0,normal
EVT-0016360,0,normal
EVT-0016361,0,normal
EVT-0016362,0,normal
EVT-0016363,0,normal
EVT-0016364,0,normal
EVT-0016365,0,normal
EVT-0016366,0,normal
EVT-0016367,0,normal
EVT-0016368,0,normal
EVT-0016369,0,normal
EVT-0016370,0,normal
EVT-0016371,0,normal
EVT-0016372,0,normal
EVT-0016373,0,normal
EVT-0016374,0,normal
EVT-0016375,0,normal
EVT-0016376,0,normal
EVT-0016377,0,normal
EVT-0016378,0,normal
EVT-0016379,0,normal
EVT-0016380,0,normal
EVT-0016381,0,normal
EVT-0016382,0,normal
EVT-0016383,0,normal
EVT-0016384,0,normal
EVT-0016385,0,normal
EVT-0016386,0,normal
EVT-0016387,0,normal
EVT-0016388,0,normal
EVT-0016389,0,normal
EVT-0016390,0,normal
EVT-0016391,0,normal
EVT-0016392,0,normal
EVT-0016393,0,normal
EVT-0016394,0,normal
EVT-0016395,0,normal
EVT-0016396,0,normal
EVT-0016397,0,normal
EVT-0016398,0,normal
EVT-0016399,0,normal
EVT-0016400,0,normal
EVT-0016401,0,normal
EVT-0016402,0,normal
EVT-0016403,0,normal
EVT-0016404,0,normal
EVT-0016405,0,normal
EVT-0016406,0,normal
EVT-0016407,0,normal
EVT-0016408,0,normal
EVT-0016409,0,normal
EVT-0016410,0,normal
EVT-0016411,0,normal
EVT-0016412,0,normal
EVT-0016413,0,normal
EVT-0016414,0,normal
EVT-0016415,0,normal
EVT-0016416,0,normal
EVT-0016417,0,normal
EVT-0016418,0,normal
EVT-0016419,0,normal
EVT-0016420,0,normal
EVT-0016421,0,normal
EVT-0016422,0,normal
EVT-0016423,0,normal
EVT-0016424,0,normal
EVT-0016425,0,normal
EVT-0016426,0,normal
EVT-0016427,0,normal
EVT-0016428,0,normal
EVT-0016429,0,normal
EVT-0016430,0,normal
EVT-0016431,0,normal
EVT-0016432,0,normal
EVT-0016433,0,normal
EVT-0016434,0,normal
EVT-0016435,0,normal
EVT-0016436,0,normal
EVT-0016437,0,normal
EVT-0016438,0,normal
EVT-0016439,0,normal
EVT-0016440,0,normal
EVT-0016441,0,normal
EVT-0016442,0,normal
EVT-0016443,0,normal
EVT-0016444,0,normal
EVT-0016445,0,normal
EVT-0016446,0,normal
EVT-0016447,0,normal
EVT-0016448,0,normal
EVT-0016449,0,normal
EVT-0016450,0,normal
EVT-0016451,0,normal
EVT-0016452,0,normal
EVT-0016453,0,normal
EVT-0016454,0,normal
EVT-0016455,0,normal
EVT-0016456,0,normal
EVT-0016457,0,normal
EVT-0016458,0,normal
EVT-0016459,0,normal
EVT-0016460,0,normal
EVT-0016461,0,normal
EVT-0016462,0,normal
EVT-0016463,0,normal
EVT-0016464,0,normal
EVT-0016465,0,normal
EVT-0016466,0,normal
EVT-0016467,0,normal
EVT-0016468,0,normal
EVT-0016469,0,normal
EVT-0016470,0,normal
EVT-0016471,0,normal
EVT-0016472,0,normal
EVT-0016473,0,normal
EVT-0016474,0,normal
EVT-0016475,0,normal
EVT-0016476,0,normal
EVT-0016477,0,normal
EVT-0016478,0,normal
EVT-0016479,0,normal
EVT-0016480,1,lateral_movement
EVT-0016481,0,normal
EVT-0016482,1,lateral_movement
EVT-0016483,0,normal
EVT-0016484,0,normal
EVT-0016485,0,normal
EVT-0016486,0,normal
EVT-0016487,0,normal
EVT-0016488,0,normal
EVT-0016489,0,normal
EVT-0016490,0,normal
EVT-0016491,0,normal
EVT-0016492,0,normal
EVT-0016493,0,normal
EVT-0016494,1,lateral_movement
EVT-0016495,0,normal
EVT-0016496,0,normal
EVT-0016497,0,normal
EVT-0016498,0,normal
EVT-0016499,0,normal
EVT-0016500,0,normal
EVT-0016501,0,normal
EVT-0016502,0,normal
EVT-0016503,0,normal
EVT-0016504,0,normal
EVT-0016505,0,normal
EVT-0016506,0,normal
EVT-0016507,0,normal
EVT-0016508,0,normal
EVT-0016509,0,normal
EVT-0016510,0,normal
EVT-0016511,0,normal
EVT-0016512,0,normal
EVT-0016513,0,normal
EVT-0016514,0,normal
EVT-0016515,0,normal
EVT-0016516,0,normal
EVT-0016517,0,normal
EVT-0016518,0,normal
EVT-0016519,0,normal
EVT-0016520,0,normal
EVT-0016521,0,normal
EVT-0016522,0,normal
EVT-0016523,0,normal
EVT-0016524,0,normal
EVT-0016525,0,normal
EVT-0016526,0,normal
EVT-0016527,0,normal
EVT-0016528,0,normal
EVT-0016529,0,normal
EVT-0016530,0,normal
EVT-0016531,0,normal
EVT-0016532,0,normal
EVT-0016533,0,normal
EVT-0016534,0,normal
EVT-0016535,0,normal
EVT-0016536,0,normal
EVT-0016537,0,normal
EVT-0016538,0,normal
EVT-0016539,0,normal
EVT-0016540,0,normal
EVT-0016541,0,normal
EVT-0016542,0,normal
EVT-0016543,0,normal
EVT-0016544,0,normal
EVT-0016545,0,normal
EVT-0016546,0,normal
EVT-0016547,0,normal
EVT-0016548,0,normal
EVT-0016549,0,normal
EVT-0016550,0,normal
EVT-0016551,0,normal
EVT-0016552,0,normal
EVT-0016553,0,normal
EVT-0016554,0,normal
EVT-0016555,0,normal
EVT-0016556,0,normal
EVT-0016557,0,normal
EVT-0016558,0,normal
EVT-0016559,0,normal
EVT-0016560,0,normal
EVT-0016561,1,low_slow_exfiltration
EVT-0016562,0,normal
EVT-0016563,0,normal
EVT-0016564,0,normal
EVT-0016565,0,normal
EVT-0016566,0,normal
EVT-0016567,0,normal
EVT-0016568,0,normal
EVT-0016569,0,normal
EVT-0016570,0,normal
EVT-0016571,0,normal
EVT-0016572,0,normal
EVT-0016573,0,normal
EVT-0016574,0,normal
EVT-0016575,0,normal
EVT-0016576,0,normal
EVT-0016577,0,normal
EVT-0016578,0,normal
EVT-0016579,0,normal
EVT-0016580,0,normal
EVT-0016581,0,normal
EVT-0016582,0,normal
EVT-0016583,0,normal
EVT-0016584,0,normal
EVT-0016585,0,normal
EVT-0016586,0,normal
EVT-0016587,0,normal
EVT-0016588,0,normal
EVT-0016589,0,normal
EVT-0016590,0,normal
EVT-0016591,0,normal
EVT-0016592,0,normal
EVT-0016593,0,normal
EVT-0016594,0,normal
EVT-0016595,0,normal
EVT-0016596,0,normal
EVT-0016597,0,normal
EVT-0016598,0,normal
EVT-0016599,0,normal
EVT-0016600,0,normal
EVT-0016601,0,normal
EVT-0016602,0,normal
EVT-0016603,0,normal
EVT-0016604,0,normal
EVT-0016605,0,normal
EVT-0016606,0,normal
EVT-0016607,0,normal
EVT-0016608,0,normal
EVT-0016609,0,normal
EVT-0016610,0,normal
EVT-0016611,0,normal
EVT-0016612,0,normal
EVT-0016613,0,normal
EVT-0016614,1,impossible_travel
EVT-0016615,0,normal
EVT-0016616,0,normal
EVT-0016617,0,normal
EVT-0016618,0,normal
EVT-0016619,0,normal
EVT-0016620,0,normal
EVT-0016621,0,normal
EVT-0016622,0,normal
EVT-0016623,0,normal
EVT-0016624,0,normal
EVT-0016625,0,normal
EVT-0016626,0,normal
EVT-0016627,0,normal
EVT-0016628,0,normal
EVT-0016629,0,normal
EVT-0016630,0,normal
EVT-0016631,0,normal
EVT-0016632,0,normal
EVT-0016633,0,normal
EVT-0016634,0,normal
EVT-0016635,0,normal
EVT-0016636,0,normal
EVT-0016637,0,normal
EVT-0016638,0,normal
EVT-0016639,0,normal
EVT-0016640,0,normal
EVT-0016641,0,normal
EVT-0016642,0,normal
EVT-0016643,0,normal
EVT-0016644,0,normal
EVT-0016645,0,normal
EVT-0016646,0,normal
EVT-0016647,0,normal
EVT-0016648,0,normal
EVT-0016649,0,normal
EVT-0016650,0,normal
EVT-0016651,0,normal
EVT-0016652,0,normal
EVT-0016653,0,normal
EVT-0016654,0,normal
EVT-0016655,0,normal
EVT-0016656,0,normal
EVT-0016657,0,normal
EVT-0016658,0,normal
EVT-0016659,0,normal
EVT-0016660,0,normal
EVT-0016661,0,normal
EVT-0016662,0,normal
EVT-0016663,0,normal
EVT-0016664,0,normal
EVT-0016665,0,normal
EVT-0016666,0,normal
EVT-0016667,0,normal
EVT-0016668,0,normal
EVT-0016669,0,normal
EVT-0016670,0,normal
EVT-0016671,0,normal
EVT-0016672,0,normal
EVT-0016673,0,normal
EVT-0016674,0,normal
EVT-0016675,0,normal
EVT-0016676,0,normal
EVT-0016677,0,normal
EVT-0016678,0,normal
EVT-0016679,0,normal
EVT-0016680,0,normal
EVT-0016681,0,normal
EVT-0016682,0,normal
EVT-0016683,0,normal
EVT-0016684,0,normal
EVT-0016685,0,normal
EVT-0016686,0,normal
EVT-0016687,0,normal
EVT-0016688,0,normal
EVT-0016689,0,normal
EVT-0016690,0,normal
EVT-0016691,0,normal
EVT-0016692,0,normal
EVT-0016693,0,normal
EVT-0016694,0,normal
EVT-0016695,0,normal
EVT-0016696,0,normal
EVT-0016697,0,normal
EVT-0016698,0,normal
EVT-0016699,0,normal
EVT-0016700,0,normal
EVT-0016701,0,normal
EVT-0016702,0,normal
EVT-0016703,0,normal
EVT-0016704,0,normal
EVT-0016705,0,normal
EVT-0016706,0,normal
EVT-0016707,0,normal
EVT-0016708,0,normal
EVT-0016709,0,normal
EVT-0016710,0,normal
EVT-0016711,0,normal
EVT-0016712,0,normal
EVT-0016713,0,normal
EVT-0016714,0,normal
EVT-0016715,0,normal
EVT-0016716,0,normal
EVT-0016717,0,normal
EVT-0016718,0,normal
EVT-0016719,0,normal
EVT-0016720,0,normal
EVT-0016721,0,normal
EVT-0016722,0,normal
EVT-0016723,0,normal
EVT-0016724,0,normal
EVT-0016725,0,normal
EVT-0016726,0,normal
EVT-0016727,0,normal
EVT-0016728,0,normal
EVT-0016729,0,normal
EVT-0016730,0,normal
EVT-0016731,0,normal
EVT-0016732,0,normal
EVT-0016733,0,normal
EVT-0016734,0,normal
EVT-0016735,0,normal
EVT-0016736,0,normal
EVT-0016737,0,normal
EVT-0016738,0,normal
EVT-0016739,0,normal
EVT-0016740,0,normal
EVT-0016741,0,normal
EVT-0016742,0,normal
EVT-0016743,0,normal
EVT-0016744,0,normal
EVT-0016745,0,normal
EVT-0016746,0,normal
EVT-0016747,0,normal
EVT-0016748,0,normal
EVT-0016749,0,normal
EVT-0016750,0,normal
EVT-0016751,1,low_slow_exfiltration
EVT-0016752,0,normal
EVT-0016753,0,normal
EVT-0016754,0,normal
EVT-0016755,0,normal
EVT-0016756,0,normal
EVT-0016757,0,normal
EVT-0016758,0,normal
EVT-0016759,0,normal
EVT-0016760,0,normal
EVT-0016761,0,normal
EVT-0016762,0,normal
EVT-0016763,1,device_spoofing
EVT-0016764,0,normal
EVT-0016765,0,normal
EVT-0016766,0,normal
EVT-0016767,0,normal
EVT-0016768,0,normal
EVT-0016769,1,device_spoofing
EVT-0016770,0,normal
EVT-0016771,0,normal
EVT-0016772,0,normal
EVT-0016773,0,normal
EVT-0016774,0,normal
EVT-0016775,0,normal
EVT-0016776,0,normal
EVT-0016777,0,normal
EVT-0016778,0,normal
EVT-0016779,0,normal
EVT-0016780,0,normal
EVT-0016781,0,normal
EVT-0016782,0,normal
EVT-0016783,0,normal
EVT-0016784,0,normal
EVT-0016785,0,normal
EVT-0016786,0,normal
EVT-0016787,0,normal
EVT-0016788,0,normal
EVT-0016789,0,normal
EVT-0016790,0,normal
EVT-0016791,0,normal
EVT-0016792,0,normal
EVT-0016793,0,normal
EVT-0016794,0,normal
EVT-0016795,0,normal
EVT-0016796,0,normal
EVT-0016797,0,normal
EVT-0016798,0,normal
EVT-0016799,0,normal
EVT-0016800,0,normal
EVT-0016801,0,normal
EVT-0016802,0,normal
EVT-0016803,0,normal
EVT-0016804,0,normal
EVT-0016805,0,normal
EVT-0016806,0,normal
EVT-0016807,0,normal
EVT-0016808,0,normal
EVT-0016809,0,normal
EVT-0016810,0,normal
EVT-0016811,0,normal
EVT-0016812,0,normal
EVT-0016813,0,normal
EVT-0016814,0,normal
EVT-0016815,0,normal
EVT-0016816,0,normal
EVT-0016817,0,normal
EVT-0016818,0,normal
EVT-0016819,0,normal
EVT-0016820,0,normal
EVT-0016821,0,normal
EVT-0016822,0,normal
EVT-0016823,0,normal
EVT-0016824,0,normal
EVT-0016825,0,normal
EVT-0016826,0,normal
EVT-0016827,0,normal
EVT-0016828,0,normal
EVT-0016829,0,normal
EVT-0016830,0,normal
EVT-0016831,0,normal
EVT-0016832,0,normal
EVT-0016833,0,normal
EVT-0016834,0,normal
EVT-0016835,0,normal
EVT-0016836,0,normal
EVT-0016837,0,normal
EVT-0016838,0,normal
EVT-0016839,0,normal
EVT-0016840,0,normal
EVT-0016841,0,normal
EVT-0016842,0,normal
EVT-0016843,0,normal
EVT-0016844,0,normal
EVT-0016845,0,normal
EVT-0016846,0,normal
EVT-0016847,0,normal
EVT-0016848,0,normal
EVT-0016849,0,normal
EVT-0016850,0,normal
EVT-0016851,0,normal
EVT-0016852,0,normal
EVT-0016853,0,normal
EVT-0016854,0,normal
EVT-0016855,0,normal
EVT-0016856,0,normal
EVT-0016857,0,normal
EVT-0016858,0,normal
EVT-0016859,0,normal
EVT-0016860,0,normal
EVT-0016861,0,normal
EVT-0016862,0,normal
EVT-0016863,0,normal
EVT-0016864,0,normal
EVT-0016865,0,normal
EVT-0016866,0,normal
EVT-0016867,0,normal
EVT-0016868,0,normal
EVT-0016869,0,normal
EVT-0016870,0,normal
EVT-0016871,0,normal
EVT-0016872,0,normal
EVT-0016873,0,normal
EVT-0016874,0,normal
EVT-0016875,0,normal
EVT-0016876,0,normal
EVT-0016877,0,normal
EVT-0016878,0,normal
EVT-0016879,0,normal
EVT-0016880,0,normal
EVT-0016881,0,normal
EVT-0016882,0,normal
EVT-0016883,0,normal
EVT-0016884,0,normal
EVT-0016885,0,normal
EVT-0016886,0,normal
EVT-0016887,0,normal
EVT-0016888,0,normal
EVT-0016889,0,normal
EVT-0016890,0,normal
EVT-0016891,0,normal
EVT-0016892,0,normal
EVT-0016893,0,normal
EVT-0016894,0,normal
EVT-0016895,0,normal
EVT-0016896,0,normal
EVT-0016897,0,normal
EVT-0016898,0,normal
EVT-0016899,0,normal
EVT-0016900,0,normal
EVT-0016901,0,normal
EVT-0016902,0,normal
EVT-0016903,0,normal
EVT-0016904,0,normal
EVT-0016905,0,normal
EVT-0016906,0,normal
EVT-0016907,0,normal
EVT-0016908,0,normal
EVT-0016909,0,normal
EVT-0016910,0,normal
EVT-0016911,0,normal
EVT-0016912,0,normal
EVT-0016913,0,normal
EVT-0016914,0,normal
EVT-0016915,0,normal
EVT-0016916,0,normal
EVT-0016917,0,normal
EVT-0016918,0,normal
EVT-0016919,0,normal
EVT-0016920,0,normal
EVT-0016921,0,normal
EVT-0016922,0,normal
EVT-0016923,0,normal
EVT-0016924,0,normal
EVT-0016925,0,normal
EVT-0016926,0,normal
EVT-0016927,0,normal
EVT-0016928,0,normal
EVT-0016929,0,normal
EVT-0016930,0,normal
EVT-0016931,0,normal
EVT-0016932,0,normal
EVT-0016933,0,normal
EVT-0016934,0,normal
EVT-0016935,0,normal
EVT-0016936,0,normal
EVT-0016937,0,normal
EVT-0016938,0,normal
EVT-0016939,0,normal
EVT-0016940,0,normal
EVT-0016941,0,normal
EVT-0016942,0,normal
EVT-0016943,0,normal
EVT-0016944,0,normal
EVT-0016945,0,normal
EVT-0016946,0,normal
EVT-0016947,0,normal
EVT-0016948,0,normal
EVT-0016949,0,normal
EVT-0016950,0,normal
EVT-0016951,0,normal
EVT-0016952,0,normal
EVT-0016953,0,normal
EVT-0016954,0,normal
EVT-0016955,1,low_slow_exfiltration
EVT-0016956,0,normal
EVT-0016957,0,normal
EVT-0016958,0,normal
EVT-0016959,0,normal
EVT-0016960,0,normal
EVT-0016961,0,normal
EVT-0016962,0,normal
EVT-0016963,0,normal
EVT-0016964,0,normal
EVT-0016965,0,normal
EVT-0016966,0,normal
EVT-0016967,0,normal
EVT-0016968,0,normal
EVT-0016969,0,normal
EVT-0016970,0,normal
EVT-0016971,0,normal
EVT-0016972,0,normal
EVT-0016973,0,normal
EVT-0016974,0,normal
EVT-0016975,0,normal
EVT-0016976,0,normal
EVT-0016977,0,normal
EVT-0016978,0,normal
EVT-0016979,0,normal
EVT-0016980,0,normal
EVT-0016981,0,normal
EVT-0016982,0,normal
EVT-0016983,0,normal
EVT-0016984,0,normal
EVT-0016985,0,normal
EVT-0016986,0,normal
EVT-0016987,0,normal
EVT-0016988,0,normal
EVT-0016989,0,normal
EVT-0016990,0,normal
EVT-0016991,0,normal
EVT-0016992,0,normal
EVT-0016993,0,normal
EVT-0016994,0,normal
EVT-0016995,0,normal
EVT-0016996,0,normal
EVT-0016997,0,normal
EVT-0016998,0,normal
EVT-0016999,0,normal
EVT-0017000,0,normal
EVT-0017001,0,normal
EVT-0017002,0,normal
EVT-0017003,0,normal
EVT-0017004,0,normal
EVT-0017005,0,normal
EVT-0017006,0,normal
EVT-0017007,0,normal
EVT-0017008,1,insider_drift
EVT-0017009,0,normal
EVT-0017010,0,normal
EVT-0017011,0,normal
EVT-0017012,0,normal
EVT-0017013,0,normal
EVT-0017014,0,normal
EVT-0017015,0,normal
EVT-0017016,0,normal
EVT-0017017,0,normal
EVT-0017018,0,normal
EVT-0017019,0,normal
EVT-0017020,0,normal
EVT-0017021,0,normal
EVT-0017022,0,normal
EVT-0017023,0,normal
EVT-0017024,0,normal
EVT-0017025,0,normal
EVT-0017026,0,normal
EVT-0017027,0,normal
EVT-0017028,0,normal
EVT-0017029,0,normal
EVT-0017030,0,normal
EVT-0017031,0,normal
EVT-0017032,0,normal
EVT-0017033,0,normal
EVT-0017034,0,normal
EVT-0017035,0,normal
EVT-0017036,1,brute_force
EVT-0017037,1,brute_force
EVT-0017038,1,brute_force
EVT-0017039,1,brute_force
EVT-0017040,1,brute_force
EVT-0017041,1,brute_force
EVT-0017042,1,brute_force
EVT-0017043,0,normal
EVT-0017044,0,normal
EVT-0017045,1,brute_force
EVT-0017046,1,brute_force
EVT-0017047,0,normal
EVT-0017048,0,normal
EVT-0017049,0,normal
EVT-0017050,0,normal
EVT-0017051,0,normal
EVT-0017052,0,normal
EVT-0017053,0,normal
EVT-0017054,0,normal
EVT-0017055,0,normal
EVT-0017056,0,normal
EVT-0017057,0,normal
EVT-0017058,0,normal
EVT-0017059,0,normal
EVT-0017060,0,normal
EVT-0017061,0,normal
EVT-0017062,0,normal
EVT-0017063,0,normal
EVT-0017064,0,normal
EVT-0017065,0,normal
EVT-0017066,0,normal
EVT-0017067,0,normal
EVT-0017068,0,normal
EVT-0017069,0,normal
EVT-0017070,0,normal
EVT-0017071,0,normal
EVT-0017072,0,normal
EVT-0017073,0,normal
EVT-0017074,0,normal
EVT-0017075,0,normal
EVT-0017076,0,normal
EVT-0017077,0,normal
EVT-0017078,0,normal
EVT-0017079,0,normal
EVT-0017080,0,normal
EVT-0017081,0,normal
EVT-0017082,0,normal
EVT-0017083,0,normal
EVT-0017084,0,normal
EVT-0017085,0,normal
EVT-0017086,0,normal
EVT-0017087,0,normal
EVT-0017088,0,normal
EVT-0017089,0,normal
EVT-0017090,0,normal
EVT-0017091,0,normal
EVT-0017092,0,normal
EVT-0017093,0,normal
EVT-0017094,0,normal
EVT-0017095,0,normal
EVT-0017096,0,normal
EVT-0017097,0,normal
EVT-0017098,0,normal
EVT-0017099,0,normal
EVT-0017100,0,normal
EVT-0017101,0,normal
EVT-0017102,0,normal
EVT-0017103,0,normal
EVT-0017104,0,normal
EVT-0017105,0,normal
EVT-0017106,0,normal
EVT-0017107,0,normal
EVT-0017108,0,normal
EVT-0017109,0,normal
EVT-0017110,0,normal
EVT-0017111,0,normal
EVT-0017112,0,normal
EVT-0017113,0,normal
EVT-0017114,0,normal
EVT-0017115,0,normal
EVT-0017116,0,normal
EVT-0017117,0,normal
EVT-0017118,0,normal
EVT-0017119,0,normal
EVT-0017120,0,normal
EVT-0017121,0,normal
EVT-0017122,0,normal
EVT-0017123,0,normal
EVT-0017124,0,normal
EVT-0017125,1,impossible_travel
EVT-0017126,0,normal
EVT-0017127,0,normal
EVT-0017128,0,normal
EVT-0017129,0,normal
EVT-0017130,0,normal
EVT-0017131,0,normal
EVT-0017132,0,normal
EVT-0017133,0,normal
EVT-0017134,0,normal
EVT-0017135,0,normal
EVT-0017136,0,normal
EVT-0017137,0,normal
EVT-0017138,0,normal
EVT-0017139,0,normal
EVT-0017140,0,normal
EVT-0017141,0,normal
EVT-0017142,0,normal
EVT-0017143,0,normal
EVT-0017144,0,normal
EVT-0017145,0,normal
EVT-0017146,0,normal
EVT-0017147,0,normal
EVT-0017148,0,normal
EVT-0017149,0,normal
EVT-0017150,0,normal
EVT-0017151,0,normal
EVT-0017152,0,normal
EVT-0017153,0,normal
EVT-0017154,0,normal
EVT-0017155,0,normal
EVT-0017156,0,normal
EVT-0017157,0,normal
EVT-0017158,0,normal
EVT-0017159,0,normal
EVT-0017160,0,normal
EVT-0017161,0,normal
EVT-0017162,0,normal
EVT-0017163,0,normal
EVT-0017164,0,normal
EVT-0017165,0,normal
EVT-0017166,0,normal
EVT-0017167,0,normal
EVT-0017168,0,normal
EVT-0017169,0,normal
EVT-0017170,0,normal
EVT-0017171,0,normal
EVT-0017172,0,normal
EVT-0017173,0,normal
EVT-0017174,0,normal
EVT-0017175,0,normal
EVT-0017176,0,normal
EVT-0017177,0,normal
EVT-0017178,0,normal
EVT-0017179,0,normal
EVT-0017180,0,normal
EVT-0017181,0,normal
EVT-0017182,0,normal
EVT-0017183,0,normal
EVT-0017184,0,normal
EVT-0017185,0,normal
EVT-0017186,0,normal
EVT-0017187,0,normal
EVT-0017188,0,normal
EVT-0017189,0,normal
EVT-0017190,0,normal
EVT-0017191,0,normal
EVT-0017192,0,normal
EVT-0017193,0,normal
EVT-0017194,0,normal
EVT-0017195,0,normal
EVT-0017196,0,normal
EVT-0017197,0,normal
EVT-0017198,0,normal
EVT-0017199,0,normal
EVT-0017200,0,normal
EVT-0017201,0,normal
EVT-0017202,0,normal
EVT-0017203,0,normal
EVT-0017204,0,normal
EVT-0017205,0,normal
EVT-0017206,0,normal
EVT-0017207,0,normal
EVT-0017208,0,normal
EVT-0017209,0,normal
EVT-0017210,0,normal
EVT-0017211,0,normal
EVT-0017212,0,normal
EVT-0017213,0,normal
EVT-0017214,0,normal
EVT-0017215,0,normal
EVT-0017216,0,normal
EVT-0017217,0,normal
EVT-0017218,0,normal
EVT-0017219,0,normal
EVT-0017220,0,normal
EVT-0017221,0,normal
EVT-0017222,0,normal
EVT-0017223,0,normal
EVT-0017224,0,normal
EVT-0017225,0,normal
EVT-0017226,0,normal
EVT-0017227,0,normal
EVT-0017228,0,normal
EVT-0017229,0,normal
EVT-0017230,0,normal
EVT-0017231,0,normal
EVT-0017232,0,normal
EVT-0017233,0,normal
EVT-0017234,0,normal
EVT-0017235,0,normal
EVT-0017236,0,normal
EVT-0017237,0,normal
EVT-0017238,0,normal
EVT-0017239,0,normal
EVT-0017240,0,normal
EVT-0017241,0,normal
EVT-0017242,0,normal
EVT-0017243,0,normal
EVT-0017244,0,normal
EVT-0017245,0,normal
EVT-0017246,0,normal
EVT-0017247,0,normal
EVT-0017248,0,normal
EVT-0017249,0,normal
EVT-0017250,0,normal
EVT-0017251,0,normal
EVT-0017252,0,normal
EVT-0017253,0,normal
EVT-0017254,0,normal
EVT-0017255,0,normal
EVT-0017256,0,normal
EVT-0017257,0,normal
EVT-0017258,0,normal
EVT-0017259,0,normal
EVT-0017260,0,normal
EVT-0017261,0,normal
EVT-0017262,0,normal
EVT-0017263,0,normal
EVT-0017264,0,normal
EVT-0017265,0,normal
EVT-0017266,0,normal
EVT-0017267,0,normal
EVT-0017268,0,normal
EVT-0017269,0,normal
EVT-0017270,0,normal
EVT-0017271,0,normal
EVT-0017272,0,normal
EVT-0017273,0,normal
EVT-0017274,0,normal
EVT-0017275,0,normal
EVT-0017276,0,normal
EVT-0017277,0,normal
EVT-0017278,0,normal
EVT-0017279,0,normal
EVT-0017280,0,normal
EVT-0017281,0,normal
EVT-0017282,0,normal
EVT-0017283,0,normal
EVT-0017284,0,normal
EVT-0017285,0,normal
EVT-0017286,0,normal
EVT-0017287,0,normal
EVT-0017288,0,normal
EVT-0017289,0,normal
EVT-0017290,0,normal
EVT-0017291,0,normal
EVT-0017292,0,normal
EVT-0017293,0,normal
EVT-0017294,0,normal
EVT-0017295,0,normal
EVT-0017296,0,normal
EVT-0017297,1,device_spoofing
EVT-0017298,0,normal
EVT-0017299,0,normal
EVT-0017300,0,normal
EVT-0017301,0,normal
EVT-0017302,0,normal
EVT-0017303,0,normal
EVT-0017304,0,normal
EVT-0017305,0,normal
EVT-0017306,0,normal
EVT-0017307,0,normal
EVT-0017308,0,normal
EVT-0017309,0,normal
EVT-0017310,0,normal
EVT-0017311,0,normal
EVT-0017312,0,normal
EVT-0017313,0,normal
EVT-0017314,0,normal
EVT-0017315,0,normal
EVT-0017316,0,normal
EVT-0017317,0,normal
EVT-0017318,0,normal
EVT-0017319,0,normal
EVT-0017320,0,normal
EVT-0017321,0,normal
EVT-0017322,0,normal
EVT-0017323,0,normal
EVT-0017324,0,normal
EVT-0017325,0,normal
EVT-0017326,0,normal
EVT-0017327,0,normal
EVT-0017328,0,normal
EVT-0017329,0,normal
EVT-0017330,0,normal
EVT-0017331,0,normal
EVT-0017332,0,normal
EVT-0017333,0,normal
EVT-0017334,0,normal
EVT-0017335,0,normal
EVT-0017336,0,normal
EVT-0017337,0,normal
EVT-0017338,0,normal
EVT-0017339,0,normal
EVT-0017340,0,normal
EVT-0017341,0,normal
EVT-0017342,0,normal
EVT-0017343,0,normal
EVT-0017344,0,normal
EVT-0017345,0,normal
EVT-0017346,0,normal
EVT-0017347,0,normal
EVT-0017348,0,normal
EVT-0017349,0,normal
EVT-0017350,0,normal
EVT-0017351,0,normal
EVT-0017352,0,normal
EVT-0017353,0,normal
EVT-0017354,0,normal
EVT-0017355,0,normal
EVT-0017356,0,normal
EVT-0017357,0,normal
EVT-0017358,0,normal
EVT-0017359,0,normal
EVT-0017360,0,normal
EVT-0017361,0,normal
EVT-0017362,0,normal
EVT-0017363,0,normal
EVT-0017364,0,normal
EVT-0017365,0,normal
EVT-0017366,0,normal
EVT-0017367,0,normal
EVT-0017368,0,normal
EVT-0017369,0,normal
EVT-0017370,0,normal
EVT-0017371,0,normal
EVT-0017372,0,normal
EVT-0017373,0,normal
EVT-0017374,0,normal
EVT-0017375,0,normal
EVT-0017376,0,normal
EVT-0017377,0,normal
EVT-0017378,0,normal
EVT-0017379,0,normal
EVT-0017380,0,normal
EVT-0017381,0,normal
EVT-0017382,0,normal
EVT-0017383,0,normal
EVT-0017384,0,normal
EVT-0017385,0,normal
EVT-0017386,0,normal
EVT-0017387,0,normal
EVT-0017388,0,normal
EVT-0017389,0,normal
EVT-0017390,0,normal
EVT-0017391,0,normal
EVT-0017392,0,normal
EVT-0017393,0,normal
EVT-0017394,0,normal
EVT-0017395,0,normal
EVT-0017396,0,normal
EVT-0017397,0,normal
EVT-0017398,0,normal
EVT-0017399,0,normal
EVT-0017400,0,normal
EVT-0017401,0,normal
EVT-0017402,0,normal
EVT-0017403,0,normal
EVT-0017404,0,normal
EVT-0017405,0,normal
EVT-0017406,0,normal
EVT-0017407,0,normal
EVT-0017408,0,normal
EVT-0017409,0,normal
EVT-0017410,0,normal
EVT-0017411,0,normal
EVT-0017412,0,normal
EVT-0017413,0,normal
EVT-0017414,0,normal
EVT-0017415,0,normal
EVT-0017416,0,normal
EVT-0017417,0,normal
EVT-0017418,0,normal
EVT-0017419,0,normal
EVT-0017420,0,normal
EVT-0017421,0,normal
EVT-0017422,0,normal
EVT-0017423,0,normal
EVT-0017424,0,normal
EVT-0017425,0,normal
EVT-0017426,0,normal
EVT-0017427,0,normal
EVT-0017428,0,normal
EVT-0017429,0,normal
EVT-0017430,0,normal
EVT-0017431,0,normal
EVT-0017432,0,normal
EVT-0017433,0,normal
EVT-0017434,0,normal
EVT-0017435,0,normal
EVT-0017436,0,normal
EVT-0017437,0,normal
EVT-0017438,0,normal
EVT-0017439,0,normal
EVT-0017440,0,normal
EVT-0017441,0,normal
EVT-0017442,0,normal
EVT-0017443,0,normal
EVT-0017444,0,normal
EVT-0017445,0,normal
EVT-0017446,0,normal
EVT-0017447,0,normal
EVT-0017448,0,normal
EVT-0017449,0,normal
EVT-0017450,0,normal
EVT-0017451,0,normal
EVT-0017452,0,normal
EVT-0017453,0,normal
EVT-0017454,0,normal
EVT-0017455,0,normal
EVT-0017456,0,normal
EVT-0017457,0,normal
EVT-0017458,0,normal
EVT-0017459,0,normal
EVT-0017460,1,low_slow_exfiltration
EVT-0017461,0,normal
EVT-0017462,0,normal
EVT-0017463,0,normal
EVT-0017464,0,normal
EVT-0017465,0,normal
EVT-0017466,0,normal
EVT-0017467,0,normal
EVT-0017468,0,normal
EVT-0017469,0,normal
EVT-0017470,0,normal
EVT-0017471,0,normal
EVT-0017472,0,normal
EVT-0017473,0,normal
EVT-0017474,0,normal
EVT-0017475,0,normal
EVT-0017476,0,normal
EVT-0017477,0,normal
EVT-0017478,0,normal
EVT-0017479,0,normal
EVT-0017480,0,normal
EVT-0017481,0,normal
EVT-0017482,0,normal
EVT-0017483,0,normal
EVT-0017484,0,normal
EVT-0017485,0,normal
EVT-0017486,0,normal
EVT-0017487,0,normal
EVT-0017488,0,normal
EVT-0017489,0,normal
EVT-0017490,0,normal
EVT-0017491,0,normal
EVT-0017492,0,normal
EVT-0017493,0,normal
EVT-0017494,0,normal
EVT-0017495,0,normal
EVT-0017496,0,normal
EVT-0017497,0,normal
EVT-0017498,0,normal
EVT-0017499,0,normal
EVT-0017500,0,normal
EVT-0017501,0,normal
EVT-0017502,0,normal
EVT-0017503,0,normal
EVT-0017504,0,normal
EVT-0017505,0,normal
EVT-0017506,0,normal
EVT-0017507,0,normal
EVT-0017508,0,normal
EVT-0017509,0,normal
EVT-0017510,0,normal
EVT-0017511,1,low_slow_exfiltration
EVT-0017512,0,normal
EVT-0017513,0,normal
EVT-0017514,0,normal
EVT-0017515,0,normal
EVT-0017516,0,normal
EVT-0017517,0,normal
EVT-0017518,0,normal
EVT-0017519,0,normal
EVT-0017520,0,normal
EVT-0017521,0,normal
EVT-0017522,0,normal
EVT-0017523,0,normal
EVT-0017524,0,normal
EVT-0017525,0,normal
EVT-0017526,0,normal
EVT-0017527,0,normal
EVT-0017528,0,normal
EVT-0017529,0,normal
EVT-0017530,0,normal
EVT-0017531,0,normal
EVT-0017532,0,normal
EVT-0017533,0,normal
EVT-0017534,0,normal
EVT-0017535,0,normal
EVT-0017536,0,normal
EVT-0017537,0,normal
EVT-0017538,0,normal
EVT-0017539,0,normal
EVT-0017540,0,normal
EVT-0017541,0,normal
EVT-0017542,0,normal
EVT-0017543,0,normal
EVT-0017544,0,normal
EVT-0017545,0,normal
EVT-0017546,0,normal
EVT-0017547,0,normal
EVT-0017548,0,normal
EVT-0017549,0,normal
EVT-0017550,0,normal
EVT-0017551,0,normal
EVT-0017552,0,normal
EVT-0017553,0,normal
EVT-0017554,0,normal
EVT-0017555,0,normal
EVT-0017556,0,normal
EVT-0017557,0,normal
EVT-0017558,0,normal
EVT-0017559,0,normal
EVT-0017560,0,normal
EVT-0017561,0,normal
EVT-0017562,0,normal
EVT-0017563,0,normal
EVT-0017564,0,normal
EVT-0017565,0,normal
EVT-0017566,0,normal
EVT-0017567,0,normal
EVT-0017568,0,normal
EVT-0017569,0,normal
EVT-0017570,0,normal
EVT-0017571,0,normal
EVT-0017572,0,normal
EVT-0017573,0,normal
EVT-0017574,0,normal
EVT-0017575,0,normal
EVT-0017576,0,normal
EVT-0017577,0,normal
EVT-0017578,0,normal
EVT-0017579,0,normal
EVT-0017580,0,normal
EVT-0017581,0,normal
EVT-0017582,0,normal
EVT-0017583,0,normal
EVT-0017584,0,normal
EVT-0017585,0,normal
EVT-0017586,0,normal
EVT-0017587,0,normal
EVT-0017588,0,normal
EVT-0017589,0,normal
EVT-0017590,0,normal
EVT-0017591,0,normal
EVT-0017592,0,normal
EVT-0017593,0,normal
EVT-0017594,0,normal
EVT-0017595,0,normal
EVT-0017596,1,impossible_travel
EVT-0017597,0,normal
EVT-0017598,0,normal
EVT-0017599,0,normal
EVT-0017600,0,normal
EVT-0017601,0,normal
EVT-0017602,0,normal
EVT-0017603,0,normal
EVT-0017604,0,normal
EVT-0017605,0,normal
EVT-0017606,0,normal
EVT-0017607,0,normal
EVT-0017608,0,normal
EVT-0017609,0,normal
EVT-0017610,0,normal
EVT-0017611,0,normal
EVT-0017612,0,normal
EVT-0017613,0,normal
EVT-0017614,0,normal
EVT-0017615,0,normal
EVT-0017616,0,normal
EVT-0017617,0,normal
EVT-0017618,0,normal
EVT-0017619,0,normal
EVT-0017620,0,normal
EVT-0017621,0,normal
EVT-0017622,0,normal
EVT-0017623,0,normal
EVT-0017624,0,normal
EVT-0017625,0,normal
EVT-0017626,0,normal
EVT-0017627,0,normal
EVT-0017628,0,normal
EVT-0017629,0,normal
EVT-0017630,0,normal
EVT-0017631,0,normal
EVT-0017632,0,normal
EVT-0017633,0,normal
EVT-0017634,0,normal
EVT-0017635,0,normal
EVT-0017636,0,normal
EVT-0017637,0,normal
EVT-0017638,0,normal
EVT-0017639,0,normal
EVT-0017640,0,normal
EVT-0017641,0,normal
EVT-0017642,0,normal
EVT-0017643,0,normal
EVT-0017644,0,normal
EVT-0017645,0,normal
EVT-0017646,0,normal
EVT-0017647,0,normal
EVT-0017648,0,normal
EVT-0017649,0,normal
EVT-0017650,0,normal
EVT-0017651,0,normal
EVT-0017652,0,normal
EVT-0017653,0,normal
EVT-0017654,0,normal
EVT-0017655,0,normal
EVT-0017656,0,normal
EVT-0017657,0,normal
EVT-0017658,0,normal
EVT-0017659,0,normal
EVT-0017660,0,normal
EVT-0017661,0,normal
EVT-0017662,0,normal
EVT-0017663,0,normal
EVT-0017664,0,normal
EVT-0017665,0,normal
EVT-0017666,0,normal
EVT-0017667,0,normal
EVT-0017668,0,normal
EVT-0017669,0,normal
EVT-0017670,0,normal
EVT-0017671,0,normal
EVT-0017672,0,normal
EVT-0017673,0,normal
EVT-0017674,0,normal
EVT-0017675,0,normal
EVT-0017676,0,normal
EVT-0017677,0,normal
EVT-0017678,0,normal
EVT-0017679,0,normal
EVT-0017680,0,normal
EVT-0017681,0,normal
EVT-0017682,0,normal
EVT-0017683,0,normal
EVT-0017684,0,normal
EVT-0017685,0,normal
EVT-0017686,0,normal
EVT-0017687,0,normal
EVT-0017688,0,normal
EVT-0017689,0,normal
EVT-0017690,0,normal
EVT-0017691,0,normal
EVT-0017692,0,normal
EVT-0017693,0,normal
EVT-0017694,0,normal
EVT-0017695,0,normal
EVT-0017696,0,normal
EVT-0017697,0,normal
EVT-0017698,0,normal
EVT-0017699,0,normal
EVT-0017700,0,normal
EVT-0017701,0,normal
EVT-0017702,0,normal
EVT-0017703,0,normal
EVT-0017704,0,normal
EVT-0017705,0,normal
EVT-0017706,0,normal
EVT-0017707,0,normal
EVT-0017708,0,normal
EVT-0017709,0,normal
EVT-0017710,0,normal
EVT-0017711,0,normal
EVT-0017712,0,normal
EVT-0017713,0,normal
EVT-0017714,0,normal
EVT-0017715,0,normal
EVT-0017716,0,normal
EVT-0017717,0,normal
EVT-0017718,0,normal
EVT-0017719,0,normal
EVT-0017720,0,normal
EVT-0017721,0,normal
EVT-0017722,0,normal
EVT-0017723,0,normal
EVT-0017724,0,normal
EVT-0017725,0,normal
EVT-0017726,0,normal
EVT-0017727,0,normal
EVT-0017728,0,normal
EVT-0017729,0,normal
EVT-0017730,0,normal
EVT-0017731,0,normal
EVT-0017732,0,normal
EVT-0017733,0,normal
EVT-0017734,0,normal
EVT-0017735,1,impossible_travel
EVT-0017736,0,normal
EVT-0017737,0,normal
EVT-0017738,0,normal
EVT-0017739,0,normal
EVT-0017740,0,normal
EVT-0017741,0,normal
EVT-0017742,0,normal
EVT-0017743,0,normal
EVT-0017744,0,normal
EVT-0017745,0,normal
EVT-0017746,0,normal
EVT-0017747,0,normal
EVT-0017748,0,normal
EVT-0017749,0,normal
EVT-0017750,0,normal
EVT-0017751,0,normal
EVT-0017752,0,normal
EVT-0017753,0,normal
EVT-0017754,0,normal
EVT-0017755,0,normal
EVT-0017756,0,normal
EVT-0017757,0,normal
EVT-0017758,0,normal
EVT-0017759,0,normal
EVT-0017760,0,normal
EVT-0017761,0,normal
EVT-0017762,0,normal
EVT-0017763,0,normal
EVT-0017764,0,normal
EVT-0017765,0,normal
EVT-0017766,0,normal
EVT-0017767,0,normal
EVT-0017768,0,normal
EVT-0017769,0,normal
EVT-0017770,0,normal
EVT-0017771,0,normal
EVT-0017772,0,normal
EVT-0017773,0,normal
EVT-0017774,0,normal
EVT-0017775,0,normal
EVT-0017776,0,normal
EVT-0017777,0,normal
EVT-0017778,0,normal
EVT-0017779,0,normal
EVT-0017780,0,normal
EVT-0017781,0,normal
EVT-0017782,0,normal
EVT-0017783,0,normal
EVT-0017784,0,normal
EVT-0017785,0,normal
EVT-0017786,0,normal
EVT-0017787,0,normal
EVT-0017788,0,normal
EVT-0017789,0,normal
EVT-0017790,0,normal
EVT-0017791,0,normal
EVT-0017792,0,normal
EVT-0017793,0,normal
EVT-0017794,0,normal
EVT-0017795,0,normal
EVT-0017796,0,normal
EVT-0017797,0,normal
EVT-0017798,0,normal
EVT-0017799,0,normal
EVT-0017800,0,normal
EVT-0017801,0,normal
EVT-0017802,0,normal
EVT-0017803,0,normal
EVT-0017804,0,normal
EVT-0017805,0,normal
EVT-0017806,0,normal
EVT-0017807,0,normal
EVT-0017808,0,normal
EVT-0017809,0,normal
EVT-0017810,0,normal
EVT-0017811,0,normal
EVT-0017812,0,normal
EVT-0017813,0,normal
EVT-0017814,0,normal
EVT-0017815,0,normal
EVT-0017816,0,normal
EVT-0017817,0,normal
EVT-0017818,0,normal
EVT-0017819,0,normal
EVT-0017820,0,normal
EVT-0017821,0,normal
EVT-0017822,0,normal
EVT-0017823,0,normal
EVT-0017824,0,normal
EVT-0017825,0,normal
EVT-0017826,0,normal
EVT-0017827,0,normal
EVT-0017828,0,normal
EVT-0017829,0,normal
EVT-0017830,0,normal
EVT-0017831,0,normal
EVT-0017832,0,normal
EVT-0017833,0,normal
EVT-0017834,0,normal
EVT-0017835,0,normal
EVT-0017836,0,normal
EVT-0017837,0,normal
EVT-0017838,0,normal
EVT-0017839,0,normal
EVT-0017840,0,normal
EVT-0017841,0,normal
EVT-0017842,0,normal
EVT-0017843,0,normal
EVT-0017844,0,normal
EVT-0017845,0,normal
EVT-0017846,0,normal
EVT-0017847,0,normal
EVT-0017848,0,normal
EVT-0017849,0,normal
EVT-0017850,0,normal
EVT-0017851,0,normal
EVT-0017852,0,normal
EVT-0017853,0,normal
EVT-0017854,0,normal
EVT-0017855,0,normal
EVT-0017856,0,normal
EVT-0017857,0,normal
EVT-0017858,0,normal
EVT-0017859,0,normal
EVT-0017860,1,impossible_travel
EVT-0017861,0,normal
EVT-0017862,0,normal
EVT-0017863,0,normal
EVT-0017864,0,normal
EVT-0017865,0,normal
EVT-0017866,0,normal
EVT-0017867,0,normal
EVT-0017868,0,normal
EVT-0017869,0,normal
EVT-0017870,0,normal
EVT-0017871,1,impossible_travel
EVT-0017872,0,normal
EVT-0017873,0,normal
EVT-0017874,0,normal
EVT-0017875,0,normal
EVT-0017876,0,normal
EVT-0017877,0,normal
EVT-0017878,0,normal
EVT-0017879,0,normal
EVT-0017880,0,normal
EVT-0017881,0,normal
EVT-0017882,0,normal
EVT-0017883,0,normal
EVT-0017884,0,normal
EVT-0017885,0,normal
EVT-0017886,0,normal
EVT-0017887,0,normal
EVT-0017888,0,normal
EVT-0017889,0,normal
EVT-0017890,0,normal
EVT-0017891,0,normal
EVT-0017892,0,normal
EVT-0017893,0,normal
EVT-0017894,0,normal
EVT-0017895,0,normal
EVT-0017896,0,normal
EVT-0017897,0,normal
EVT-0017898,0,normal
EVT-0017899,0,normal
EVT-0017900,0,normal
EVT-0017901,0,normal
EVT-0017902,0,normal
EVT-0017903,0,normal
EVT-0017904,0,normal
EVT-0017905,0,normal
EVT-0017906,0,normal
EVT-0017907,0,normal
EVT-0017908,0,normal
EVT-0017909,0,normal
EVT-0017910,0,normal
EVT-0017911,0,normal
EVT-0017912,0,normal
EVT-0017913,0,normal
EVT-0017914,0,normal
EVT-0017915,0,normal
EVT-0017916,0,normal
EVT-0017917,0,normal
EVT-0017918,0,normal
EVT-0017919,0,normal
EVT-0017920,0,normal
EVT-0017921,0,normal
EVT-0017922,0,normal
EVT-0017923,0,normal
EVT-0017924,0,normal
EVT-0017925,0,normal
EVT-0017926,0,normal
EVT-0017927,0,normal
EVT-0017928,0,normal
EVT-0017929,0,normal
EVT-0017930,0,normal
EVT-0017931,0,normal
EVT-0017932,0,normal
EVT-0017933,0,normal
EVT-0017934,0,normal
EVT-0017935,0,normal
EVT-0017936,0,normal
EVT-0017937,0,normal
EVT-0017938,0,normal
EVT-0017939,0,normal
EVT-0017940,0,normal
EVT-0017941,0,normal
EVT-0017942,0,normal
EVT-0017943,0,normal
EVT-0017944,0,normal
EVT-0017945,0,normal
EVT-0017946,0,normal
EVT-0017947,0,normal
EVT-0017948,0,normal
EVT-0017949,0,normal
EVT-0017950,0,normal
EVT-0017951,0,normal
EVT-0017952,0,normal
EVT-0017953,0,normal
EVT-0017954,0,normal
EVT-0017955,0,normal
EVT-0017956,0,normal
EVT-0017957,0,normal
EVT-0017958,0,normal
EVT-0017959,1,lateral_movement
EVT-0017960,0,normal
EVT-0017961,1,lateral_movement
EVT-0017962,0,normal
EVT-0017963,1,lateral_movement
EVT-0017964,0,normal
EVT-0017965,0,normal
EVT-0017966,1,lateral_movement
EVT-0017967,0,normal
EVT-0017968,0,normal
EVT-0017969,0,normal
EVT-0017970,0,normal
EVT-0017971,0,normal
EVT-0017972,0,normal
EVT-0017973,0,normal
EVT-0017974,0,normal
EVT-0017975,0,normal
EVT-0017976,0,normal
EVT-0017977,0,normal
EVT-0017978,0,normal
EVT-0017979,0,normal
EVT-0017980,0,normal
EVT-0017981,0,normal
EVT-0017982,0,normal
EVT-0017983,0,normal
EVT-0017984,0,normal
EVT-0017985,0,normal
EVT-0017986,0,normal
EVT-0017987,0,normal
EVT-0017988,0,normal
EVT-0017989,0,normal
EVT-0017990,0,normal
EVT-0017991,0,normal
EVT-0017992,0,normal
EVT-0017993,0,normal
EVT-0017994,0,normal
EVT-0017995,0,normal
EVT-0017996,0,normal
EVT-0017997,0,normal
EVT-0017998,0,normal
EVT-0017999,0,normal
EVT-0018000,0,normal
EVT-0018001,0,normal
EVT-0018002,0,normal
EVT-0018003,0,normal
EVT-0018004,0,normal
EVT-0018005,0,normal
EVT-0018006,0,normal
EVT-0018007,0,normal
EVT-0018008,0,normal
EVT-0018009,0,normal
EVT-0018010,0,normal
EVT-0018011,0,normal
EVT-0018012,0,normal
EVT-0018013,0,normal
EVT-0018014,0,normal
EVT-0018015,0,normal
EVT-0018016,0,normal
EVT-0018017,0,normal
EVT-0018018,0,normal
EVT-0018019,0,normal
EVT-0018020,0,normal
EVT-0018021,0,normal
EVT-0018022,0,normal
EVT-0018023,0,normal
EVT-0018024,0,normal
EVT-0018025,0,normal
EVT-0018026,0,normal
EVT-0018027,0,normal
EVT-0018028,0,normal
EVT-0018029,0,normal
EVT-0018030,0,normal
EVT-0018031,0,normal
EVT-0018032,0,normal
EVT-0018033,0,normal
EVT-0018034,0,normal
EVT-0018035,0,normal
EVT-0018036,0,normal
EVT-0018037,0,normal
EVT-0018038,0,normal
EVT-0018039,0,normal
EVT-0018040,0,normal
EVT-0018041,0,normal
EVT-0018042,1,low_slow_exfiltration
EVT-0018043,0,normal
EVT-0018044,0,normal
EVT-0018045,0,normal
EVT-0018046,0,normal
EVT-0018047,0,normal
EVT-0018048,0,normal
EVT-0018049,0,normal
EVT-0018050,0,normal
EVT-0018051,0,normal
EVT-0018052,0,normal
EVT-0018053,0,normal
EVT-0018054,0,normal
EVT-0018055,0,normal
EVT-0018056,0,normal
EVT-0018057,0,normal
EVT-0018058,0,normal
EVT-0018059,0,normal
EVT-0018060,0,normal
EVT-0018061,0,normal
EVT-0018062,0,normal
EVT-0018063,0,normal
EVT-0018064,0,normal
EVT-0018065,0,normal
EVT-0018066,0,normal
EVT-0018067,0,normal
EVT-0018068,0,normal
EVT-0018069,0,normal
EVT-0018070,0,normal
EVT-0018071,0,normal
EVT-0018072,0,normal
EVT-0018073,0,normal
EVT-0018074,0,normal
EVT-0018075,0,normal
EVT-0018076,0,normal
EVT-0018077,0,normal
EVT-0018078,0,normal
EVT-0018079,0,normal
EVT-0018080,0,normal
EVT-0018081,0,normal
EVT-0018082,0,normal
EVT-0018083,0,normal
EVT-0018084,0,normal
EVT-0018085,0,normal
EVT-0018086,0,normal
EVT-0018087,0,normal
EVT-0018088,0,normal
EVT-0018089,0,normal
EVT-0018090,0,normal
EVT-0018091,0,normal
EVT-0018092,0,normal
EVT-0018093,0,normal
EVT-0018094,0,normal
EVT-0018095,0,normal
EVT-0018096,0,normal
EVT-0018097,0,normal
EVT-0018098,0,normal
EVT-0018099,0,normal
EVT-0018100,0,normal
EVT-0018101,0,normal
EVT-0018102,0,normal
EVT-0018103,0,normal
EVT-0018104,0,normal
EVT-0018105,0,normal
EVT-0018106,0,normal
EVT-0018107,0,normal
EVT-0018108,0,normal
EVT-0018109,0,normal
EVT-0018110,0,normal
EVT-0018111,0,normal
EVT-0018112,1,insider_drift
EVT-0018113,1,impossible_travel
EVT-0018114,0,normal
EVT-0018115,0,normal
EVT-0018116,0,normal
EVT-0018117,0,normal
EVT-0018118,0,normal
EVT-0018119,0,normal
EVT-0018120,0,normal
EVT-0018121,0,normal
EVT-0018122,0,normal
EVT-0018123,0,normal
EVT-0018124,0,normal
EVT-0018125,0,normal
EVT-0018126,0,normal
EVT-0018127,0,normal
EVT-0018128,0,normal
EVT-0018129,1,lateral_movement
EVT-0018130,1,lateral_movement
EVT-0018131,1,lateral_movement
EVT-0018132,1,lateral_movement
EVT-0018133,1,lateral_movement
EVT-0018134,0,normal
EVT-0018135,0,normal
EVT-0018136,0,normal
EVT-0018137,0,normal
EVT-0018138,0,normal
EVT-0018139,0,normal
EVT-0018140,0,normal
EVT-0018141,0,normal
EVT-0018142,0,normal
EVT-0018143,0,normal
EVT-0018144,0,normal
EVT-0018145,0,normal
EVT-0018146,0,normal
EVT-0018147,0,normal
EVT-0018148,0,normal
EVT-0018149,0,normal
EVT-0018150,0,normal
EVT-0018151,0,normal
EVT-0018152,0,normal
EVT-0018153,0,normal
EVT-0018154,0,normal
EVT-0018155,0,normal
EVT-0018156,0,normal
EVT-0018157,0,normal
EVT-0018158,0,normal
EVT-0018159,0,normal
EVT-0018160,0,normal
EVT-0018161,0,normal
EVT-0018162,0,normal
EVT-0018163,0,normal
EVT-0018164,0,normal
EVT-0018165,0,normal
EVT-0018166,0,normal
EVT-0018167,0,normal
EVT-0018168,0,normal
EVT-0018169,0,normal
EVT-0018170,0,normal
EVT-0018171,0,normal
EVT-0018172,0,normal
EVT-0018173,0,normal
EVT-0018174,0,normal
EVT-0018175,0,normal
EVT-0018176,0,normal
EVT-0018177,0,normal
EVT-0018178,0,normal
EVT-0018179,0,normal
EVT-0018180,0,normal
EVT-0018181,0,normal
EVT-0018182,0,normal
EVT-0018183,0,normal
EVT-0018184,0,normal
EVT-0018185,0,normal
EVT-0018186,0,normal
EVT-0018187,0,normal
EVT-0018188,0,normal
EVT-0018189,0,normal
EVT-0018190,0,normal
EVT-0018191,0,normal
EVT-0018192,0,normal
EVT-0018193,0,normal
EVT-0018194,0,normal
EVT-0018195,0,normal
EVT-0018196,0,normal
EVT-0018197,0,normal
EVT-0018198,0,normal
EVT-0018199,0,normal
EVT-0018200,0,normal
EVT-0018201,0,normal
EVT-0018202,0,normal
EVT-0018203,0,normal
EVT-0018204,0,normal
EVT-0018205,0,normal
EVT-0018206,0,normal
EVT-0018207,0,normal
EVT-0018208,0,normal
EVT-0018209,0,normal
EVT-0018210,0,normal
EVT-0018211,0,normal
EVT-0018212,0,normal
EVT-0018213,0,normal
EVT-0018214,0,normal
EVT-0018215,0,normal
EVT-0018216,0,normal
EVT-0018217,0,normal
EVT-0018218,0,normal
EVT-0018219,0,normal
EVT-0018220,0,normal
EVT-0018221,0,normal
EVT-0018222,1,impossible_travel
EVT-0018223,0,normal
EVT-0018224,0,normal
EVT-0018225,0,normal
EVT-0018226,0,normal
EVT-0018227,0,normal
EVT-0018228,0,normal
EVT-0018229,0,normal
EVT-0018230,0,normal
EVT-0018231,0,normal
EVT-0018232,0,normal
EVT-0018233,0,normal
EVT-0018234,0,normal
EVT-0018235,0,normal
EVT-0018236,0,normal
EVT-0018237,0,normal
EVT-0018238,0,normal
EVT-0018239,0,normal
EVT-0018240,0,normal
EVT-0018241,0,normal
EVT-0018242,0,normal
EVT-0018243,0,normal
EVT-0018244,0,normal
EVT-0018245,0,normal
EVT-0018246,0,normal
EVT-0018247,0,normal
EVT-0018248,0,normal
EVT-0018249,0,normal
EVT-0018250,0,normal
EVT-0018251,0,normal
EVT-0018252,0,normal
EVT-0018253,0,normal
EVT-0018254,0,normal
EVT-0018255,0,normal
EVT-0018256,0,normal
EVT-0018257,0,normal
EVT-0018258,0,normal
EVT-0018259,0,normal
EVT-0018260,0,normal
EVT-0018261,0,normal
EVT-0018262,0,normal
EVT-0018263,0,normal
EVT-0018264,0,normal
EVT-0018265,0,normal
EVT-0018266,0,normal
EVT-0018267,0,normal
EVT-0018268,0,normal
EVT-0018269,0,normal
EVT-0018270,0,normal
EVT-0018271,0,normal
EVT-0018272,0,normal
EVT-0018273,0,normal
EVT-0018274,0,normal
EVT-0018275,0,normal
EVT-0018276,0,normal
EVT-0018277,0,normal
EVT-0018278,0,normal
EVT-0018279,0,normal
EVT-0018280,0,normal
EVT-0018281,0,normal
EVT-0018282,0,normal
EVT-0018283,0,normal
EVT-0018284,0,normal
EVT-0018285,0,normal
EVT-0018286,0,normal
EVT-0018287,0,normal
EVT-0018288,0,normal
EVT-0018289,1,low_slow_exfiltration
EVT-0018290,0,normal
EVT-0018291,0,normal
EVT-0018292,0,normal
EVT-0018293,0,normal
EVT-0018294,0,normal
EVT-0018295,0,normal
EVT-0018296,0,normal
EVT-0018297,0,normal
EVT-0018298,0,normal
EVT-0018299,0,normal
EVT-0018300,0,normal
EVT-0018301,0,normal
EVT-0018302,0,normal
EVT-0018303,0,normal
EVT-0018304,0,normal
EVT-0018305,1,impossible_travel
EVT-0018306,0,normal
EVT-0018307,0,normal
EVT-0018308,0,normal
EVT-0018309,0,normal
EVT-0018310,0,normal
EVT-0018311,0,normal
EVT-0018312,0,normal
EVT-0018313,0,normal
EVT-0018314,0,normal
EVT-0018315,0,normal
EVT-0018316,0,normal
EVT-0018317,0,normal
EVT-0018318,0,normal
EVT-0018319,0,normal
EVT-0018320,0,normal
EVT-0018321,0,normal
EVT-0018322,0,normal
EVT-0018323,1,insider_drift
EVT-0018324,0,normal
EVT-0018325,0,normal
EVT-0018326,0,normal
EVT-0018327,0,normal
EVT-0018328,0,normal
EVT-0018329,1,insider_drift
EVT-0018330,0,normal
EVT-0018331,0,normal
EVT-0018332,0,normal
EVT-0018333,0,normal
EVT-0018334,0,normal
EVT-0018335,0,normal
EVT-0018336,0,normal
EVT-0018337,0,normal
EVT-0018338,0,normal
EVT-0018339,0,normal
EVT-0018340,0,normal
EVT-0018341,1,impossible_travel
EVT-0018342,0,normal
EVT-0018343,0,normal
EVT-0018344,0,normal
EVT-0018345,0,normal
EVT-0018346,0,normal
EVT-0018347,0,normal
EVT-0018348,0,normal
EVT-0018349,0,normal
EVT-0018350,0,normal
EVT-0018351,0,normal
EVT-0018352,0,normal
EVT-0018353,0,normal
EVT-0018354,1,device_spoofing
EVT-0018355,0,normal
EVT-0018356,0,normal
EVT-0018357,0,normal
EVT-0018358,0,normal
EVT-0018359,0,normal
EVT-0018360,0,normal
EVT-0018361,0,normal
EVT-0018362,0,normal
EVT-0018363,0,normal
EVT-0018364,0,normal
EVT-0018365,0,normal
EVT-0018366,0,normal
EVT-0018367,0,normal
EVT-0018368,0,normal
EVT-0018369,0,normal
EVT-0018370,0,normal
EVT-0018371,0,normal
EVT-0018372,0,normal
EVT-0018373,0,normal
EVT-0018374,0,normal
EVT-0018375,0,normal
EVT-0018376,0,normal
EVT-0018377,0,normal
EVT-0018378,0,normal
EVT-0018379,0,normal
EVT-0018380,0,normal
EVT-0018381,0,normal
EVT-0018382,0,normal
EVT-0018383,0,normal
EVT-0018384,0,normal
EVT-0018385,0,normal
EVT-0018386,0,normal
EVT-0018387,0,normal
EVT-0018388,0,normal
EVT-0018389,0,normal
EVT-0018390,0,normal
EVT-0018391,0,normal
EVT-0018392,0,normal
EVT-0018393,0,normal
EVT-0018394,0,normal
EVT-0018395,0,normal
EVT-0018396,0,normal
EVT-0018397,0,normal
EVT-0018398,0,normal
EVT-0018399,0,normal
EVT-0018400,0,normal
EVT-0018401,0,normal
EVT-0018402,0,normal
EVT-0018403,0,normal
EVT-0018404,0,normal
EVT-0018405,0,normal
EVT-0018406,0,normal
EVT-0018407,0,normal
EVT-0018408,0,normal
EVT-0018409,0,normal
EVT-0018410,0,normal
EVT-0018411,0,normal
EVT-0018412,0,normal
EVT-0018413,0,normal
EVT-0018414,0,normal
EVT-0018415,0,normal
EVT-0018416,0,normal
EVT-0018417,0,normal
EVT-0018418,0,normal
EVT-0018419,0,normal
EVT-0018420,0,normal
EVT-0018421,0,normal
EVT-0018422,0,normal
EVT-0018423,0,normal
EVT-0018424,0,normal
EVT-0018425,0,normal
EVT-0018426,0,normal
EVT-0018427,0,normal
EVT-0018428,0,normal
EVT-0018429,0,normal
EVT-0018430,0,normal
EVT-0018431,0,normal
EVT-0018432,0,normal
EVT-0018433,0,normal
EVT-0018434,0,normal
EVT-0018435,0,normal
EVT-0018436,0,normal
EVT-0018437,0,normal
EVT-0018438,0,normal
EVT-0018439,0,normal
EVT-0018440,0,normal
EVT-0018441,0,normal
EVT-0018442,0,normal
EVT-0018443,0,normal
EVT-0018444,0,normal
EVT-0018445,0,normal
EVT-0018446,0,normal
EVT-0018447,0,normal
EVT-0018448,0,normal
EVT-0018449,0,normal
EVT-0018450,0,normal
EVT-0018451,0,normal
EVT-0018452,0,normal
EVT-0018453,0,normal
EVT-0018454,0,normal
EVT-0018455,0,normal
EVT-0018456,0,normal
EVT-0018457,0,normal
EVT-0018458,0,normal
EVT-0018459,0,normal
EVT-0018460,0,normal
EVT-0018461,0,normal
EVT-0018462,0,normal
EVT-0018463,0,normal
EVT-0018464,0,normal
EVT-0018465,0,normal
EVT-0018466,0,normal
EVT-0018467,0,normal
EVT-0018468,0,normal
EVT-0018469,0,normal
EVT-0018470,0,normal
EVT-0018471,0,normal
EVT-0018472,0,normal
EVT-0018473,0,normal
EVT-0018474,0,normal
EVT-0018475,0,normal
EVT-0018476,0,normal
EVT-0018477,0,normal
EVT-0018478,0,normal
EVT-0018479,0,normal
EVT-0018480,0,normal
EVT-0018481,0,normal
EVT-0018482,0,normal
EVT-0018483,0,normal
EVT-0018484,0,normal
EVT-0018485,0,normal
EVT-0018486,0,normal
EVT-0018487,0,normal
EVT-0018488,0,normal
EVT-0018489,0,normal
EVT-0018490,0,normal
EVT-0018491,0,normal
EVT-0018492,0,normal
EVT-0018493,0,normal
EVT-0018494,0,normal
EVT-0018495,0,normal
EVT-0018496,0,normal
EVT-0018497,0,normal
EVT-0018498,0,normal
EVT-0018499,0,normal
EVT-0018500,0,normal
EVT-0018501,0,normal
EVT-0018502,0,normal
EVT-0018503,0,normal
EVT-0018504,0,normal
EVT-0018505,0,normal
EVT-0018506,0,normal
EVT-0018507,0,normal
EVT-0018508,0,normal
EVT-0018509,0,normal
EVT-0018510,0,normal
EVT-0018511,0,normal
EVT-0018512,0,normal
EVT-0018513,0,normal
EVT-0018514,0,normal
EVT-0018515,0,normal
EVT-0018516,0,normal
EVT-0018517,0,normal
EVT-0018518,0,normal
EVT-0018519,0,normal
EVT-0018520,0,normal
EVT-0018521,0,normal
EVT-0018522,0,normal
EVT-0018523,0,normal
EVT-0018524,0,normal
EVT-0018525,0,normal
EVT-0018526,0,normal
EVT-0018527,0,normal
EVT-0018528,0,normal
EVT-0018529,0,normal
EVT-0018530,0,normal
EVT-0018531,0,normal
EVT-0018532,0,normal
EVT-0018533,0,normal
EVT-0018534,0,normal
EVT-0018535,0,normal
EVT-0018536,0,normal
EVT-0018537,0,normal
EVT-0018538,0,normal
EVT-0018539,0,normal
EVT-0018540,0,normal
EVT-0018541,0,normal
EVT-0018542,0,normal
EVT-0018543,0,normal
EVT-0018544,0,normal
EVT-0018545,0,normal
EVT-0018546,0,normal
EVT-0018547,0,normal
EVT-0018548,0,normal
EVT-0018549,0,normal
EVT-0018550,0,normal
EVT-0018551,0,normal
EVT-0018552,0,normal
EVT-0018553,0,normal
EVT-0018554,0,normal
EVT-0018555,0,normal
EVT-0018556,0,normal
EVT-0018557,0,normal
EVT-0018558,0,normal
EVT-0018559,0,normal
EVT-0018560,0,normal
EVT-0018561,0,normal
EVT-0018562,0,normal
EVT-0018563,0,normal
EVT-0018564,0,normal
EVT-0018565,0,normal
EVT-0018566,0,normal
EVT-0018567,0,normal
EVT-0018568,0,normal
EVT-0018569,0,normal
EVT-0018570,0,normal
EVT-0018571,0,normal
EVT-0018572,0,normal
EVT-0018573,0,normal
EVT-0018574,0,normal
EVT-0018575,0,normal
EVT-0018576,0,normal
EVT-0018577,0,normal
EVT-0018578,0,normal
EVT-0018579,0,normal
EVT-0018580,0,normal
EVT-0018581,0,normal
EVT-0018582,0,normal
EVT-0018583,0,normal
EVT-0018584,0,normal
EVT-0018585,0,normal
EVT-0018586,0,normal
EVT-0018587,0,normal
EVT-0018588,0,normal
EVT-0018589,0,normal
EVT-0018590,0,normal
EVT-0018591,0,normal
EVT-0018592,0,normal
EVT-0018593,0,normal
EVT-0018594,0,normal
EVT-0018595,0,normal
EVT-0018596,0,normal
EVT-0018597,0,normal
EVT-0018598,0,normal
EVT-0018599,0,normal
EVT-0018600,0,normal
EVT-0018601,0,normal
EVT-0018602,0,normal
EVT-0018603,0,normal
EVT-0018604,0,normal
EVT-0018605,0,normal
EVT-0018606,0,normal
EVT-0018607,0,normal
EVT-0018608,0,normal
EVT-0018609,0,normal
EVT-0018610,0,normal
EVT-0018611,0,normal
EVT-0018612,0,normal
EVT-0018613,0,normal
EVT-0018614,0,normal
EVT-0018615,0,normal
EVT-0018616,0,normal
EVT-0018617,0,normal
EVT-0018618,0,normal
EVT-0018619,0,normal
EVT-0018620,0,normal
EVT-0018621,0,normal
EVT-0018622,0,normal
EVT-0018623,0,normal
EVT-0018624,0,normal
EVT-0018625,0,normal
EVT-0018626,0,normal
EVT-0018627,0,normal
EVT-0018628,0,normal
EVT-0018629,0,normal
EVT-0018630,0,normal
EVT-0018631,0,normal
EVT-0018632,0,normal
EVT-0018633,0,normal
EVT-0018634,0,normal
EVT-0018635,0,normal
EVT-0018636,0,normal
EVT-0018637,0,normal
EVT-0018638,0,normal
EVT-0018639,0,normal
EVT-0018640,0,normal
EVT-0018641,0,normal
EVT-0018642,0,normal
EVT-0018643,0,normal
EVT-0018644,0,normal
EVT-0018645,0,normal
EVT-0018646,0,normal
EVT-0018647,0,normal
EVT-0018648,0,normal
EVT-0018649,0,normal
EVT-0018650,0,normal
EVT-0018651,0,normal
EVT-0018652,0,normal
EVT-0018653,0,normal
EVT-0018654,0,normal
EVT-0018655,0,normal
EVT-0018656,0,normal
EVT-0018657,0,normal
EVT-0018658,0,normal
EVT-0018659,0,normal
EVT-0018660,0,normal
EVT-0018661,0,normal
EVT-0018662,0,normal
EVT-0018663,0,normal
EVT-0018664,0,normal
EVT-0018665,0,normal
EVT-0018666,0,normal
EVT-0018667,0,normal
EVT-0018668,0,normal
EVT-0018669,0,normal
EVT-0018670,0,normal
EVT-0018671,0,normal
EVT-0018672,0,normal
EVT-0018673,0,normal
EVT-0018674,0,normal
EVT-0018675,0,normal
EVT-0018676,0,normal
EVT-0018677,0,normal
EVT-0018678,0,normal
EVT-0018679,0,normal
EVT-0018680,0,normal
EVT-0018681,0,normal
EVT-0018682,0,normal
EVT-0018683,0,normal
EVT-0018684,0,normal
EVT-0018685,0,normal
EVT-0018686,0,normal
EVT-0018687,0,normal
EVT-0018688,0,normal
EVT-0018689,0,normal
EVT-0018690,0,normal
EVT-0018691,0,normal
EVT-0018692,0,normal
EVT-0018693,0,normal
EVT-0018694,0,normal
EVT-0018695,0,normal
EVT-0018696,0,normal
EVT-0018697,0,normal
EVT-0018698,0,normal
EVT-0018699,0,normal
EVT-0018700,0,normal
EVT-0018701,0,normal
EVT-0018702,0,normal
EVT-0018703,0,normal
EVT-0018704,0,normal
EVT-0018705,0,normal
EVT-0018706,0,normal
EVT-0018707,0,normal
EVT-0018708,0,normal
EVT-0018709,0,normal
EVT-0018710,0,normal
EVT-0018711,0,normal
EVT-0018712,0,normal
EVT-0018713,0,normal
EVT-0018714,0,normal
EVT-0018715,0,normal
EVT-0018716,0,normal
EVT-0018717,0,normal
EVT-0018718,0,normal
EVT-0018719,0,normal
EVT-0018720,0,normal
EVT-0018721,0,normal
EVT-0018722,0,normal
EVT-0018723,0,normal
EVT-0018724,0,normal
EVT-0018725,0,normal
EVT-0018726,0,normal
EVT-0018727,0,normal
EVT-0018728,0,normal
EVT-0018729,0,normal
EVT-0018730,0,normal
EVT-0018731,0,normal
EVT-0018732,0,normal
EVT-0018733,1,device_spoofing
EVT-0018734,0,normal
EVT-0018735,0,normal
EVT-0018736,0,normal
EVT-0018737,0,normal
EVT-0018738,0,normal
EVT-0018739,0,normal
EVT-0018740,0,normal
EVT-0018741,0,normal
EVT-0018742,0,normal
EVT-0018743,0,normal
EVT-0018744,0,normal
EVT-0018745,0,normal
EVT-0018746,0,normal
EVT-0018747,0,normal
EVT-0018748,0,normal
EVT-0018749,0,normal
EVT-0018750,0,normal
EVT-0018751,0,normal
EVT-0018752,0,normal
EVT-0018753,0,normal
EVT-0018754,0,normal
EVT-0018755,0,normal
EVT-0018756,0,normal
EVT-0018757,0,normal
EVT-0018758,0,normal
EVT-0018759,0,normal
EVT-0018760,0,normal
EVT-0018761,0,normal
EVT-0018762,0,normal
EVT-0018763,0,normal
EVT-0018764,0,normal
EVT-0018765,0,normal
EVT-0018766,0,normal
EVT-0018767,0,normal
EVT-0018768,0,normal
EVT-0018769,0,normal
EVT-0018770,0,normal
EVT-0018771,0,normal
EVT-0018772,0,normal
EVT-0018773,0,normal
EVT-0018774,0,normal
EVT-0018775,0,normal
EVT-0018776,0,normal
EVT-0018777,0,normal
EVT-0018778,0,normal
EVT-0018779,0,normal
EVT-0018780,0,normal
EVT-0018781,0,normal
EVT-0018782,0,normal
EVT-0018783,0,normal
EVT-0018784,0,normal
EVT-0018785,0,normal
EVT-0018786,0,normal
EVT-0018787,0,normal
EVT-0018788,0,normal
EVT-0018789,0,normal
EVT-0018790,0,normal
EVT-0018791,0,normal
EVT-0018792,0,normal
EVT-0018793,0,normal
EVT-0018794,0,normal
EVT-0018795,0,normal
EVT-0018796,0,normal
EVT-0018797,0,normal
EVT-0018798,0,normal
EVT-0018799,0,normal
EVT-0018800,0,normal
EVT-0018801,0,normal
EVT-0018802,0,normal
EVT-0018803,0,normal
EVT-0018804,0,normal
EVT-0018805,0,normal
EVT-0018806,0,normal
EVT-0018807,0,normal
EVT-0018808,0,normal
EVT-0018809,0,normal
EVT-0018810,0,normal
EVT-0018811,0,normal
EVT-0018812,0,normal
EVT-0018813,0,normal
EVT-0018814,0,normal
EVT-0018815,0,normal
EVT-0018816,0,normal
EVT-0018817,0,normal
EVT-0018818,0,normal
EVT-0018819,0,normal
EVT-0018820,0,normal
EVT-0018821,0,normal
EVT-0018822,0,normal
EVT-0018823,0,normal
EVT-0018824,0,normal
EVT-0018825,0,normal
EVT-0018826,0,normal
EVT-0018827,0,normal
EVT-0018828,0,normal
EVT-0018829,0,normal
EVT-0018830,0,normal
EVT-0018831,0,normal
EVT-0018832,0,normal
EVT-0018833,0,normal
EVT-0018834,0,normal
EVT-0018835,0,normal
EVT-0018836,0,normal
EVT-0018837,0,normal
EVT-0018838,0,normal
EVT-0018839,0,normal
EVT-0018840,0,normal
EVT-0018841,0,normal
EVT-0018842,0,normal
EVT-0018843,0,normal
EVT-0018844,0,normal
EVT-0018845,0,normal
EVT-0018846,0,normal
EVT-0018847,0,normal
EVT-0018848,0,normal
EVT-0018849,0,normal
EVT-0018850,0,normal
EVT-0018851,0,normal
EVT-0018852,0,normal
EVT-0018853,0,normal
EVT-0018854,0,normal
EVT-0018855,0,normal
EVT-0018856,0,normal
EVT-0018857,0,normal
EVT-0018858,0,normal
EVT-0018859,0,normal
EVT-0018860,1,insider_drift
EVT-0018861,0,normal
EVT-0018862,0,normal
EVT-0018863,0,normal
EVT-0018864,0,normal
EVT-0018865,0,normal
EVT-0018866,0,normal
EVT-0018867,0,normal
EVT-0018868,0,normal
EVT-0018869,0,normal
EVT-0018870,0,normal
EVT-0018871,0,normal
EVT-0018872,0,normal
EVT-0018873,0,normal
EVT-0018874,0,normal
EVT-0018875,0,normal
EVT-0018876,0,normal
EVT-0018877,0,normal
EVT-0018878,0,normal
EVT-0018879,0,normal
EVT-0018880,0,normal
EVT-0018881,0,normal
EVT-0018882,0,normal
EVT-0018883,0,normal
EVT-0018884,0,normal
EVT-0018885,0,normal
EVT-0018886,0,normal
EVT-0018887,0,normal
EVT-0018888,0,normal
EVT-0018889,0,normal
EVT-0018890,0,normal
EVT-0018891,0,normal
EVT-0018892,0,normal
EVT-0018893,0,normal
EVT-0018894,0,normal
EVT-0018895,0,normal
EVT-0018896,0,normal
EVT-0018897,0,normal
EVT-0018898,0,normal
EVT-0018899,0,normal
EVT-0018900,0,normal
EVT-0018901,0,normal
EVT-0018902,0,normal
EVT-0018903,0,normal
EVT-0018904,0,normal
EVT-0018905,0,normal
EVT-0018906,0,normal
EVT-0018907,0,normal
EVT-0018908,0,normal
EVT-0018909,0,normal
EVT-0018910,0,normal
EVT-0018911,0,normal
EVT-0018912,0,normal
EVT-0018913,0,normal
EVT-0018914,0,normal
EVT-0018915,0,normal
EVT-0018916,0,normal
EVT-0018917,0,normal
EVT-0018918,0,normal
EVT-0018919,0,normal
EVT-0018920,0,normal
EVT-0018921,0,normal
EVT-0018922,0,normal
EVT-0018923,0,normal
EVT-0018924,0,normal
EVT-0018925,0,normal
EVT-0018926,0,normal
EVT-0018927,0,normal
EVT-0018928,0,normal
EVT-0018929,0,normal
EVT-0018930,0,normal
EVT-0018931,0,normal
EVT-0018932,0,normal
EVT-0018933,0,normal
EVT-0018934,0,normal
EVT-0018935,0,normal
EVT-0018936,0,normal
EVT-0018937,0,normal
EVT-0018938,0,normal
EVT-0018939,0,normal
EVT-0018940,0,normal
EVT-0018941,0,normal
EVT-0018942,0,normal
EVT-0018943,0,normal
EVT-0018944,0,normal
EVT-0018945,0,normal
EVT-0018946,0,normal
EVT-0018947,0,normal
EVT-0018948,0,normal
EVT-0018949,0,normal
EVT-0018950,0,normal
EVT-0018951,0,normal
EVT-0018952,0,normal
EVT-0018953,0,normal
EVT-0018954,0,normal
EVT-0018955,0,normal
EVT-0018956,0,normal
EVT-0018957,0,normal
EVT-0018958,0,normal
EVT-0018959,0,normal
EVT-0018960,0,normal
EVT-0018961,0,normal
EVT-0018962,0,normal
EVT-0018963,0,normal
EVT-0018964,0,normal
EVT-0018965,0,normal
EVT-0018966,0,normal
EVT-0018967,1,insider_drift
EVT-0018968,0,normal
EVT-0018969,0,normal
EVT-0018970,0,normal
EVT-0018971,0,normal
EVT-0018972,0,normal
EVT-0018973,0,normal
EVT-0018974,0,normal
EVT-0018975,0,normal
EVT-0018976,0,normal
EVT-0018977,0,normal
EVT-0018978,0,normal
EVT-0018979,0,normal
EVT-0018980,0,normal
EVT-0018981,0,normal
EVT-0018982,0,normal
EVT-0018983,0,normal
EVT-0018984,0,normal
EVT-0018985,0,normal
EVT-0018986,0,normal
EVT-0018987,0,normal
EVT-0018988,0,normal
EVT-0018989,1,low_slow_exfiltration
EVT-0018990,0,normal
EVT-0018991,0,normal
EVT-0018992,0,normal
EVT-0018993,0,normal
EVT-0018994,0,normal
EVT-0018995,0,normal
EVT-0018996,0,normal
EVT-0018997,0,normal
EVT-0018998,0,normal
EVT-0018999,0,normal
EVT-0019000,0,normal
EVT-0019001,0,normal
EVT-0019002,0,normal
EVT-0019003,0,normal
EVT-0019004,0,normal
EVT-0019005,0,normal
EVT-0019006,0,normal
EVT-0019007,0,normal
EVT-0019008,0,normal
EVT-0019009,0,normal
EVT-0019010,0,normal
EVT-0019011,0,normal
EVT-0019012,0,normal
EVT-0019013,0,normal
EVT-0019014,0,normal
EVT-0019015,0,normal
EVT-0019016,0,normal
EVT-0019017,0,normal
EVT-0019018,0,normal
EVT-0019019,0,normal
EVT-0019020,0,normal
EVT-0019021,0,normal
EVT-0019022,0,normal
EVT-0019023,0,normal
EVT-0019024,0,normal
EVT-0019025,0,normal
EVT-0019026,0,normal
EVT-0019027,0,normal
EVT-0019028,0,normal
EVT-0019029,0,normal
EVT-0019030,0,normal
EVT-0019031,0,normal
EVT-0019032,0,normal
EVT-0019033,0,normal
EVT-0019034,0,normal
EVT-0019035,0,normal
EVT-0019036,0,normal
EVT-0019037,0,normal
EVT-0019038,0,normal
EVT-0019039,0,normal
EVT-0019040,0,normal
EVT-0019041,0,normal
EVT-0019042,0,normal
EVT-0019043,0,normal
EVT-0019044,0,normal
EVT-0019045,0,normal
EVT-0019046,0,normal
EVT-0019047,0,normal
EVT-0019048,0,normal
EVT-0019049,0,normal
EVT-0019050,0,normal
EVT-0019051,0,normal
EVT-0019052,0,normal
EVT-0019053,0,normal
EVT-0019054,0,normal
EVT-0019055,0,normal
EVT-0019056,0,normal
EVT-0019057,0,normal
EVT-0019058,0,normal
EVT-0019059,0,normal
EVT-0019060,0,normal
EVT-0019061,0,normal
EVT-0019062,0,normal
EVT-0019063,0,normal
EVT-0019064,0,normal
EVT-0019065,0,normal
EVT-0019066,0,normal
EVT-0019067,0,normal
EVT-0019068,0,normal
EVT-0019069,0,normal
EVT-0019070,0,normal
EVT-0019071,0,normal
EVT-0019072,0,normal
EVT-0019073,0,normal
EVT-0019074,0,normal
EVT-0019075,0,normal
EVT-0019076,0,normal
EVT-0019077,0,normal
EVT-0019078,0,normal
EVT-0019079,0,normal
EVT-0019080,0,normal
EVT-0019081,0,normal
EVT-0019082,0,normal
EVT-0019083,0,normal
EVT-0019084,0,normal
EVT-0019085,0,normal
EVT-0019086,0,normal
EVT-0019087,0,normal
EVT-0019088,0,normal
EVT-0019089,0,normal
EVT-0019090,0,normal
EVT-0019091,0,normal
EVT-0019092,0,normal
EVT-0019093,0,normal
EVT-0019094,0,normal
EVT-0019095,0,normal
EVT-0019096,0,normal
EVT-0019097,0,normal
EVT-0019098,0,normal
EVT-0019099,0,normal
EVT-0019100,0,normal
EVT-0019101,0,normal
EVT-0019102,0,normal
EVT-0019103,0,normal
EVT-0019104,0,normal
EVT-0019105,0,normal
EVT-0019106,0,normal
EVT-0019107,0,normal
EVT-0019108,0,normal
EVT-0019109,0,normal
EVT-0019110,0,normal
EVT-0019111,0,normal
EVT-0019112,0,normal
EVT-0019113,0,normal
EVT-0019114,0,normal
EVT-0019115,0,normal
EVT-0019116,0,normal
EVT-0019117,0,normal
EVT-0019118,0,normal
EVT-0019119,0,normal
EVT-0019120,1,impossible_travel
EVT-0019121,0,normal
EVT-0019122,0,normal
EVT-0019123,0,normal
EVT-0019124,0,normal
EVT-0019125,0,normal
EVT-0019126,0,normal
EVT-0019127,0,normal
EVT-0019128,1,low_slow_exfiltration
EVT-0019129,0,normal
EVT-0019130,0,normal
EVT-0019131,0,normal
EVT-0019132,0,normal
EVT-0019133,0,normal
EVT-0019134,0,normal
EVT-0019135,0,normal
EVT-0019136,0,normal
EVT-0019137,0,normal
EVT-0019138,0,normal
EVT-0019139,0,normal
EVT-0019140,0,normal
EVT-0019141,0,normal
EVT-0019142,0,normal
EVT-0019143,0,normal
EVT-0019144,0,normal
EVT-0019145,0,normal
EVT-0019146,0,normal
EVT-0019147,0,normal
EVT-0019148,0,normal
EVT-0019149,0,normal
EVT-0019150,1,credential_stuffing
EVT-0019151,1,credential_stuffing
EVT-0019152,1,credential_stuffing
EVT-0019153,1,credential_stuffing
EVT-0019154,1,credential_stuffing
EVT-0019155,1,credential_stuffing
EVT-0019156,1,credential_stuffing
EVT-0019157,1,credential_stuffing
EVT-0019158,1,credential_stuffing
EVT-0019159,1,credential_stuffing
EVT-0019160,1,credential_stuffing
EVT-0019161,1,credential_stuffing
EVT-0019162,1,credential_stuffing
EVT-0019163,1,credential_stuffing
EVT-0019164,1,credential_stuffing
EVT-0019165,1,credential_stuffing
EVT-0019166,1,credential_stuffing
EVT-0019167,1,credential_stuffing
EVT-0019168,1,brute_force
EVT-0019169,1,brute_force
EVT-0019170,1,brute_force
EVT-0019171,1,brute_force
EVT-0019172,1,brute_force
EVT-0019173,1,brute_force
EVT-0019174,1,brute_force
EVT-0019175,1,brute_force
EVT-0019176,1,brute_force
EVT-0019177,1,brute_force
EVT-0019178,0,normal
EVT-0019179,0,normal
EVT-0019180,0,normal
EVT-0019181,0,normal
EVT-0019182,0,normal
EVT-0019183,0,normal
EVT-0019184,0,normal
EVT-0019185,0,normal
EVT-0019186,0,normal
EVT-0019187,0,normal
EVT-0019188,0,normal
EVT-0019189,0,normal
EVT-0019190,0,normal
EVT-0019191,0,normal
EVT-0019192,0,normal
EVT-0019193,0,normal
EVT-0019194,0,normal
EVT-0019195,0,normal
EVT-0019196,0,normal
EVT-0019197,0,normal
EVT-0019198,0,normal
EVT-0019199,0,normal
EVT-0019200,0,normal
EVT-0019201,0,normal
EVT-0019202,0,normal
EVT-0019203,0,normal
EVT-0019204,0,normal
EVT-0019205,0,normal
EVT-0019206,0,normal
EVT-0019207,0,normal
EVT-0019208,0,normal
EVT-0019209,0,normal
EVT-0019210,0,normal
EVT-0019211,0,normal
EVT-0019212,0,normal
EVT-0019213,0,normal
EVT-0019214,0,normal
EVT-0019215,0,normal
EVT-0019216,0,normal
EVT-0019217,0,normal
EVT-0019218,0,normal
EVT-0019219,0,normal
EVT-0019220,0,normal
EVT-0019221,0,normal
EVT-0019222,0,normal
EVT-0019223,0,normal
EVT-0019224,0,normal
EVT-0019225,0,normal
EVT-0019226,0,normal
EVT-0019227,0,normal
EVT-0019228,0,normal
EVT-0019229,0,normal
EVT-0019230,0,normal
EVT-0019231,0,normal
EVT-0019232,0,normal
EVT-0019233,0,normal
EVT-0019234,0,normal
EVT-0019235,0,normal
EVT-0019236,0,normal
EVT-0019237,0,normal
EVT-0019238,0,normal
EVT-0019239,0,normal
EVT-0019240,0,normal
EVT-0019241,0,normal
EVT-0019242,0,normal
EVT-0019243,0,normal
EVT-0019244,0,normal
EVT-0019245,0,normal
EVT-0019246,0,normal
EVT-0019247,0,normal
EVT-0019248,0,normal
EVT-0019249,0,normal
EVT-0019250,0,normal
EVT-0019251,0,normal
EVT-0019252,0,normal
EVT-0019253,0,normal
EVT-0019254,0,normal
EVT-0019255,0,normal
EVT-0019256,0,normal
EVT-0019257,0,normal
EVT-0019258,0,normal
EVT-0019259,0,normal
EVT-0019260,0,normal
EVT-0019261,0,normal
EVT-0019262,0,normal
EVT-0019263,0,normal
EVT-0019264,0,normal
EVT-0019265,0,normal
EVT-0019266,0,normal
EVT-0019267,0,normal
EVT-0019268,0,normal
EVT-0019269,0,normal
EVT-0019270,0,normal
EVT-0019271,0,normal
EVT-0019272,0,normal
EVT-0019273,0,normal
EVT-0019274,0,normal
EVT-0019275,0,normal
EVT-0019276,0,normal
EVT-0019277,0,normal
EVT-0019278,0,normal
EVT-0019279,0,normal
EVT-0019280,0,normal
EVT-0019281,0,normal
EVT-0019282,0,normal
EVT-0019283,0,normal
EVT-0019284,0,normal
EVT-0019285,0,normal
EVT-0019286,0,normal
EVT-0019287,0,normal
EVT-0019288,0,normal
EVT-0019289,0,normal
EVT-0019290,0,normal
EVT-0019291,0,normal
EVT-0019292,0,normal
EVT-0019293,0,normal
EVT-0019294,0,normal
EVT-0019295,0,normal
EVT-0019296,0,normal
EVT-0019297,0,normal
EVT-0019298,0,normal
EVT-0019299,0,normal
EVT-0019300,0,normal
EVT-0019301,0,normal
EVT-0019302,0,normal
EVT-0019303,0,normal
EVT-0019304,0,normal
EVT-0019305,0,normal
EVT-0019306,0,normal
EVT-0019307,0,normal
EVT-0019308,0,normal
EVT-0019309,0,normal
EVT-0019310,0,normal
EVT-0019311,0,normal
EVT-0019312,0,normal
EVT-0019313,0,normal
EVT-0019314,0,normal
EVT-0019315,0,normal
EVT-0019316,0,normal
EVT-0019317,0,normal
EVT-0019318,0,normal
EVT-0019319,0,normal
EVT-0019320,0,normal
EVT-0019321,0,normal
EVT-0019322,0,normal
EVT-0019323,0,normal
EVT-0019324,0,normal
EVT-0019325,0,normal
EVT-0019326,0,normal
EVT-0019327,0,normal
EVT-0019328,0,normal
EVT-0019329,1,insider_drift
EVT-0019330,0,normal
EVT-0019331,0,normal
EVT-0019332,0,normal
EVT-0019333,0,normal
EVT-0019334,0,normal
EVT-0019335,0,normal
EVT-0019336,0,normal
EVT-0019337,0,normal
EVT-0019338,0,normal
EVT-0019339,0,normal
EVT-0019340,0,normal
EVT-0019341,0,normal
EVT-0019342,0,normal
EVT-0019343,0,normal
EVT-0019344,0,normal
EVT-0019345,0,normal
EVT-0019346,0,normal
EVT-0019347,0,normal
EVT-0019348,0,normal
EVT-0019349,0,normal
EVT-0019350,0,normal
EVT-0019351,0,normal
EVT-0019352,0,normal
EVT-0019353,0,normal
EVT-0019354,0,normal
EVT-0019355,0,normal
EVT-0019356,0,normal
EVT-0019357,0,normal
EVT-0019358,0,normal
EVT-0019359,0,normal
EVT-0019360,0,normal
EVT-0019361,0,normal
EVT-0019362,0,normal
EVT-0019363,0,normal
EVT-0019364,0,normal
EVT-0019365,0,normal
EVT-0019366,0,normal
EVT-0019367,0,normal
EVT-0019368,0,normal
EVT-0019369,0,normal
EVT-0019370,0,normal
EVT-0019371,0,normal
EVT-0019372,0,normal
EVT-0019373,0,normal
EVT-0019374,0,normal
EVT-0019375,0,normal
EVT-0019376,0,normal
EVT-0019377,0,normal
EVT-0019378,0,normal
EVT-0019379,0,normal
EVT-0019380,0,normal
EVT-0019381,0,normal
EVT-0019382,0,normal
EVT-0019383,0,normal
EVT-0019384,0,normal
EVT-0019385,0,normal
EVT-0019386,0,normal
EVT-0019387,0,normal
EVT-0019388,0,normal
EVT-0019389,0,normal
EVT-0019390,0,normal
EVT-0019391,0,normal
EVT-0019392,0,normal
EVT-0019393,0,normal
EVT-0019394,0,normal
EVT-0019395,0,normal
EVT-0019396,0,normal
EVT-0019397,0,normal
EVT-0019398,0,normal
EVT-0019399,0,normal
EVT-0019400,0,normal
EVT-0019401,0,normal
EVT-0019402,0,normal
EVT-0019403,0,normal
EVT-0019404,0,normal
EVT-0019405,0,normal
EVT-0019406,0,normal
EVT-0019407,0,normal
EVT-0019408,0,normal
EVT-0019409,0,normal
EVT-0019410,0,normal
EVT-0019411,0,normal
EVT-0019412,0,normal
EVT-0019413,0,normal
EVT-0019414,0,normal
EVT-0019415,0,normal
EVT-0019416,0,normal
EVT-0019417,0,normal
EVT-0019418,0,normal
EVT-0019419,0,normal
EVT-0019420,0,normal
EVT-0019421,0,normal
EVT-0019422,0,normal
EVT-0019423,0,normal
EVT-0019424,0,normal
EVT-0019425,0,normal
EVT-0019426,0,normal
EVT-0019427,0,normal
EVT-0019428,0,normal
EVT-0019429,1,insider_drift
EVT-0019430,0,normal
EVT-0019431,0,normal
EVT-0019432,0,normal
EVT-0019433,0,normal
EVT-0019434,0,normal
EVT-0019435,0,normal
EVT-0019436,0,normal
EVT-0019437,0,normal
EVT-0019438,0,normal
EVT-0019439,0,normal
EVT-0019440,0,normal
EVT-0019441,0,normal
EVT-0019442,0,normal
EVT-0019443,0,normal
EVT-0019444,0,normal
EVT-0019445,0,normal
EVT-0019446,0,normal
EVT-0019447,0,normal
EVT-0019448,0,normal
EVT-0019449,0,normal
EVT-0019450,0,normal
EVT-0019451,0,normal
EVT-0019452,0,normal
EVT-0019453,0,normal
EVT-0019454,0,normal
EVT-0019455,0,normal
EVT-0019456,0,normal
EVT-0019457,0,normal
EVT-0019458,0,normal
EVT-0019459,0,normal
EVT-0019460,0,normal
EVT-0019461,0,normal
EVT-0019462,0,normal
EVT-0019463,0,normal
EVT-0019464,0,normal
EVT-0019465,0,normal
EVT-0019466,0,normal
EVT-0019467,0,normal
EVT-0019468,0,normal
EVT-0019469,0,normal
EVT-0019470,0,normal
EVT-0019471,0,normal
EVT-0019472,0,normal
EVT-0019473,0,normal
EVT-0019474,0,normal
EVT-0019475,0,normal
EVT-0019476,0,normal
EVT-0019477,0,normal
EVT-0019478,0,normal
EVT-0019479,0,normal
EVT-0019480,0,normal
EVT-0019481,0,normal
EVT-0019482,0,normal
EVT-0019483,0,normal
EVT-0019484,0,normal
EVT-0019485,0,normal
EVT-0019486,0,normal
EVT-0019487,0,normal
EVT-0019488,0,normal
EVT-0019489,0,normal
EVT-0019490,0,normal
EVT-0019491,0,normal
EVT-0019492,0,normal
EVT-0019493,0,normal
EVT-0019494,0,normal
EVT-0019495,0,normal
EVT-0019496,0,normal
EVT-0019497,0,normal
EVT-0019498,0,normal
EVT-0019499,0,normal
EVT-0019500,0,normal
EVT-0019501,0,normal
EVT-0019502,0,normal
EVT-0019503,0,normal
EVT-0019504,0,normal
EVT-0019505,0,normal
EVT-0019506,0,normal
EVT-0019507,0,normal
EVT-0019508,0,normal
EVT-0019509,0,normal
EVT-0019510,0,normal
EVT-0019511,0,normal
EVT-0019512,0,normal
EVT-0019513,0,normal
EVT-0019514,0,normal
EVT-0019515,0,normal
EVT-0019516,0,normal
EVT-0019517,0,normal
EVT-0019518,0,normal
EVT-0019519,0,normal
EVT-0019520,0,normal
EVT-0019521,0,normal
EVT-0019522,0,normal
EVT-0019523,0,normal
EVT-0019524,0,normal
EVT-0019525,0,normal
EVT-0019526,0,normal
EVT-0019527,0,normal
EVT-0019528,0,normal
EVT-0019529,0,normal
EVT-0019530,0,normal
EVT-0019531,0,normal
EVT-0019532,0,normal
EVT-0019533,0,normal
EVT-0019534,0,normal
EVT-0019535,0,normal
EVT-0019536,0,normal
EVT-0019537,0,normal
EVT-0019538,0,normal
EVT-0019539,0,normal
EVT-0019540,0,normal
EVT-0019541,0,normal
EVT-0019542,0,normal
EVT-0019543,0,normal
EVT-0019544,0,normal
EVT-0019545,0,normal
EVT-0019546,0,normal
EVT-0019547,0,normal
EVT-0019548,0,normal
EVT-0019549,0,normal
EVT-0019550,0,normal
EVT-0019551,0,normal
EVT-0019552,0,normal
EVT-0019553,0,normal
EVT-0019554,0,normal
EVT-0019555,0,normal
EVT-0019556,0,normal
EVT-0019557,0,normal
EVT-0019558,0,normal
EVT-0019559,0,normal
EVT-0019560,0,normal
EVT-0019561,0,normal
EVT-0019562,0,normal
EVT-0019563,0,normal
EVT-0019564,0,normal
EVT-0019565,0,normal
EVT-0019566,0,normal
EVT-0019567,0,normal
EVT-0019568,0,normal
EVT-0019569,0,normal
EVT-0019570,0,normal
EVT-0019571,0,normal
EVT-0019572,0,normal
EVT-0019573,0,normal
EVT-0019574,0,normal
EVT-0019575,0,normal
EVT-0019576,0,normal
EVT-0019577,0,normal
EVT-0019578,0,normal
EVT-0019579,0,normal
EVT-0019580,0,normal
EVT-0019581,0,normal
EVT-0019582,0,normal
EVT-0019583,0,normal
EVT-0019584,0,normal
EVT-0019585,0,normal
EVT-0019586,0,normal
EVT-0019587,0,normal
EVT-0019588,0,normal
EVT-0019589,0,normal
EVT-0019590,0,normal
EVT-0019591,0,normal
EVT-0019592,0,normal
EVT-0019593,0,normal
EVT-0019594,0,normal
EVT-0019595,0,normal
EVT-0019596,0,normal
EVT-0019597,0,normal
EVT-0019598,0,normal
EVT-0019599,0,normal
EVT-0019600,0,normal
EVT-0019601,0,normal
EVT-0019602,0,normal
EVT-0019603,0,normal
EVT-0019604,0,normal
EVT-0019605,0,normal
EVT-0019606,0,normal
EVT-0019607,0,normal
EVT-0019608,0,normal
EVT-0019609,0,normal
EVT-0019610,0,normal
EVT-0019611,0,normal
EVT-0019612,0,normal
EVT-0019613,0,normal
EVT-0019614,0,normal
EVT-0019615,0,normal
EVT-0019616,0,normal
EVT-0019617,0,normal
EVT-0019618,0,normal
EVT-0019619,0,normal
EVT-0019620,0,normal
EVT-0019621,0,normal
EVT-0019622,0,normal
EVT-0019623,0,normal
EVT-0019624,0,normal
EVT-0019625,0,normal
EVT-0019626,0,normal
EVT-0019627,0,normal
EVT-0019628,0,normal
EVT-0019629,0,normal
EVT-0019630,0,normal
EVT-0019631,0,normal
EVT-0019632,0,normal
EVT-0019633,0,normal
EVT-0019634,0,normal
EVT-0019635,0,normal
EVT-0019636,0,normal
EVT-0019637,0,normal
EVT-0019638,0,normal
EVT-0019639,0,normal
EVT-0019640,0,normal
EVT-0019641,0,normal
EVT-0019642,0,normal
EVT-0019643,0,normal
EVT-0019644,0,normal
EVT-0019645,0,normal
EVT-0019646,0,normal
EVT-0019647,0,normal
EVT-0019648,0,normal
EVT-0019649,0,normal
EVT-0019650,0,normal
EVT-0019651,0,normal
EVT-0019652,0,normal
EVT-0019653,0,normal
EVT-0019654,0,normal
EVT-0019655,0,normal
EVT-0019656,0,normal
EVT-0019657,0,normal
EVT-0019658,0,normal
EVT-0019659,0,normal
EVT-0019660,0,normal
EVT-0019661,0,normal
EVT-0019662,0,normal
EVT-0019663,0,normal
EVT-0019664,0,normal
EVT-0019665,0,normal
EVT-0019666,0,normal
EVT-0019667,0,normal
EVT-0019668,0,normal
EVT-0019669,0,normal
EVT-0019670,0,normal
EVT-0019671,1,low_slow_exfiltration
EVT-0019672,0,normal
EVT-0019673,0,normal
EVT-0019674,0,normal
EVT-0019675,0,normal
EVT-0019676,0,normal
EVT-0019677,0,normal
EVT-0019678,0,normal
EVT-0019679,0,normal
EVT-0019680,0,normal
EVT-0019681,0,normal
EVT-0019682,0,normal
EVT-0019683,0,normal
EVT-0019684,0,normal
EVT-0019685,0,normal
EVT-0019686,0,normal
EVT-0019687,0,normal
EVT-0019688,0,normal
EVT-0019689,0,normal
EVT-0019690,0,normal
EVT-0019691,0,normal
EVT-0019692,0,normal
EVT-0019693,0,normal
EVT-0019694,0,normal
EVT-0019695,0,normal
EVT-0019696,0,normal
EVT-0019697,0,normal
EVT-0019698,0,normal
EVT-0019699,0,normal
EVT-0019700,0,normal
EVT-0019701,0,normal
EVT-0019702,0,normal
EVT-0019703,0,normal
EVT-0019704,0,normal
EVT-0019705,0,normal
EVT-0019706,0,normal
EVT-0019707,0,normal
EVT-0019708,0,normal
EVT-0019709,0,normal
EVT-0019710,0,normal
EVT-0019711,0,normal
EVT-0019712,0,normal
EVT-0019713,0,normal
EVT-0019714,0,normal
EVT-0019715,0,normal
EVT-0019716,0,normal
EVT-0019717,0,normal
EVT-0019718,0,normal
EVT-0019719,0,normal
EVT-0019720,0,normal
EVT-0019721,0,normal
EVT-0019722,0,normal
EVT-0019723,0,normal
EVT-0019724,0,normal
EVT-0019725,0,normal
EVT-0019726,0,normal
EVT-0019727,0,normal
EVT-0019728,0,normal
EVT-0019729,0,normal
EVT-0019730,0,normal
EVT-0019731,0,normal
EVT-0019732,0,normal
EVT-0019733,0,normal
EVT-0019734,0,normal
EVT-0019735,0,normal
EVT-0019736,0,normal
EVT-0019737,0,normal
EVT-0019738,0,normal
EVT-0019739,0,normal
EVT-0019740,0,normal
EVT-0019741,0,normal
EVT-0019742,0,normal
EVT-0019743,0,normal
EVT-0019744,0,normal
EVT-0019745,0,normal
EVT-0019746,0,normal
EVT-0019747,0,normal
EVT-0019748,0,normal
EVT-0019749,0,normal
EVT-0019750,0,normal
EVT-0019751,0,normal
EVT-0019752,0,normal
EVT-0019753,0,normal
EVT-0019754,0,normal
EVT-0019755,0,normal
EVT-0019756,0,normal
EVT-0019757,0,normal
EVT-0019758,0,normal
EVT-0019759,0,normal
EVT-0019760,0,normal
EVT-0019761,0,normal
EVT-0019762,0,normal
EVT-0019763,0,normal
EVT-0019764,0,normal
EVT-0019765,0,normal
EVT-0019766,0,normal
EVT-0019767,0,normal
EVT-0019768,0,normal
EVT-0019769,0,normal
EVT-0019770,0,normal
EVT-0019771,0,normal
EVT-0019772,0,normal
EVT-0019773,0,normal
EVT-0019774,0,normal
EVT-0019775,0,normal
EVT-0019776,0,normal
EVT-0019777,0,normal
EVT-0019778,0,normal
EVT-0019779,0,normal
EVT-0019780,0,normal
EVT-0019781,0,normal
EVT-0019782,0,normal
EVT-0019783,0,normal
EVT-0019784,0,normal
EVT-0019785,0,normal
EVT-0019786,0,normal
EVT-0019787,0,normal
EVT-0019788,0,normal
EVT-0019789,0,normal
EVT-0019790,0,normal
EVT-0019791,0,normal
EVT-0019792,0,normal
EVT-0019793,0,normal
EVT-0019794,0,normal
EVT-0019795,0,normal
EVT-0019796,0,normal
EVT-0019797,0,normal
EVT-0019798,0,normal
EVT-0019799,0,normal
EVT-0019800,0,normal
EVT-0019801,0,normal
EVT-0019802,0,normal
EVT-0019803,0,normal
EVT-0019804,0,normal
EVT-0019805,0,normal
EVT-0019806,0,normal
EVT-0019807,0,normal
EVT-0019808,0,normal
EVT-0019809,0,normal
EVT-0019810,0,normal
EVT-0019811,0,normal
EVT-0019812,0,normal
EVT-0019813,0,normal
EVT-0019814,0,normal
EVT-0019815,0,normal
EVT-0019816,0,normal
EVT-0019817,0,normal
EVT-0019818,0,normal
EVT-0019819,0,normal
EVT-0019820,0,normal
EVT-0019821,0,normal
EVT-0019822,0,normal
EVT-0019823,0,normal
EVT-0019824,0,normal
EVT-0019825,0,normal
EVT-0019826,0,normal
EVT-0019827,0,normal
EVT-0019828,0,normal
EVT-0019829,0,normal
EVT-0019830,0,normal
EVT-0019831,0,normal
EVT-0019832,0,normal
EVT-0019833,0,normal
EVT-0019834,0,normal
EVT-0019835,0,normal
EVT-0019836,0,normal
EVT-0019837,0,normal
EVT-0019838,0,normal
EVT-0019839,0,normal
EVT-0019840,0,normal
EVT-0019841,0,normal
EVT-0019842,0,normal
EVT-0019843,0,normal
EVT-0019844,1,device_spoofing
EVT-0019845,0,normal
EVT-0019846,0,normal
EVT-0019847,0,normal
EVT-0019848,0,normal
EVT-0019849,0,normal
EVT-0019850,0,normal
EVT-0019851,0,normal
EVT-0019852,0,normal
EVT-0019853,0,normal
EVT-0019854,0,normal
EVT-0019855,0,normal
EVT-0019856,0,normal
EVT-0019857,0,normal
EVT-0019858,0,normal
EVT-0019859,0,normal
EVT-0019860,0,normal
EVT-0019861,0,normal
EVT-0019862,0,normal
EVT-0019863,0,normal
EVT-0019864,0,normal
EVT-0019865,0,normal
EVT-0019866,0,normal
EVT-0019867,0,normal
EVT-0019868,0,normal
EVT-0019869,0,normal
EVT-0019870,0,normal
EVT-0019871,0,normal
EVT-0019872,0,normal
EVT-0019873,0,normal
EVT-0019874,0,normal
EVT-0019875,1,impossible_travel
EVT-0019876,0,normal
EVT-0019877,0,normal
EVT-0019878,0,normal
EVT-0019879,0,normal
EVT-0019880,0,normal
EVT-0019881,0,normal
EVT-0019882,0,normal
EVT-0019883,0,normal
EVT-0019884,0,normal
EVT-0019885,0,normal
EVT-0019886,0,normal
EVT-0019887,0,normal
EVT-0019888,0,normal
EVT-0019889,0,normal
EVT-0019890,0,normal
EVT-0019891,0,normal
EVT-0019892,0,normal
EVT-0019893,0,normal
EVT-0019894,0,normal
EVT-0019895,0,normal
EVT-0019896,0,normal
EVT-0019897,0,normal
EVT-0019898,0,normal
EVT-0019899,0,normal
EVT-0019900,0,normal
EVT-0019901,0,normal
EVT-0019902,0,normal
EVT-0019903,0,normal
EVT-0019904,0,normal
EVT-0019905,0,normal
EVT-0019906,0,normal
EVT-0019907,0,normal
EVT-0019908,0,normal
EVT-0019909,0,normal
EVT-0019910,0,normal
EVT-0019911,0,normal
EVT-0019912,0,normal
EVT-0019913,0,normal
EVT-0019914,0,normal
EVT-0019915,0,normal
EVT-0019916,0,normal
EVT-0019917,0,normal
EVT-0019918,0,normal
EVT-0019919,0,normal
EVT-0019920,0,normal
EVT-0019921,0,normal
EVT-0019922,0,normal
EVT-0019923,0,normal
EVT-0019924,0,normal
EVT-0019925,0,normal
EVT-0019926,0,normal
EVT-0019927,0,normal
EVT-0019928,0,normal
EVT-0019929,0,normal
EVT-0019930,0,normal
EVT-0019931,0,normal
EVT-0019932,0,normal
EVT-0019933,0,normal
EVT-0019934,0,normal
EVT-0019935,0,normal
EVT-0019936,0,normal
EVT-0019937,0,normal
EVT-0019938,0,normal
EVT-0019939,0,normal
EVT-0019940,0,normal
EVT-0019941,0,normal
EVT-0019942,0,normal
EVT-0019943,0,normal
EVT-0019944,0,normal
EVT-0019945,0,normal
EVT-0019946,0,normal
EVT-0019947,0,normal
EVT-0019948,0,normal
EVT-0019949,0,normal
EVT-0019950,0,normal
EVT-0019951,1,impossible_travel
EVT-0019952,0,normal
EVT-0019953,0,normal
EVT-0019954,0,normal
EVT-0019955,0,normal
EVT-0019956,0,normal
EVT-0019957,0,normal
EVT-0019958,0,normal
EVT-0019959,0,normal
EVT-0019960,0,normal
EVT-0019961,0,normal
EVT-0019962,0,normal
EVT-0019963,0,normal
EVT-0019964,0,normal
EVT-0019965,0,normal
EVT-0019966,0,normal
EVT-0019967,0,normal
EVT-0019968,0,normal
EVT-0019969,0,normal
EVT-0019970,0,normal
EVT-0019971,0,normal
EVT-0019972,0,normal
EVT-0019973,0,normal
EVT-0019974,0,normal
EVT-0019975,0,normal
EVT-0019976,0,normal
EVT-0019977,0,normal
EVT-0019978,0,normal
EVT-0019979,0,normal
EVT-0019980,0,normal
EVT-0019981,0,normal
EVT-0019982,0,normal
EVT-0019983,0,normal
EVT-0019984,0,normal
EVT-0019985,0,normal
EVT-0019986,0,normal
EVT-0019987,0,normal
EVT-0019988,0,normal
EVT-0019989,0,normal
EVT-0019990,0,normal
EVT-0019991,0,normal
EVT-0019992,0,normal
EVT-0019993,0,normal
EVT-0019994,0,normal
EVT-0019995,0,normal
EVT-0019996,0,normal
EVT-0019997,0,normal
EVT-0019998,0,normal
EVT-0019999,0,normal
EVT-0020000,0,normal
EVT-0020001,0,normal
EVT-0020002,0,normal
EVT-0020003,0,normal
EVT-0020004,0,normal
EVT-0020005,0,normal
EVT-0020006,0,normal
EVT-0020007,0,normal
EVT-0020008,1,lateral_movement
EVT-0020009,1,lateral_movement
EVT-0020010,0,normal
EVT-0020011,1,lateral_movement
EVT-0020012,0,normal
EVT-0020013,0,normal
EVT-0020014,0,normal
EVT-0020015,0,normal
EVT-0020016,0,normal
EVT-0020017,0,normal
EVT-0020018,0,normal
EVT-0020019,0,normal
EVT-0020020,0,normal
EVT-0020021,0,normal
EVT-0020022,0,normal
EVT-0020023,0,normal
EVT-0020024,0,normal
EVT-0020025,0,normal
EVT-0020026,0,normal
EVT-0020027,0,normal
EVT-0020028,0,normal
EVT-0020029,0,normal
EVT-0020030,0,normal
EVT-0020031,0,normal
EVT-0020032,0,normal
EVT-0020033,0,normal
EVT-0020034,1,impossible_travel
EVT-0020035,0,normal
EVT-0020036,1,insider_drift
EVT-0020037,1,insider_drift
EVT-0020038,1,insider_drift
EVT-0020039,1,insider_drift
EVT-0020040,1,insider_drift
EVT-0020041,1,insider_drift
EVT-0020042,1,insider_drift
